TIME,30.0463,30.3998,30.7617,31.1323,31.512,31.901,32.2998,32.7087,33.128,33.5582,33.9998,34.4531,34.9187,35.397,35.8887,36.3941,36.9141,37.449,37.9998,38.5669,39.1513,39.7536,40.3748,41.0156,41.6772,42.3604,43.0664,43.7963,44.5515,45.3331,46.1426,46.9815,47.8516,48.7544,49.692,50.6664,51.6797,52.7344,53.833,54.9784,56.1736,57.4219,58.7269,60.0927,61.5234,63.024,64.5996,66.256,67.9996,69.8374,71.7773,73.8281,75.9995,78.3026,80.7495,83.3543,86.1328,89.1029,92.2852,95.7031,99.384,103.359,107.666,112.347,117.454,123.047,129.199,135.999,143.555,151.999,161.499,172.266,184.57,198.768,215.332,234.908,258.398,287.109,322.998,369.141,430.664
0.000000000,0.0016168,0.00513909,0.00841958,0.00357902,0.00415843,0.0170532,0.0232645,0.0106605,0.0047335,0.00385718,0.00220722,0.00984413,0.00686681,0.00305793,0.010869,0.0113643,0.0108256,0.0152565,0.0107751,0.00405529,0.0014202,0.00585488,0.0050432,0.00203439,0.00411118,0.0165315,0.0323665,0.0112941,0.00203791,0.000713642,0.000971143,0.00207506,0.00187079,0.00179048,0.00362752,0.00888212,0.0116715,0.0186789,0.0182339,0.0052655,0.0021482,0.00458416,0.00477315,0.00182906,0.00467536,0.0217769,0.0322287,0.0168876,0.00352535,0.00134336,0.00222207,0.00890578,0.0011781,0.000470008,0.00333496,0.0118112,0.0152128,0.020086,0.0175782,0.00328537,0.000596671,0.00140028,0.00104979,0.000759457,0.00258255,0.0214032,0.0389038,0.0337328,0.00606916,0.000775022,0.0010167,0.00212437,0.00256769,0.00133345,0.0057344,0.0110911,0.0127363,0.0101285,0.00244815,0.000353337,0.000753377
1.486077098,0.00212007,0.00513909,0.00841958,0.00357902,0.0152991,0.0667656,0.0747534,0.0177695,0.00473605,0.00436925,0.00340176,0.0107699,0.00702056,0.00307773,0.010869,0.0113715,0.010831,0.0157998,0.0130393,0.00609181,0.00186897,0.025946,0.034958,0.00768707,0.0041124,0.0165768,0.0324976,0.0113902,0.00203791,0.0119412,0.0429823,0.028496,0.00750203,0.0111393,0.0104745,0.00975908,0.0116745,0.0186836,0.0182339,0.0052655,0.0021482,0.00499205,0.00686606,0.00473677,0.00572908,0.0223461,0.0525746,0.033134,0.00672125,0.00712414,0.00738713,0.00960935,0.00120607,0.000470651,0.00335485,0.0118829,0.0152499,0.0201024,0.0183029,0.00389992,0.000697525,0.00140028,0.00104979,0.000759457,0.00258255,0.0214032,0.0389038,0.0337404,0.00819767,0.0167469,0.0318728,0.00737801,0.00341884,0.00447443,0.00806259,0.0117095,0.0128496,0.0103907,0.00258138,0.000353337,0.000753377
2.972154195,0.00674679,0.0110415,0.0111873,0.0130094,0.0385052,0.0793596,0.0748095,0.0177695,0.0047471,0.00437724,0.00340276,0.010773,0.00702849,0.00308059,0.0110768,0.011672,0.0109395,0.0157998,0.0157893,0.0134637,0.00733719,0.0368092,0.0658941,0.032885,0.00742765,0.0165847,0.0325032,0.0113902,0.0220952,0.0431087,0.055085,0.028496,0.00750203,0.0111393,0.0107796,0.0105856,0.0122339,0.0198058,0.021676,0.00787927,0.0021482,0.00507769,0.00693399,0.00473677,0.00572908,0.0223666,0.0742752,0.0789788,0.033293,0.0104185,0.00738713,0.0113542,0.00385097,0.00147076,0.00335485,0.0118829,0.0152499,0.023711,0.0278276,0.0102773,0.0140963,0.0412096,0.0328192,0.00591399,0.00511196,0.0214032,0.0389038,0.0337404,0.00819767,0.0186325,0.0357896,0.00958593,0.0036806,0.00463601,0.0081855,0.0117198,0.0128638,0.0103907,0.00258138,0.000353337,0.000753377
4.458231293,0.00775795,0.0134128,0.0129179,0.0135998,0.0387526,0.0793703,0.0748095,0.0178482,0.0050191,0.00494456,0.0048783,0.0117414,0.00702849,0.00308086,0.0111034,0.0116785,0.0111418,0.0163808,0.016126,0.0141618,0.00830504,0.0378652,0.0666163,0.0328986,0.00752367,0.0166567,0.0325119,0.0113969,0.0224531,0.043816,0.0570892,0.0311578,0.00847117,0.0111393,0.0107796,0.0105858,0.0122947,0.0204247,0.0234783,0.00983455,0.0030363,0.00515856,0.00703544,0.00480113,0.0057337,0.0223728,0.0742783,0.0789831,0.0342875,0.0123961,0.00830578,0.0113799,0.00385695,0.00147076,0.00335485,0.0121059,0.0162759,0.0249358,0.0282065,0.0103256,0.0141421,0.0412096,0.0328192,0.00591399,0.00511196,0.0214032,0.0410586,0.050612,0.0314245,0.0275447,0.0358017,0.00958803,0.00368639,0.00463791,0.00818603,0.0117252,0.0128676,0.0104299,0.00271859,0.000464183,0.000776616
5.944308390,0.00775889,0.0134128,0.012937,0.0137952,0.0395408,0.0815577,0.0752343,0.0182928,0.00617443,0.00597057,0.00501485,0.0117418,0.00707091,0.00317497,0.0113218,0.0120633,0.0117985,0.0179566,0.0167288,0.0142148,0.00830638,0.0378652,0.0666372,0.033013,0.00816886,0.0176272,0.0326993,0.011763,0.0226314,0.0441636,0.0571933,0.0312298,0.00852601,0.0111793,0.0110785,0.0107662,0.0128843,0.0212479,0.0241023,0.0100233,0.00304798,0.00515856,0.00703547,0.004861,0.00578399,0.0229975,0.0757443,0.0802178,0.0348437,0.0124926,0.00831306,0.0113814,0.00398491,0.00161201,0.00389842,0.0124467,0.0166458,0.0253248,0.0282587,0.010363,0.0141421,0.04121,0.0328227,0.00624475,0.00540675,0.0215238,0.041156,0.0507123,0.032241,0.0305437,0.0403001,0.0102778,0.00384822,0.00469471,0.00820118,0.0117666,0.0131673,0.0118791,0.00275642,0.000480604,0.000784002
7.430385488,0.00778021,0.0135781,0.0131758,0.0139328,0.0399511,0.0827261,0.0757256,0.0183136,0.00617842,0.00597057,0.00504903,0.0121073,0.00807585,0.00393437,0.0124438,0.0126177,0.0120813,0.0179578,0.0167385,0.0143544,0.00923526,0.0407854,0.0684054,0.0334413,0.00838565,0.0179131,0.0333029,0.0118606,0.022632,0.0441636,0.0571933,0.0312497,0.00889202,0.0130682,0.0124996,0.0113498,0.013263,0.0212843,0.0241041,0.0100454,0.00306274,0.00516253,0.00712072,0.00543338,0.00650903,0.0238386,0.0761607,0.0803146,0.0348738,0.0124971,0.00831483,0.0114157,0.00424309,0.00221612,0.004397,0.0131194,0.0171924,0.0258179,0.0283354,0.0103703,0.0141691,0.0414415,0.0343146,0.00779347,0.00624525,0.0217086,0.0414701,0.0508923,0.0322518,0.0305531,0.0403208,0.0102891,0.00390128,0.00497743,0.00834402,0.0118921,0.0134713,0.0121872,0.00365672,0.00221769,0.00104457
8.916462585,0.00779208,0.0135879,0.0131833,0.0140334,0.040473,0.0852838,0.0794027,0.0199855,0.00618727,0.00597173,0.00510592,0.0121073,0.00807585,0.00395202,0.0130835,0.0139831,0.0157672,0.0208161,0.0170725,0.014397,0.00933994,0.0409355,0.0684074,0.0334533,0.00869255,0.0194149,0.0383257,0.0168461,0.0227136,0.0442248,0.0571933,0.0312497,0.00889256,0.0131807,0.0133689,0.0133831,0.0145246,0.0234021,0.024543,0.010122,0.00307037,0.00516253,0.00712072,0.00543706,0.00656947,0.0247795,0.0779214,0.0813067,0.0350413,0.0125126,0.00831483,0.0114157,0.00424752,0.00222626,0.0045282,0.0137864,0.0188851,0.0275377,0.0284142,0.0103787,0.0141691,0.0414415,0.0343146,0.00782311,0.00646301,0.022534,0.0422901,0.0514341,0.0322702,0.030555,0.0403208,0.0102927,0.0039477,0.00526322,0.00915658,0.0124405,0.0142414,0.0133038,0.00402177,0.00224002,0.00105177
10.402539683,0.00870184,0.0144183,0.0132896,0.0140334,0.0556286,0.127881,0.0857319,0.0202937,0.00620891,0.00597173,0.00554955,0.0148479,0.00849097,0.00401165,0.0247564,0.0296372,0.0233786,0.0213516,0.0171837,0.0144091,0.00969852,0.0411569,0.0684074,0.0334533,0.0120874,0.0287224,0.0470856,0.017757,0.0227139,0.0442248,0.0575625,0.032859,0.00910932,0.0131807,0.0168432,0.0336547,0.025847,0.025212,0.0246222,0.010122,0.00412542,0.0113879,0.00777587,0.00543706,0.00737237,0.030283,0.0877534,0.0839569,0.0352429,0.0125126,0.00879458,0.0128743,0.00498221,0.00226456,0.00454948,0.0177256,0.0306846,0.0302663,0.0288341,0.0103787,0.0141766,0.0414534,0.0343154,0.00782311,0.00657609,0.0329931,0.056174,0.0528648,0.0323516,0.030555,0.0405842,0.0106041,0.0041975,0.00526322,0.00919501,0.0188353,0.0324089,0.0150636,0.0040241,0.00224002,0.00197489
11.888616780,0.0108481,0.0146729,0.0132896,0.0140574,0.0557045,0.139149,0.0960191,0.0227471,0.00620891,0.00608869,0.00556784,0.0148479,0.00849097,0.00485899,0.0372941,0.0442374,0.0278002,0.0213839,0.0171837,0.0185465,0.0109144,0.0412458,0.0684074,0.0334533,0.0136883,0.0537936,0.0688317,0.0211486,0.0227139,0.0442248,0.0576126,0.0328668,0.00910932,0.0141832,0.0271528,0.0412987,0.02845,0.025257,0.0246222,0.0150173,0.00722067,0.0117522,0.00777587,0.00565292,0.00908277,0.0515132,0.107714,0.0885602,0.0352603,0.0135667,0.0147828,0.0137848,0.00498221,0.00268148,0.0122179,0.0303581,0.0540904,0.0340732,0.0288341,0.0124146,0.015747,0.0433853,0.0361654,0.00783822,0.0078215,0.0505904,0.0741001,0.0589196,0.032735,0.0305581,0.040808,0.0119107,0.00446372,0.00540182,0.0124816,0.0229867,0.0406143,0.0294681,0.00481281,0.00295177,0.00555612
13.374693878,0.0106375,0.0135537,0.0132476,0.0140574,0.057602,0.15529,0.131716,0.0322495,0.0071213,0.00608869,0.00556784,0.0148479,0.00849097,0.00465092,0.0356198,0.0502886,0.0352997,0.0277977,0.018616,0.0185465,0.0109144,0.0412458,0.0684074,0.0334533,0.0146471,0.066115,0.102711,0.0300701,0.0227475,0.0442248,0.0576126,0.0328668,0.00910932,0.0140566,0.0259206,0.0560048,0.0403969,0.0316076,0.0257468,0.0150173,0.00722067,0.0117522,0.00777587,0.00565292,0.00879081,0.0637638,0.142659,0.101624,0.0352587,0.0135667,0.0147828,0.0137848,0.00498221,0.00265742,0.0113944,0.0471301,0.0603509,0.0364308,0.0288228,0.0124131,0.015747,0.0433853,0.0361654,0.00783822,0.00770012,0.061263,0.108801,0.0687882,0.0327198,0.0305581,0.040808,0.0119107,0.00446372,0.00540182,0.0122547,0.0465747,0.0562773,0.0316328,0.00481281,0.00295177,0.00555612
14.860770975,0.0106375,0.0135537,0.0132466,0.0146939,0.0623134,0.161663,0.132104,0.0357705,0.00911162,0.00655947,0.00563179,0.0149084,0.00873497,0.00561846,0.0371765,0.0505494,0.0351486,0.028179,0.0193276,0.0185837,0.0107756,0.040789,0.0681743,0.033589,0.0193785,0.0762241,0.102113,0.0284135,0.0222181,0.0442248,0.0576611,0.0329871,0.00910932,0.0143395,0.0272001,0.0571811,0.0415249,0.0320058,0.0263992,0.0151538,0.00724641,0.0113581,0.00742704,0.00565292,0.0110368,0.0752684,0.149064,0.100907,0.036265,0.0135808,0.0148019,0.0139013,0.00501674,0.00305064,0.0130032,0.0509263,0.0623164,0.0378151,0.0293171,0.0124131,0.0156889,0.0427766,0.0361695,0.00787186,0.00890841,0.0742805,0.129607,0.0746948,0.0343346,0.0307887,0.040808,0.0119107,0.00446372,0.00568648,0.0141358,0.051767,0.0587216,0.0351858,0.0062139,0.00297876,0.00555612
16.346848073,0.010042,0.0138338,0.0132785,0.0157337,0.0633787,0.159698,0.133853,0.0405007,0.0162939,0.00962643,0.00597637,0.0147718,0.00874279,0.00575157,0.035334,0.0495805,0.0354652,0.0284417,0.0193848,0.0187182,0.0109341,0.0409045,0.0681771,0.0336806,0.0184991,0.0725098,0.0967995,0.0296836,0.0244589,0.0464995,0.0593712,0.0323372,0.00912357,0.0148205,0.0270272,0.054393,0.039295,0.0320793,0.0263483,0.0154159,0.00744797,0.0114045,0.00773125,0.00590771,0.0112999,0.0707167,0.146387,0.102692,0.0371733,0.0138532,0.0144726,0.012804,0.00490904,0.00305319,0.0130867,0.0504986,0.0626412,0.0383159,0.0295844,0.0126046,0.0157579,0.0427886,0.0360057,0.00795473,0.00849689,0.0707821,0.122326,0.0676489,0.0359374,0.0319552,0.0411507,0.0113056,0.00349549,0.00596866,0.0143039,0.0515441,0.0573309,0.0350076,0.00627708,0.00304318,0.00548256
17.832925170,0.0117157,0.01607,0.0205019,0.0261284,0.069858,0.162735,0.128989,0.03749,0.0172332,0.00973249,0.00630535,0.0149479,0.00965997,0.00656917,0.033221,0.0482122,0.0317017,0.0233588,0.0193848,0.0187167,0.0115118,0.0434898,0.0761958,0.0395064,0.0245459,0.0912883,0.0994233,0.0307561,0.0244352,0.0465963,0.0601099,0.03293,0.00992143,0.0148323,0.0267369,0.0535878,0.0384808,0.0331249,0.0277296,0.0154186,0.0081992,0.0170484,0.0148966,0.0152746,0.0161306,0.0683373,0.146154,0.112824,0.0500454,0.0147812,0.0144802,0.0129944,0.0055879,0.00386374,0.0132076,0.0479154,0.060355,0.0379812,0.0299997,0.0133106,0.0162325,0.0428217,0.038629,0.0305202,0.030227,0.0757024,0.121373,0.0672494,0.0366646,0.0352686,0.0442853,0.0114466,0.00349837,0.006769,0.0160858,0.0524879,0.0576082,0.0347224,0.00626602,0.00355262,0.00581756
19.319002268,0.0116454,0.0158613,0.0211035,0.025975,0.0689932,0.182891,0.143036,0.038862,0.0140501,0.006172,0.00485638,0.0147934,0.00933783,0.00488025,0.0326627,0.0479174,0.0284937,0.0166706,0.0160893,0.0186136,0.0115118,0.0433618,0.0769824,0.0396101,0.0240939,0.098802,0.0980377,0.0287243,0.0240001,0.0464731,0.0600036,0.0326527,0.00973746,0.0139534,0.0267017,0.0534702,0.0353379,0.0262676,0.0226671,0.0152013,0.00746225,0.0166583,0.0151473,0.0153048,0.0146509,0.0723615,0.143473,0.10754,0.0500454,0.014756,0.0143538,0.0126445,0.00525558,0.00373399,0.0127012,0.0471757,0.0562152,0.0304327,0.0241064,0.0133514,0.0158541,0.0427584,0.0390735,0.0306242,0.0294437,0.0729721,0.122722,0.0624528,0.0366867,0.0367573,0.0443476,0.0110829,0.00328731,0.006769,0.0113733,0.046538,0.0532187,0.0282063,0.00420806,0.00346656,0.00530383
20.805079365,0.0118412,0.0158833,0.0210895,0.0259193,0.0693872,0.186437,0.153009,0.0415466,0.0139175,0.00678916,0.00929147,0.0203803,0.00928333,0.00463757,0.0324004,0.0484218,0.0315987,0.0154554,0.0124252,0.0160377,0.0114837,0.0433495,0.0768897,0.0393258,0.0246108,0.105309,0.115682,0.0357631,0.0237527,0.0460764,0.0597282,0.0326106,0.00965592,0.01356,0.0255215,0.0547591,0.0417549,0.0260177,0.0200535,0.0128366,0.00689249,0.0166483,0.0149413,0.0146599,0.013956,0.0770589,0.162899,0.114694,0.0496272,0.0147424,0.0143385,0.0126312,0.00523549,0.00370459,0.0122348,0.0503074,0.0609152,0.0266981,0.0200572,0.0120976,0.015819,0.0424396,0.0390735,0.030599,0.0293075,0.0784554,0.141865,0.0683829,0.0358121,0.0363119,0.0435017,0.0103364,0.00285167,0.00604985,0.0110507,0.0466717,0.0535478,0.0282056,0.00394378,0.00327962,0.00523391
22.291156463,0.0118412,0.0158262,0.0209621,0.029333,0.0817334,0.214518,0.162439,0.0421753,0.0137997,0.00678752,0.00918192,0.0194751,0.00832003,0.0064344,0.038913,0.0544408,0.0311535,0.0156562,0.0123713,0.0159528,0.0113302,0.0432532,0.0767825,0.0406768,0.0385701,0.11737,0.116156,0.0358956,0.0237295,0.0467314,0.0639852,0.0391075,0.00978881,0.0165976,0.0293842,0.0566849,0.0417202,0.0260024,0.0197338,0.0126778,0.00804005,0.0202402,0.0145759,0.0145365,0.01707,0.0899818,0.173175,0.115625,0.0496063,0.0157153,0.0189994,0.0163141,0.00491248,0.00433879,0.01663,0.0535668,0.0666877,0.0276846,0.0201273,0.0120395,0.0157833,0.0423265,0.0384045,0.0300966,0.0302504,0.0879813,0.157028,0.0750016,0.0358062,0.0364651,0.0454724,0.0155077,0.00327304,0.0055163,0.0108278,0.049682,0.0648295,0.0322545,0.00393865,0.00327782,0.0052269
23.777233560,0.0301586,0.0172048,0.0130332,0.0266997,0.0810354,0.224465,0.204175,0.0524724,0.0132979,0.00677978,0.0120074,0.0117842,0.00307075,0.00648487,0.0384051,0.0530415,0.0363177,0.0289741,0.00978978,0.0146654,0.0220856,0.0467528,0.0737001,0.0392658,0.0374026,0.122023,0.158477,0.0568137,0.0236228,0.0466387,0.0639848,0.0387646,0.00829215,0.0163228,0.0303146,0.0569423,0.046234,0.0272033,0.0146863,0.0139502,0.0114048,0.0178623,0.01082,0.0142924,0.0167792,0.0919901,0.203938,0.138758,0.0477304,0.0144765,0.0173419,0.00919385,0.00460849,0.00455963,0.0162862,0.0537797,0.0695914,0.0256917,0.0127903,0.0106258,0.0208285,0.0436138,0.0383704,0.0300262,0.0301263,0.0914745,0.167377,0.0753605,0.0365753,0.0395303,0.0468795,0.0155405,0.00339048,0.00557039,0.0112346,0.0500356,0.0645339,0.0344194,0.00428322,0.00326146,0.00602989
25.263310658,0.0297262,0.017208,0.0130332,0.0271884,0.0772377,0.189664,0.155751,0.0478572,0.0181751,0.00658742,0.0108707,0.0111864,0.00297641,0.00681357,0.0413788,0.0551795,0.0382619,0.0284316,0.00870687,0.0126289,0.0216368,0.0266616,0.0437853,0.0336164,0.0564083,0.177866,0.192737,0.0570364,0.0310204,0.0363346,0.0219736,0.0123437,0.00266091,0.00730497,0.0257978,0.0638712,0.0565871,0.0275659,0.0147545,0.0139502,0.0114048,0.0174544,0.00872714,0.0113847,0.0213487,0.166417,0.285823,0.128224,0.0515477,0.00996624,0.0121769,0.00849027,0.00458051,0.00455898,0.0162663,0.0574194,0.0858373,0.0261805,0.0120657,0.0100113,0.0207276,0.0436138,0.0383704,0.0300262,0.033166,0.174928,0.350124,0.0929246,0.0344468,0.0235584,0.0160233,0.0102869,0.00253934,0.00242941,0.00890637,0.0549988,0.0870805,0.0342508,0.00415,0.00326146,0.00602989
26.749387755,0.025132,0.0113229,0.0102685,0.0178185,0.0568015,0.180505,0.156752,0.0485204,0.0184007,0.00662429,0.0108998,0.0113339,0.00338325,0.0074347,0.0453479,0.0590252,0.039638,0.0290039,0.0069248,0.00618595,0.0164289,0.0158226,0.0132804,0.00852042,0.0532544,0.17811,0.193002,0.0571741,0.0110531,0.00538134,0.0101066,0.0126526,0.00329545,0.00754933,0.0258518,0.0639988,0.057089,0.0267499,0.0113325,0.0113759,0.0114343,0.0173877,0.00866314,0.011389,0.024473,0.177072,0.271855,0.0832681,0.0250443,0.00673519,0.0122322,0.00678379,0.00195467,0.00376555,0.018061,0.059835,0.0866636,0.0228157,0.00266732,0.00385762,0.00746464,0.00385791,0.00708914,0.0260431,0.0316296,0.176574,0.351179,0.0931711,0.0385171,0.0252795,0.0121682,0.00815538,0.00254726,0.00229606,0.00884294,0.0556029,0.0893239,0.036063,0.00449982,0.0033485,0.00603021
28.235464853,0.024172,0.00900489,0.00860187,0.0172654,0.05669,0.181083,0.158889,0.0488182,0.0181335,0.0060715,0.0094597,0.0104125,0.00348218,0.00754457,0.0453608,0.0600622,0.0413962,0.0297246,0.00702032,0.00559091,0.0156393,0.014853,0.0126118,0.00855655,0.0533501,0.178505,0.193505,0.0578237,0.0107476,0.00470789,0.00812885,0.0100087,0.00262313,0.00789972,0.0261121,0.064249,0.0573544,0.0293661,0.0102788,0.00946143,0.0105931,0.0174172,0.00865102,0.0114132,0.0257134,0.178659,0.27286,0.0840535,0.0242921,0.00484157,0.011364,0.00676739,0.00196015,0.00377575,0.018298,0.0602721,0.0859227,0.0219281,0.00250082,0.00391794,0.00749314,0.00394711,0.00721902,0.0261446,0.032027,0.17724,0.349492,0.0764744,0.015419,0.016538,0.0122564,0.00820294,0.00264797,0.00238992,0.00894691,0.0558865,0.0898746,0.0364639,0.00466541,0.00353881,0.00602089
29.721541950,0.0304567,0.0140925,0.00858971,0.0170839,0.0559164,0.178898,0.158464,0.052495,0.0233971,0.00909848,0.00932315,0.0104121,0.00344076,0.00745267,0.045145,0.0596922,0.0452572,0.0605364,0.029423,0.010143,0.0156419,0.0148619,0.0126015,0.00844595,0.0527052,0.177718,0.193407,0.0615223,0.0129204,0.00436033,0.00802473,0.00993664,0.0025694,0.00788642,0.0259727,0.0647792,0.0597642,0.0348775,0.0123346,0.00927335,0.0105814,0.0174172,0.0086528,0.0114207,0.0258196,0.17831,0.271455,0.0828549,0.0238089,0.00475012,0.0113567,0.00676692,0.00190059,0.00410151,0.0181895,0.0603201,0.085915,0.0217125,0.0024653,0.00391426,0.00749308,0.00394672,0.00721943,0.0258809,0.0317943,0.177464,0.351775,0.077537,0.0146151,0.0135441,0.00775799,0.00751386,0.00252477,0.0024073,0.00895821,0.0561056,0.0928957,0.0354366,0.0046313,0.00352819,0.00601461
31.207619048,0.0304358,0.0141084,0.00856701,0.0171166,0.0559121,0.178371,0.15856,0.0529695,0.0237617,0.00923226,0.00930077,0.0100466,0.00293395,0.00834044,0.0455022,0.0599293,0.0457321,0.0606379,0.0295532,0.0102398,0.0147475,0.0122193,0.0113294,0.00856869,0.0532484,0.177998,0.192986,0.0614247,0.0129314,0.00437164,0.00835038,0.0126018,0.00571236,0.00655758,0.0256844,0.0657852,0.0596071,0.0350572,0.0124106,0.00953269,0.0108,0.0174133,0.00856754,0.0108483,0.0250946,0.177469,0.271039,0.0827581,0.0493871,0.0941011,0.088668,0.00725705,0.00165192,0.00481874,0.0189849,0.0598373,0.0854783,0.0212723,0.00265312,0.00404216,0.00746616,0.0037152,0.00572756,0.0243322,0.0309558,0.177279,0.389774,0.226032,0.19936,0.0860514,0.00773726,0.00750253,0.00247171,0.00212904,0.00881536,0.0559813,0.0925972,0.0351296,0.0037342,0.00179183,0.00575496
32.693696145,0.0315884,0.0145587,0.0085644,0.0170268,0.055468,0.175847,0.154891,0.0513003,0.0237534,0.00938116,0.00944436,0.0101127,0.00293613,0.00832929,0.0448816,0.0585902,0.0420588,0.0577824,0.0292195,0.0103942,0.0147611,0.0120704,0.0113351,0.00860498,0.0530432,0.176827,0.18829,0.0565301,0.0128506,0.00431134,0.00837704,0.0126175,0.00572086,0.00701051,0.0252034,0.0637922,0.058359,0.0329448,0.0119721,0.00952948,0.0110279,0.017941,0.00923377,0.0113016,0.0251622,0.176535,0.269294,0.0817747,0.0492293,0.094557,0.0893863,0.007677,0.00196845,0.00498379,0.0188802,0.0592045,0.0838116,0.0195601,0.00257834,0.00403487,0.00746754,0.00371748,0.0057303,0.0243044,0.0307477,0.176462,0.388957,0.225496,0.199345,0.0860544,0.0077433,0.00893438,0.0032756,0.00184396,0.00800388,0.0554351,0.091832,0.0340205,0.00337704,0.00177441,0.0057497
34.179773243,0.030728,0.0137655,0.00847907,0.0170298,0.0404465,0.1337,0.148702,0.0510896,0.0237689,0.0094297,0.00908205,0.00741072,0.00253029,0.00828058,0.0332893,0.0432037,0.0346241,0.0575198,0.0292553,0.0104366,0.0144592,0.011881,0.0113406,0.0086153,0.0496916,0.167687,0.179704,0.0557432,0.0129394,0.0043405,0.00801891,0.0110243,0.00552337,0.00701331,0.0217442,0.043601,0.0471342,0.0311628,0.0118947,0.00953351,0.00997935,0.01172,0.00860342,0.0113097,0.0243649,0.171046,0.259491,0.0791487,0.0490337,0.094563,0.0889199,0.00622481,0.0012403,0.00495086,0.0188667,0.0553033,0.0720761,0.0169018,0.0021848,0.00403618,0.00746366,0.0037096,0.00573267,0.0243079,0.0306416,0.166043,0.375132,0.224107,0.199282,0.0860586,0.00748176,0.00862346,0.0030275,0.00184399,0.00796972,0.0491099,0.0737843,0.0322895,0.0033765,0.00177771,0.00483376
35.665850340,0.0287887,0.0137785,0.00856656,0.0171602,0.041111,0.124318,0.140093,0.0487019,0.0237889,0.00934377,0.00912359,0.00756882,0.00295862,0.00823741,0.021282,0.028744,0.0303759,0.0575577,0.0292684,0.00638203,0.0135158,0.0120013,0.011421,0.00871022,0.0484179,0.14394,0.158933,0.0525254,0.0129923,0.00435213,0.00799685,0.0110622,0.00571433,0.00629052,0.0118509,0.036231,0.0447277,0.0312336,0.0119253,0.0046851,0.00696357,0.0114677,0.0087227,0.0112813,0.0229236,0.150189,0.239972,0.0746478,0.0490932,0.0935641,0.0830141,0.00545714,0.00140981,0.00473543,0.0114411,0.0430141,0.0489975,0.0131752,0.00222024,0.00209866,0.00604881,0.00185355,0.00388615,0.0243074,0.0294428,0.149066,0.357717,0.218196,0.198964,0.0861017,0.00739283,0.00751598,0.00302726,0.00216134,0.00532777,0.0451148,0.0656428,0.0181124,0.0029546,0.00129722,0.0013431
37.151927438,0.0288318,0.0138194,0.00870241,0.017199,0.0390424,0.105457,0.097037,0.0392289,0.0241655,0.0107928,0.00946149,0.00761408,0.00304728,0.00827848,0.0211904,0.0205298,0.0224215,0.0513372,0.0285518,0.00731215,0.0138026,0.0120891,0.0114648,0.00877707,0.0472982,0.130777,0.123907,0.044125,0.0129644,0.00439525,0.00806834,0.0111026,0.00576734,0.00637753,0.0120215,0.0196574,0.0321316,0.0251049,0.0109381,0.00487359,0.0071679,0.0115554,0.00874906,0.0112885,0.0229358,0.13684,0.204569,0.0620781,0.0491789,0.0935887,0.0830493,0.0055053,0.00155977,0.00500053,0.011694,0.0215392,0.0406041,0.0107712,0.00232138,0.0022475,0.00623199,0.00188532,0.00391115,0.0243629,0.0296257,0.138123,0.322973,0.20903,0.199028,0.0861577,0.00745691,0.00754315,0.00305759,0.00217604,0.00540109,0.0197731,0.0484332,0.0158153,0.00304176,0.00141714,0.00145132
38.638004535,0.0288476,0.0138602,0.00870891,0.0165786,0.0358331,0.100453,0.0939876,0.0333217,0.0215724,0.0103297,0.00944871,0.00771164,0.00347665,0.00731378,0.0198817,0.020597,0.022332,0.0511546,0.0284263,0.0075442,0.0137694,0.0120988,0.011492,0.00851863,0.0431724,0.119173,0.119342,0.0429531,0.014544,0.00611027,0.00834154,0.0109389,0.00648606,0.0061907,0.010916,0.0190428,0.0311883,0.024673,0.0113314,0.00546349,0.00722253,0.0117851,0.00899483,0.0113413,0.0210839,0.125662,0.194613,0.059173,0.0484342,0.0936716,0.0830633,0.0054458,0.00223667,0.00581111,0.0101776,0.0182019,0.0387406,0.00957937,0.00237974,0.00280032,0.0064796,0.00191097,0.00396138,0.0244507,0.0282478,0.123799,0.297726,0.202688,0.198241,0.086453,0.00755675,0.00755528,0.00326179,0.00220568,0.00376513,0.0149411,0.0470406,0.0125986,0.00203925,0.00145399,0.00149669
40.124081633,0.0285853,0.0142574,0.0101084,0.0172165,0.0337203,0.0987449,0.0913939,0.0283915,0.01431,0.00722823,0.00867168,0.00770136,0.00360714,0.0073513,0.0196742,0.0196178,0.0218833,0.0509501,0.028443,0.0080375,0.0135994,0.0125165,0.012932,0.00861783,0.0427931,0.118672,0.118103,0.041359,0.0123349,0.0038149,0.00614991,0.010292,0.00653225,0.00599663,0.0110241,0.0192421,0.0308698,0.0243456,0.0111666,0.00518272,0.0069379,0.0118047,0.00990228,0.0107003,0.0195606,0.123671,0.188531,0.056717,0.0472317,0.0933656,0.0830334,0.00558371,0.0024214,0.00590066,0.010022,0.0178354,0.0380613,0.00914132,0.00230194,0.00267706,0.00641055,0.00215418,0.00536566,0.0263782,0.0279527,0.12402,0.297022,0.201041,0.195613,0.0849873,0.00721698,0.00751139,0.00340572,0.00225475,0.00368018,0.0147082,0.0470179,0.0124208,0.00214545,0.00167806,0.00157805
41.610158730,0.0269895,0.0119719,0.00283118,0.00683017,0.0303993,0.0985808,0.0931512,0.0285148,0.0134476,0.00841936,0.00842387,0.00741644,0.00512918,0.00670775,0.0197488,0.0192926,0.0222232,0.0509501,0.0284749,0.00803513,0.0130739,0.00997682,0.00489724,0.00279128,0.0380713,0.101937,0.113654,0.0392826,0.0123475,0.00459167,0.00569896,0.00969434,0.00762454,0.00795959,0.0133396,0.0194889,0.0301369,0.0230422,0.00979723,0.00574445,0.0063654,0.00617826,0.00300528,0.00146988,0.0148545,0.125806,0.188745,0.0462382,0.0343352,0.0927902,0.0834478,0.00541117,0.00250715,0.0059529,0.0105287,0.0189248,0.0382273,0.00898718,0.00300023,0.00275998,0.00596685,0.00333806,0.00397757,0.00381363,0.0061889,0.118575,0.298238,0.202047,0.195076,0.0817605,0.00444582,0.00743382,0.00343913,0.0022366,0.00198346,0.0134678,0.0456556,0.0122001,0.00214088,0.00181541,0.00130414
43.096235828,0.0272053,0.0119719,0.00197904,0.00681504,0.0365522,0.090751,0.0861078,0.0265593,0.0134476,0.00841936,0.00842387,0.00741644,0.00512588,0.00667689,0.021631,0.0278774,0.0318398,0.0543531,0.0284765,0.00820801,0.0135981,0.00997682,0.00410373,0.00266605,0.0430877,0.103258,0.109949,0.0365599,0.0123475,0.00459167,0.00569896,0.00971331,0.00762454,0.00795749,0.0145821,0.0237688,0.0391202,0.0277321,0.0101386,0.00574445,0.0063654,0.00617826,0.0026919,0.00143966,0.0181285,0.133789,0.193663,0.0456158,0.0343352,0.0927805,0.0834478,0.00541117,0.00245448,0.00595271,0.0105347,0.0181367,0.0425208,0.013907,0.0040134,0.0027056,0.00596685,0.00333806,0.00347278,0.00370959,0.00630302,0.119645,0.299456,0.201909,0.195054,0.0802718,0.00423114,0.00743382,0.00343913,0.00239013,0.00350063,0.0144244,0.0462113,0.015904,0.00365486,0.00181541,0.00130414
44.582312925,0.0269933,0.0120683,0.00265815,0.00769255,0.0360747,0.0948617,0.0955052,0.0323434,0.0165943,0.0124686,0.00523092,0.0019063,0.005492,0.00694577,0.0216094,0.0292702,0.0341506,0.0579122,0.028558,0.00823472,0.0135981,0.0101231,0.00417338,0.00266605,0.0428874,0.10629,0.106561,0.0361237,0.0123477,0.00459167,0.00570053,0.0101042,0.00878842,0.00885881,0.0148296,0.0242619,0.0376376,0.0304561,0.0101386,0.00579692,0.00705614,0.00618103,0.0026919,0.00143966,0.0183293,0.13758,0.191217,0.0445941,0.0343891,0.0927805,0.0834478,0.00555253,0.00277454,0.00595271,0.0109838,0.0227951,0.0444699,0.0154307,0.00403881,0.0027056,0.00648952,0.0039517,0.00347278,0.00370959,0.0073899,0.129382,0.295936,0.199867,0.195375,0.0802718,0.00444846,0.00803759,0.00367867,0.00239306,0.00350063,0.0189122,0.055694,0.0206316,0.00380764,0.00183312,0.00143631
46.068390023,0.0281691,0.0127208,0.00265815,0.00411816,0.0384948,0.0793752,0.0874462,0.0309235,0.0165943,0.0124686,0.00540727,0.00227628,0.00532615,0.00452938,0.0172216,0.0285977,0.0354292,0.0583487,0.0312839,0.00930237,0.0137079,0.0101231,0.00415515,0.00115682,0.0300506,0.0972088,0.10722,0.0359782,0.0163171,0.00704074,0.00199807,0.00354083,0.00855174,0.00572771,0.0111265,0.0238134,0.0390999,0.0304841,0.0105074,0.00622426,0.0058091,0.00225377,0.0026919,0.00134218,0.0151686,0.124729,0.181108,0.0439665,0.0397663,0.0969171,0.079995,0.00179482,0.0035472,0.00572755,0.00667401,0.0207833,0.0397981,0.0147178,0.0048472,0.00473349,0.00707104,0.00407978,0.00455614,0.00427953,0.00639125,0.122095,0.285644,0.194957,0.195375,0.0801144,0.00247076,0.00287854,0.00378644,0.00328995,0.00367088,0.0174414,0.0460368,0.017001,0.00380764,0.00183312,0.00143631
47.554467120,0.00940912,0.00894132,0.00914715,0.0129491,0.0389614,0.077619,0.0702369,0.023244,0.0165834,0.0124686,0.00423639,0.00175573,0.00532615,0.00433748,0.0159857,0.0295239,0.030829,0.0437879,0.0301133,0.00930237,0.00204906,0.00371315,0.00872847,0.00277487,0.0298974,0.0995219,0.102285,0.020721,0.0161317,0.00704074,0.00456246,0.00383961,0.00855174,0.0057429,0.0106595,0.024234,0.0334619,0.0203067,0.00659597,0.00256606,0.00189791,0.00628867,0.0168836,0.00437385,0.0154025,0.126424,0.164324,0.0426334,0.039009,0.0969171,0.0807292,0.00372845,0.0035472,0.00544394,0.00761338,0.0225825,0.0346473,0.00966545,0.00465428,0.00418897,0.00200917,0.00363087,0.00679017,0.00667246,0.00673584,0.126805,0.290323,0.184582,0.19054,0.0770783,0.00218637,0.00300017,0.00375569,0.00411854,0.00378482,0.0170543,0.0449897,0.0131085,0.00341663,0.00183312,0.000577428
49.040544218,0.00933825,0.00893813,0.00914715,0.0124605,0.0363292,0.0724389,0.0762244,0.0230261,0.0131021,0.0123253,0.00426687,0.00146138,0.00526674,0.00447013,0.0166373,0.0344233,0.0291553,0.0437871,0.028932,0.00930237,0.00204906,0.00371315,0.00872847,0.00277165,0.0171488,0.0590229,0.0816193,0.0231933,0.00877625,0.00611729,0.00457704,0.00396466,0.00855174,0.00836245,0.0199345,0.0204447,0.0233591,0.0199394,0.00652778,0.00256606,0.00189791,0.00628867,0.0168836,0.00437385,0.0107142,0.0771212,0.0909158,0.0396654,0.0320426,0.0956466,0.0807292,0.00372845,0.0035472,0.00593081,0.0135177,0.033703,0.0183643,0.00916016,0.00465428,0.00418897,0.00200917,0.00363087,0.00679017,0.00667246,0.00369617,0.0666952,0.142755,0.180131,0.190818,0.0770783,0.00218637,0.00300017,0.00375569,0.00411854,0.00378482,0.0114728,0.0223298,0.013015,0.00341663,0.00183312,0.000577428
50.526621315,0.00931514,0.00892303,0.00914758,0.0126252,0.0353495,0.0730679,0.0784162,0.0235357,0.0130172,0.0123128,0.00431662,0.00159773,0.00488351,0.00414688,0.0141351,0.0326037,0.0289536,0.0435277,0.0280139,0.00837909,0.00180568,0.00372854,0.00851477,0.00273342,0.0178485,0.0618436,0.0851375,0.0247665,0.00960585,0.00603664,0.00436138,0.00378496,0.0080516,0.00830525,0.0202288,0.0204434,0.0233634,0.0217539,0.00789833,0.00346503,0.0021567,0.00629814,0.0168797,0.00444148,0.00831294,0.0708541,0.0864539,0.0409451,0.032802,0.096008,0.0807543,0.00381306,0.00359782,0.00575264,0.0117824,0.0314553,0.020285,0.0108305,0.005445,0.00412776,0.00188028,0.00359232,0.00637174,0.00552436,0.00359381,0.072728,0.149555,0.181738,0.187486,0.0737151,0.00215411,0.00295748,0.00351959,0.00452112,0.00797081,0.0205468,0.0241833,0.01645,0.00420234,0.00174608,0.000598095
52.012698413,0.011803,0.0102153,0.00962321,0.013591,0.0368139,0.0746127,0.0775405,0.023513,0.0145914,0.0151142,0.00524748,0.001636,0.00479346,0.00406767,0.0142594,0.0318726,0.027819,0.0432877,0.0276882,0.00838609,0.00187031,0.00383541,0.00876191,0.00292729,0.018187,0.0628498,0.0864455,0.0250008,0.00956792,0.00612683,0.00451336,0.00378935,0.00780217,0.00801795,0.0201747,0.0206894,0.0244207,0.0203198,0.00744896,0.00350254,0.00213936,0.00619835,0.0168133,0.00455399,0.00801689,0.071873,0.0876927,0.0404604,0.0325973,0.0959271,0.0807073,0.00385098,0.0037932,0.0060885,0.0121591,0.0312347,0.0202828,0.0109094,0.00549504,0.00419802,0.00185546,0.00355985,0.0063433,0.00559539,0.0035957,0.0725927,0.149671,0.181976,0.18755,0.0736226,0.00210503,0.00297079,0.00350879,0.00451515,0.00799822,0.0205346,0.0241106,0.0166605,0.00433324,0.00155754,0.000609617
53.498775510,0.00582001,0.00700564,0.0130924,0.0139354,0.0375353,0.0768631,0.0789556,0.0196349,0.00826231,0.0110889,0.0052838,0.00163595,0.00505183,0.00545386,0.0162115,0.0366179,0.0275761,0.0118365,0.00474137,0.0038145,0.00281804,0.00696005,0.0106717,0.00292351,0.0181895,0.0640417,0.0874212,0.0211004,0.00750358,0.00758468,0.00566288,0.0047914,0.00797075,0.00799121,0.0201022,0.0220207,0.0237372,0.0147386,0.00482326,0.00350458,0.00225243,0.0069397,0.018444,0.00496559,0.00791366,0.0722535,0.0885586,0.0406673,0.0325312,0.103471,0.0879012,0.00806589,0.0106091,0.00783443,0.0117321,0.0312217,0.0203476,0.0109137,0.00550413,0.00429711,0.00221086,0.00415863,0.00742882,0.00552831,0.00364495,0.0751649,0.151826,0.182307,0.187544,0.0765718,0.00579183,0.00409072,0.00368997,0.00501162,0.008109,0.0206609,0.021226,0.0164582,0.00432952,0.00155173,0.00104833
54.984852608,0.00581968,0.00687751,0.0129663,0.0138156,0.0374678,0.0776768,0.0794572,0.0193139,0.00790389,0.0109552,0.005272,0.0016494,0.00463519,0.00381092,0.015414,0.0384685,0.0292106,0.0118805,0.00460394,0.00357804,0.00278352,0.00668805,0.0102367,0.002382,0.0176759,0.064988,0.0890703,0.0212344,0.00749792,0.00757399,0.00533723,0.00210637,0.00449764,0.00751882,0.019213,0.0214453,0.0256296,0.0149154,0.00498278,0.00322686,0.00201908,0.00698024,0.0184806,0.00497248,0.00794773,0.0730826,0.0903322,0.0420616,0.00801227,0.0141153,0.0105882,0.00754825,0.0106052,0.00656974,0.0109519,0.0328789,0.0214131,0.0111541,0.00551025,0.00418171,0.00221086,0.00415863,0.00745493,0.00553843,0.0039237,0.0762129,0.114724,0.0344624,0.00292695,0.00422879,0.00579183,0.00409072,0.00383567,0.00508512,0.00814367,0.0210836,0.0228962,0.0171606,0.00480122,0.00197733,0.00104741
56.470929705,0.00465515,0.00641968,0.0132001,0.013959,0.0407394,0.0905336,0.0827822,0.0195009,0.00790332,0.0108051,0.00507152,0.0015833,0.00465159,0.00443623,0.0166635,0.0390007,0.0292635,0.0118775,0.00460358,0.00338102,0.0026652,0.00668683,0.0103793,0.00278594,0.0182864,0.0729626,0.0934466,0.021593,0.00749712,0.00757309,0.00531057,0.00209062,0.00463165,0.00790371,0.0198637,0.0224201,0.0258754,0.0149279,0.00498231,0.00315348,0.00178351,0.0064525,0.0178181,0.00456291,0.00822811,0.075998,0.0959328,0.0433752,0.00807884,0.0136438,0.00986988,0.0071283,0.0102842,0.00676929,0.0117658,0.0342954,0.0220778,0.0112966,0.00551448,0.00418113,0.00220948,0.00415635,0.00745354,0.00555214,0.00420986,0.0783295,0.117815,0.0349285,0.00295511,0.00422377,0.00578579,0.00265535,0.00298661,0.00515298,0.00878668,0.0217093,0.0239618,0.0176076,0.00486016,0.00197579,0.00104547
57.957006803,0.0046058,0.00638241,0.0131792,0.0140574,0.0426162,0.0980534,0.0872248,0.019431,0.00799215,0.0114337,0.00587675,0.00154463,0.00464231,0.00465819,0.0199969,0.0449161,0.0330827,0.0124617,0.00445652,0.00336207,0.00274255,0.00677599,0.0103737,0.00309547,0.0228028,0.0896127,0.0979718,0.021837,0.00740811,0.00754393,0.00529949,0.00207449,0.00461237,0.00795414,0.0214691,0.0275305,0.0308858,0.0155223,0.00499989,0.00314944,0.00177704,0.00644821,0.0177933,0.00455478,0.0107417,0.0992291,0.112559,0.0453828,0.00807496,0.0136379,0.00985649,0.00712192,0.0102777,0.00689177,0.0132228,0.0363992,0.026889,0.0142274,0.00577189,0.00417982,0.00220584,0.00415233,0.0074503,0.00554855,0.00525638,0.0932006,0.138564,0.0374581,0.00293675,0.00421961,0.00578391,0.0026548,0.00298491,0.00515295,0.00920779,0.0235424,0.0265683,0.0210388,0.0052677,0.0019725,0.00103829
59.443083900,0.00440011,0.0062721,0.0135032,0.0141693,0.0437035,0.112807,0.11057,0.0219068,0.00797209,0.0114207,0.00595839,0.00149104,0.00430591,0.00385672,0.0197011,0.0470696,0.036087,0.0143707,0.00444344,0.0032795,0.00249301,0.0065925,0.0102934,0.00300056,0.0239527,0.101169,0.114958,0.0238581,0.00744063,0.0083165,0.00660986,0.00202882,0.00442141,0.00767439,0.0211036,0.0286967,0.0338845,0.0174604,0.00496926,0.00310253,0.00169758,0.00633622,0.017674,0.00436738,0.0109626,0.103178,0.118994,0.0464073,0.00806378,0.0142071,0.0109468,0.00720312,0.0101082,0.00669028,0.0134523,0.0402275,0.0307916,0.0150297,0.00573714,0.00416718,0.00233405,0.00428839,0.00744683,0.00553399,0.0057349,0.0986563,0.155692,0.039893,0.00291331,0.0042198,0.00572233,0.00245567,0.00271893,0.004697,0.00892112,0.0263012,0.0295281,0.0215231,0.00493852,0.00174123,0.000947721
60.929160998,0.00682444,0.00630037,0.0133674,0.0141689,0.0539281,0.124297,0.113653,0.021556,0.0105975,0.0162365,0.00732483,0.00153095,0.00541869,0.00494878,0.0227706,0.053786,0.0396745,0.0146294,0.00501651,0.00396239,0.00268717,0.00652318,0.0102505,0.0029337,0.0243224,0.102698,0.114972,0.0236403,0.0114805,0.0113989,0.00704786,0.002667,0.00536333,0.00796704,0.0214673,0.0310335,0.0363174,0.0178377,0.0049696,0.00343153,0.00168614,0.00662006,0.0186121,0.00473506,0.0110673,0.10459,0.122689,0.0485154,0.0115937,0.0166066,0.0114206,0.00795277,0.0114209,0.00705855,0.0134358,0.0438496,0.0348074,0.0162112,0.00663619,0.00583635,0.00257376,0.0048426,0.00903085,0.0063215,0.0056384,0.103101,0.168091,0.0455779,0.00287253,0.00417082,0.00575799,0.00316684,0.00394962,0.00511916,0.00899403,0.0303173,0.0336083,0.0228882,0.00485137,0.00162132,0.000840972
62.415238095,0.00680865,0.00657211,0.0153037,0.0164946,0.052791,0.12713,0.11955,0.0215439,0.0105667,0.0162289,0.00727367,0.00137296,0.00474518,0.00493277,0.0227253,0.0539178,0.040279,0.0146516,0.00443041,0.00369311,0.00268717,0.0069889,0.0137366,0.00910927,0.024891,0.110785,0.128552,0.0243565,0.00949556,0.00968599,0.00682432,0.00269573,0.00464461,0.00787096,0.0216398,0.0327244,0.041743,0.020097,0.00404976,0.00270522,0.00160578,0.00735602,0.0233797,0.00760766,0.0109636,0.10677,0.131663,0.054712,0.0118556,0.0175075,0.0119756,0.00797159,0.0108149,0.00586517,0.0140032,0.0445556,0.0352338,0.016551,0.00620453,0.00699066,0.00331013,0.00500232,0.00930831,0.00688909,0.00583839,0.108189,0.183785,0.0612847,0.00200615,0.00365044,0.00592085,0.00326384,0.00394862,0.00518584,0.00905203,0.0301035,0.0327634,0.0227028,0.00458562,0.00793005,0.0137553
63.901315193,0.00824463,0.0111435,0.0215929,0.0149651,0.0615703,0.145231,0.123813,0.0218871,0.0110582,0.0165026,0.00729604,0.00328168,0.0108706,0.00490243,0.0268824,0.0663875,0.0450746,0.0153179,0.00460241,0.00390049,0.00272438,0.00645569,0.0122938,0.00891722,0.0277839,0.129937,0.134117,0.0236803,0.00941599,0.00964549,0.00716635,0.00735317,0.0160572,0.00850316,0.0228784,0.0375003,0.0442118,0.0212911,0.00481587,0.00277457,0.00160578,0.00703764,0.0221337,0.00727467,0.0127431,0.131089,0.151287,0.0552882,0.0118413,0.0175039,0.0119756,0.00891673,0.0158952,0.0114652,0.014158,0.0477303,0.0432565,0.0172567,0.00599884,0.00692226,0.00331013,0.0047443,0.00778144,0.00471728,0.00618282,0.118307,0.202574,0.0650621,0.00199778,0.00362959,0.00591475,0.00490178,0.0135704,0.0196633,0.0092606,0.0300056,0.0325353,0.0226263,0.00439586,0.00757938,0.0136407
65.387392290,0.00814758,0.0111172,0.0215952,0.0150247,0.0583258,0.141035,0.123583,0.0220123,0.0113713,0.0153981,0.00722861,0.00327142,0.00834318,0.00487017,0.0258504,0.0648331,0.0454205,0.0157868,0.00517544,0.00426243,0.0029678,0.00636038,0.0123242,0.00895299,0.0264552,0.126005,0.132663,0.0237484,0.00969993,0.00898463,0.00725551,0.00748865,0.0143239,0.00657203,0.0206328,0.0368363,0.0444283,0.0217301,0.00537255,0.00322356,0.00205768,0.00725192,0.0218712,0.00716786,0.0125203,0.130805,0.149927,0.0556768,0.0124936,0.0181988,0.0118742,0.00889887,0.0151551,0.0105399,0.0130799,0.0488397,0.045389,0.01853,0.00530205,0.00694146,0.0037201,0.00368088,0.00655262,0.00474561,0.00624207,0.123445,0.209538,0.0655969,0.00283355,0.00386426,0.00562413,0.0048384,0.0135399,0.0190696,0.00963643,0.0351779,0.0455915,0.0267107,0.00548647,0.00728953,0.0138193
66.873469388,0.00793497,0.0111536,0.0218341,0.0148361,0.0523091,0.128698,0.115191,0.0204661,0.0113933,0.0154018,0.00726056,0.00329878,0.0083878,0.00490169,0.0240005,0.0570676,0.0360678,0.0122923,0.00517849,0.00409486,0.00244793,0.00636456,0.0123328,0.00898445,0.0215345,0.112972,0.127221,0.0235036,0.00970809,0.00898569,0.00725679,0.00748356,0.0143456,0.00661565,0.019116,0.031416,0.0351691,0.0168666,0.00503653,0.00322486,0.00206071,0.00727859,0.021945,0.00727773,0.00921697,0.110903,0.136406,0.0552918,0.012525,0.0182177,0.0118847,0.00900477,0.0151912,0.0105874,0.012988,0.0488088,0.0406642,0.0135697,0.0042404,0.00694825,0.00372153,0.00368518,0.00658433,0.00479261,0.00614382,0.11514,0.193615,0.0638268,0.00285013,0.00387173,0.00564845,0.00486873,0.0135645,0.0190177,0.0080181,0.0331421,0.0439193,0.0231231,0.00405622,0.00735119,0.0138361
68.359546485,0.00798399,0.0111552,0.0211552,0.0139605,0.0518745,0.12062,0.0958708,0.0118924,0.0082535,0.0105152,0.00586733,0.00318604,0.00802199,0.00464352,0.0240738,0.0553201,0.0309181,0.00847669,0.00510689,0.00407159,0.0024613,0.00622708,0.0122639,0.00900091,0.0209388,0.103448,0.113772,0.0175532,0.00974548,0.00899767,0.00725959,0.00710152,0.0131999,0.00573733,0.0188992,0.029987,0.0308357,0.0136812,0.00510174,0.00317305,0.00137314,0.00730115,0.0219486,0.00728305,0.00921379,0.102822,0.118316,0.0461919,0.0125721,0.0182369,0.0119533,0.008931,0.0148711,0.0105898,0.0125931,0.0409566,0.0325516,0.0116747,0.00421816,0.00694872,0.00321171,0.00308794,0.00658433,0.00479347,0.00506955,0.0992136,0.176434,0.0588395,0.00252945,0.00387174,0.00543356,0.00427953,0.0133502,0.0190159,0.00801943,0.0292528,0.0353722,0.0182782,0.00390422,0.0073353,0.0137415
69.845623583,0.00681084,0.0105188,0.0211587,0.013997,0.0372823,0.109331,0.0970249,0.0119968,0.00826442,0.0105152,0.00570865,0.00284291,0.00802949,0.00462415,0.0232631,0.0530975,0.0305695,0.00763592,0.00240467,0.00300393,0.00235148,0.00622708,0.0122639,0.0090139,0.0198396,0.100955,0.113147,0.0174213,0.00577607,0.00585371,0.00668759,0.0072539,0.0131999,0.00582882,0.0192735,0.0294006,0.0308702,0.0143431,0.00475189,0.00266933,0.00126062,0.00729923,0.0219486,0.00732065,0.00945193,0.103569,0.119505,0.0460578,0.00722649,0.0131085,0.0107244,0.00875127,0.0140609,0.0100589,0.0132656,0.0421895,0.032735,0.0114978,0.00339165,0.00492083,0.00256783,0.00278434,0.00552521,0.00422849,0.00513469,0.0972832,0.171808,0.0573789,0.00263032,0.00387461,0.0054677,0.00407469,0.0122414,0.0181232,0.00793241,0.0277816,0.0340041,0.0186858,0.0039405,0.0073394,0.0137476
71.331700680,0.00681084,0.00930851,0.0146697,0.00537163,0.0513071,0.15828,0.0959145,0.00853604,0.00826442,0.0105152,0.00400734,0.00257321,0.00802949,0.00462415,0.0242673,0.0574809,0.0323899,0.00787535,0.00241928,0.00300393,0.00228959,0.00403284,0.00621049,0.0080171,0.0255713,0.105724,0.0819264,0.0118058,0.00577607,0.00585371,0.00412321,0.00695513,0.0131999,0.00614878,0.0214129,0.0346319,0.0331661,0.0148186,0.00383292,0.00262547,0.00126062,0.00244217,0.00775683,0.00437607,0.0100279,0.108237,0.119955,0.0238914,0.00724933,0.0131085,0.0099533,0.00680752,0.0140609,0.010088,0.0123079,0.0407875,0.0346245,0.0125135,0.0035287,0.00492083,0.00255749,0.00187888,0.00329117,0.00183556,0.00498269,0.0907319,0.157288,0.0551215,0.00284449,0.00384005,0.00433682,0.00379097,0.0119494,0.0171597,0.00742774,0.0278272,0.0341628,0.0191518,0.00406914,0.0073394,0.0137476
72.817777778,0.00688553,0.0100065,0.0164575,0.00617577,0.0469017,0.149483,0.0873625,0.0062601,0.00693789,0.0103848,0.00402461,0.0102318,0.039477,0.014729,0.0263404,0.0562533,0.0339359,0.00789206,0.00250772,0.00304099,0.00228959,0.00403284,0.00621049,0.00833135,0.022894,0.111634,0.0787481,0.0114226,0.00735911,0.00629574,0.00410862,0.00683007,0.0131999,0.00319825,0.0105468,0.0369594,0.0411701,0.0174017,0.00383292,0.00262547,0.00126062,0.00244217,0.00775683,0.00437607,0.010503,0.157818,0.196764,0.0445283,0.00720254,0.0131085,0.0099533,0.00680752,0.0140609,0.00998692,0.00941456,0.0663404,0.0701374,0.0189476,0.0035287,0.00492083,0.00255749,0.00187888,0.00329117,0.00186758,0.00514854,0.0698327,0.131613,0.0472371,0.00264061,0.00384005,0.00433682,0.00379097,0.0119494,0.0171992,0.00810227,0.032749,0.0457184,0.023744,0.00418048,0.0073394,0.0137476
74.303854875,0.00775693,0.0100043,0.0170488,0.00665919,0.058279,0.184546,0.111093,0.00611794,0.00678623,0.0103525,0.00394479,0.00994497,0.0394455,0.0144283,0.0246658,0.0558736,0.0354378,0.00939952,0.013897,0.0182795,0.00540714,0.00796833,0.0127105,0.00948164,0.022033,0.111164,0.0795072,0.0103045,0.00643956,0.00616217,0.00416461,0.020697,0.0268702,0.00465769,0.00989336,0.0362181,0.0411177,0.0162588,0.00738408,0.0100514,0.00276291,0.00333763,0.0128915,0.0101868,0.0104836,0.154084,0.193797,0.0424041,0.00640817,0.0134313,0.0100279,0.00996369,0.032697,0.0228969,0.0116271,0.0703503,0.0710837,0.0170355,0.00281987,0.00509284,0.00255641,0.0018652,0.00344744,0.00229417,0.00571999,0.0752517,0.131904,0.0455421,0.00263261,0.00428313,0.00455888,0.00377387,0.0125661,0.0194164,0.00439113,0.0324543,0.0662024,0.034589,0.00304495,0.0073394,0.0137266
75.789931973,0.00546032,0.0112939,0.0231,0.00793481,0.0612956,0.211971,0.143661,0.0205671,0.00989159,0.00870056,0.00297851,0.00985972,0.0394366,0.0143973,0.0251605,0.0559652,0.0346119,0.00851701,0.0147747,0.0214882,0.00886221,0.00779525,0.0124097,0.00923802,0.0215029,0.109704,0.0777055,0.0197899,0.0271373,0.0178613,0.00605057,0.0206747,0.0268228,0.00459459,0.0108094,0.0369234,0.0401049,0.0144579,0.00857246,0.0226753,0.0158142,0.00339791,0.0128686,0.00998573,0.00953459,0.155412,0.199523,0.0500386,0.0262231,0.0326109,0.0148341,0.00991654,0.0324902,0.0225508,0.0110134,0.0710107,0.0721112,0.0166195,0.00318343,0.0105323,0.0100223,0.00184927,0.003346,0.00212168,0.00532075,0.0977618,0.175914,0.0650032,0.00244017,0.00427272,0.0050054,0.00371361,0.0124704,0.0193266,0.00425923,0.0326403,0.0664768,0.0339385,0.00261125,0.0072301,0.0137254
77.276009070,0.00515765,0.0108431,0.0288704,0.0221677,0.0669375,0.218788,0.146935,0.0217501,0.0117686,0.00917274,0.00294219,0.00985972,0.0399575,0.0151042,0.0324494,0.0609199,0.0330938,0.00758064,0.0147161,0.0214548,0.0079106,0.00739812,0.0223215,0.0228543,0.0255699,0.116352,0.0850519,0.022153,0.0275332,0.017233,0.00490106,0.0248923,0.043382,0.0147336,0.0124251,0.0348815,0.0383068,0.0143873,0.00851838,0.0226726,0.0157011,0.00341391,0.0190943,0.029546,0.0232035,0.156367,0.199602,0.0523468,0.0286059,0.0256863,0.00764017,0.00570056,0.0284599,0.0283733,0.0141424,0.0708536,0.0718301,0.0172656,0.00354977,0.0103995,0.00966686,0.00125049,0.00267074,0.00545404,0.0132187,0.101625,0.173877,0.0651932,0.00776842,0.00603455,0.0024365,0.0027794,0.0127713,0.0189036,0.004122,0.0322536,0.0660406,0.0337188,0.00261125,0.00747682,0.0133882
78.762086168,0.0072167,0.016646,0.0317385,0.0232009,0.0817919,0.255795,0.162291,0.0278833,0.0152998,0.010467,0.00564836,0.00984627,0.039876,0.0151,0.0321871,0.0680878,0.0548377,0.0175211,0.0184464,0.0224972,0.0110303,0.00848841,0.0222604,0.0236475,0.0476831,0.176887,0.121203,0.0278789,0.0275273,0.0172324,0.00490106,0.0248923,0.0433462,0.014646,0.0165938,0.0677596,0.0987558,0.0217628,0.00828112,0.022789,0.0182675,0.00463672,0.0191553,0.0295391,0.029336,0.205143,0.242664,0.0572997,0.0275164,0.0262118,0.0100345,0.00859933,0.0289341,0.0283167,0.0137041,0.0784242,0.0878679,0.0185691,0.00327909,0.01062,0.0162983,0.00724688,0.00627695,0.00544392,0.0187038,0.129647,0.205082,0.0687381,0.00762921,0.00586096,0.00420658,0.00626244,0.0143944,0.0188256,0.0149173,0.0686796,0.114615,0.0554564,0.00213635,0.0070505,0.0141308
80.248163265,0.0072167,0.0166438,0.0338069,0.0323091,0.0899214,0.259867,0.164748,0.0283753,0.0152998,0.012758,0.0145206,0.0285571,0.0405939,0.0144681,0.0309185,0.0678624,0.0549009,0.0175211,0.0184464,0.0224972,0.0110303,0.00848841,0.0221101,0.0289325,0.0607268,0.179197,0.119585,0.0749238,0.0548307,0.0195377,0.00928882,0.0326351,0.043564,0.0138993,0.0159364,0.0667445,0.0984965,0.0217449,0.00828112,0.022789,0.0182675,0.00463672,0.0203311,0.0365041,0.0379575,0.218002,0.280205,0.0781821,0.0388104,0.0277008,0.0142177,0.0180132,0.0320036,0.0279419,0.0128636,0.0769735,0.0871771,0.0184189,0.0032709,0.0106195,0.0162983,0.00724688,0.00627559,0.0054284,0.0190266,0.137418,0.257114,0.0953649,0.0300976,0.0193056,0.0133107,0.00626244,0.0143932,0.0187571,0.0142732,0.0680517,0.113544,0.0550018,0.00206951,0.00704712,0.0141308
81.734240363,0.0133817,0.0193025,0.0344116,0.0322076,0.0879768,0.262182,0.173692,0.0315462,0.0184525,0.0158829,0.0154133,0.02935,0.0408157,0.0142439,0.0275045,0.0621083,0.0515176,0.0179537,0.0210592,0.0241068,0.0150788,0.010195,0.0225331,0.0286127,0.0584277,0.179411,0.133109,0.0757032,0.0548307,0.0195377,0.00928882,0.0326351,0.043564,0.0138461,0.0143159,0.0616732,0.0950433,0.0215474,0.00827829,0.022789,0.0223587,0.00735809,0.0212069,0.0365996,0.0360241,0.200457,0.272747,0.076956,0.0388083,0.0277008,0.0143629,0.0180826,0.0320217,0.0278141,0.0113989,0.0752186,0.0841616,0.0154964,0.00298708,0.0114607,0.0201247,0.00901008,0.00671271,0.00543116,0.0183212,0.125107,0.244083,0.0944991,0.0302788,0.0193056,0.0133107,0.00626244,0.0143932,0.0187571,0.0138478,0.0661499,0.111123,0.0516072,0.00166019,0.00704712,0.0141308
83.220317460,0.0133991,0.0191557,0.0340001,0.0319437,0.0999233,0.2753,0.165184,0.031117,0.0187304,0.0167904,0.0157528,0.0292454,0.0434088,0.016979,0.0280913,0.0616063,0.0499722,0.01612,0.0210592,0.0241066,0.0150989,0.0102092,0.0225331,0.0286127,0.0577687,0.181572,0.131643,0.0768595,0.0573045,0.0250237,0.0114811,0.0327396,0.0437283,0.0157274,0.0151955,0.0605761,0.0919029,0.0206004,0.0117936,0.0251693,0.0224539,0.00735809,0.0212814,0.0366224,0.0355341,0.217803,0.304066,0.0933459,0.0434968,0.0329374,0.0158875,0.0180279,0.0320217,0.0302113,0.0142515,0.076501,0.084631,0.0155252,0.00647545,0.0130425,0.019841,0.00879814,0.00671271,0.00543116,0.0177961,0.135164,0.254457,0.102314,0.0367708,0.0351908,0.0230861,0.00690956,0.0143932,0.0187571,0.0135405,0.0644272,0.112768,0.0561236,0.0112322,0.0134619,0.0141308
84.706394558,0.0114775,0.0306459,0.0483131,0.0382611,0.100148,0.296174,0.173751,0.0311655,0.0148051,0.0105256,0.0141189,0.0303239,0.0426981,0.0158916,0.0249709,0.0600037,0.048469,0.0160389,0.0197705,0.0224936,0.0149133,0.0158135,0.02927,0.0314031,0.0672649,0.205902,0.146941,0.0768715,0.0532525,0.0218981,0.011006,0.0320882,0.0427334,0.0153477,0.0146612,0.0576174,0.0888508,0.0200723,0.011664,0.0246518,0.0222776,0.00889231,0.0248585,0.0385894,0.0402167,0.230653,0.311017,0.0915817,0.0398813,0.0305132,0.015418,0.01737,0.030629,0.0295779,0.0140152,0.0725151,0.0803816,0.0142026,0.00547525,0.0112258,0.0194326,0.00920565,0.00938492,0.0103689,0.0208169,0.136486,0.245651,0.0955318,0.0368997,0.035945,0.0236712,0.00618255,0.0131326,0.0183314,0.0135192,0.0603984,0.108456,0.0546036,0.0112325,0.0134619,0.0141321
86.192471655,0.0114775,0.0303335,0.0463703,0.0358521,0.113156,0.347551,0.218316,0.0359633,0.0148051,0.0105256,0.0141189,0.0303239,0.0426981,0.0158916,0.0259607,0.0638116,0.0485808,0.0156927,0.0197705,0.0224936,0.0149133,0.0153343,0.0257566,0.0251948,0.0725951,0.292684,0.241071,0.0893601,0.0532525,0.0218961,0.0109079,0.0320584,0.0427334,0.0153477,0.0160537,0.0713897,0.108075,0.0198741,0.0115381,0.0246518,0.0222776,0.00792661,0.0198451,0.0356641,0.0399263,0.32239,0.429822,0.111021,0.0392478,0.0295153,0.0148298,0.0172426,0.0305236,0.0295675,0.0133552,0.0981387,0.139019,0.0250899,0.0053543,0.00951871,0.0184486,0.00902028,0.00905318,0.00967983,0.0206116,0.195882,0.336244,0.114439,0.036894,0.0359395,0.0234085,0.00607342,0.0129294,0.0179504,0.0132161,0.0818967,0.160985,0.0647934,0.0110997,0.00708932,0.00117237
87.678548753,0.0100412,0.0250174,0.0386498,0.0356899,0.108596,0.364009,0.250674,0.0364827,0.0170107,0.0102195,0.014186,0.0286115,0.0368229,0.0159502,0.0225733,0.0537856,0.0434386,0.0151115,0.0205252,0.0218796,0.0149043,0.0153343,0.0257566,0.0251948,0.0762077,0.317117,0.274874,0.0894564,0.0543719,0.022321,0.0105379,0.0274108,0.0312805,0.0144945,0.0154758,0.0695061,0.105437,0.0186116,0.0111906,0.0247525,0.0222776,0.00792661,0.0198451,0.0356641,0.0435534,0.345858,0.476986,0.115279,0.0393178,0.0295153,0.0148298,0.0161596,0.0252578,0.0238754,0.0132121,0.0959864,0.13123,0.0242189,0.00538008,0.00951871,0.0184486,0.00902028,0.00905318,0.00967983,0.0236923,0.239803,0.483981,0.131246,0.036894,0.0359395,0.0234085,0.00441225,0.00300058,0.0031417,0.0129148,0.0819771,0.160985,0.0647934,0.0110997,0.00708932,0.00117237
89.164625850,0.0101999,0.0250784,0.0389527,0.0357942,0.114318,0.372134,0.253179,0.036389,0.0166822,0.0100666,0.0141778,0.0286707,0.036913,0.0158532,0.022875,0.0562062,0.0443383,0.0149636,0.0200075,0.0215807,0.0146085,0.0153367,0.0259788,0.0252513,0.0779771,0.323302,0.278404,0.0894869,0.0540705,0.0221099,0.010161,0.0273493,0.0312008,0.0149211,0.0161239,0.0697595,0.105808,0.0184719,0.0107054,0.0237894,0.0217372,0.00771185,0.0199747,0.0359436,0.0438514,0.349542,0.480277,0.115599,0.0386584,0.0287942,0.014609,0.0163516,0.0256289,0.0241316,0.0131877,0.0934457,0.129571,0.0230642,0.0049925,0.0091296,0.0181634,0.00889895,0.00904678,0.00995441,0.0238003,0.235661,0.480857,0.134122,0.0366372,0.0361348,0.0233678,0.00442816,0.00307968,0.00302835,0.0125874,0.0768904,0.148613,0.0617478,0.0103717,0.0070068,0.00100776
90.650702948,0.0101967,0.025042,0.0387207,0.0355376,0.114093,0.376659,0.260708,0.0378892,0.0169587,0.0104033,0.0156337,0.0287769,0.0368684,0.0158471,0.0242766,0.0622942,0.0500451,0.0155641,0.0203923,0.0222614,0.0146042,0.0153325,0.0259924,0.0252559,0.0786072,0.330623,0.288913,0.0941416,0.0540624,0.0221088,0.0101597,0.0273354,0.0311792,0.0148965,0.0170578,0.0730021,0.106855,0.0186064,0.0111175,0.0245856,0.0217342,0.00768696,0.0199264,0.0358937,0.044435,0.354105,0.493089,0.12195,0.038627,0.0287753,0.0145984,0.016247,0.0255964,0.0241055,0.0134584,0.094404,0.130595,0.0231093,0.00501053,0.00912708,0.018163,0.0088949,0.00902148,0.00990891,0.0239469,0.239094,0.48935,0.13639,0.0366917,0.0361379,0.0233453,0.00439783,0.00305505,0.00292677,0.0127412,0.0778933,0.150078,0.0621676,0.0103792,0.00694749,0.00099098
92.136780045,0.0101477,0.0250506,0.0395442,0.035858,0.122613,0.395711,0.26902,0.0386661,0.018129,0.0109096,0.0156294,0.0287943,0.0377402,0.0162337,0.0251624,0.0639911,0.0497198,0.0155206,0.0212195,0.0222579,0.0154069,0.0156834,0.0260541,0.0252492,0.0873728,0.352346,0.297342,0.0943095,0.0543775,0.0236574,0.015979,0.0282425,0.0325729,0.0166377,0.0222631,0.0954383,0.122397,0.0197186,0.0110523,0.024585,0.021731,0.00773548,0.0199989,0.0359036,0.0442373,0.358221,0.501076,0.12238,0.0386473,0.0335823,0.0199175,0.0166227,0.0255964,0.0241031,0.0247375,0.123723,0.14958,0.0277221,0.0079089,0.0123137,0.0183664,0.00887849,0.0108529,0.0121902,0.0247498,0.249824,0.519726,0.155701,0.0380018,0.0361379,0.0248168,0.00451843,0.0030298,0.00374327,0.0129616,0.0809104,0.155941,0.0647421,0.0138056,0.00959317,0.00414048
93.622857143,0.0103168,0.0251622,0.0396609,0.0363798,0.123259,0.395666,0.26722,0.039904,0.0182752,0.0118186,0.0161651,0.0287743,0.0378061,0.0165854,0.0239828,0.0607462,0.049067,0.0161841,0.02195,0.0229522,0.0155083,0.0160785,0.0264371,0.0253043,0.0875443,0.352748,0.300149,0.0945444,0.0543979,0.024057,0.0162177,0.0293731,0.032781,0.0166825,0.0218718,0.0950596,0.124976,0.0189197,0.0118818,0.0255137,0.0223111,0.00935729,0.0202353,0.0358732,0.0440021,0.357387,0.499813,0.12236,0.0393444,0.034167,0.0199435,0.0167502,0.025813,0.0241455,0.0241792,0.123006,0.156993,0.0321406,0.00815761,0.0129844,0.0188374,0.0114271,0.0125227,0.0122817,0.024714,0.251845,0.522663,0.155455,0.0379499,0.0367805,0.0251472,0.00461752,0.00302511,0.00373917,0.0128627,0.0808611,0.157287,0.0642964,0.0139837,0.010006,0.00416423
95.108934240,0.0103243,0.0251651,0.0398753,0.036429,0.108873,0.337132,0.243164,0.0398357,0.0183035,0.0118216,0.0161651,0.0288677,0.0381048,0.0169668,0.0229778,0.0552809,0.0459779,0.0160268,0.0220102,0.0230377,0.0156279,0.0160923,0.0264875,0.0249545,0.0819791,0.340373,0.293759,0.0944619,0.0544186,0.0242154,0.0165049,0.0294825,0.0328943,0.0167035,0.0195671,0.088918,0.12248,0.0180615,0.0117819,0.0255593,0.0223796,0.00947904,0.0204003,0.0358854,0.0433837,0.34899,0.485404,0.122471,0.0394176,0.0341889,0.0200766,0.0170979,0.0260952,0.0242335,0.0240881,0.12228,0.154919,0.0314584,0.00834764,0.013048,0.0188636,0.0114399,0.0125719,0.0123932,0.0247171,0.249321,0.518352,0.153883,0.0379218,0.0369262,0.0252439,0.00467267,0.00304008,0.00389351,0.012886,0.0804641,0.156847,0.063895,0.0138641,0.0100179,0.00417526
96.595011338,0.0104972,0.0246403,0.038138,0.0358442,0.109681,0.337852,0.243581,0.0400892,0.0184737,0.0118441,0.016077,0.0212007,0.00673186,0.00647757,0.0176031,0.0497133,0.0443074,0.0160484,0.0220267,0.0231166,0.0156868,0.0161668,0.0265252,0.0246842,0.0787042,0.319848,0.283757,0.092163,0.0529163,0.0238665,0.0165156,0.0294825,0.0329504,0.0168526,0.0192851,0.0831331,0.114718,0.0158339,0.0118436,0.0256075,0.0224419,0.00958708,0.0204476,0.0360502,0.0424515,0.27474,0.380571,0.0992748,0.0394338,0.0342176,0.0201423,0.017149,0.0261352,0.0239217,0.0213658,0.0821743,0.119526,0.0251765,0.00843627,0.0131243,0.0189091,0.0115102,0.0126051,0.0123682,0.0247055,0.247395,0.509363,0.14878,0.0380534,0.0372297,0.0253993,0.00474355,0.0031442,0.00397917,0.0125522,0.0762386,0.145899,0.0596777,0.0138314,0.0101814,0.00448889
98.081088435,0.00961642,0.0246403,0.0375432,0.035136,0.0969051,0.30214,0.219911,0.0391847,0.0188686,0.0123922,0.0162679,0.0212106,0.00673186,0.00647789,0.0176501,0.0482667,0.0425488,0.0142983,0.010588,0.00789399,0.0125964,0.0122165,0.0198457,0.0234725,0.0787643,0.317828,0.280709,0.091907,0.0535665,0.0255269,0.0179441,0.0158778,0.0191912,0.0152541,0.019333,0.0829405,0.113721,0.0149171,0.0069883,0.0175777,0.0210807,0.00880812,0.0154037,0.0302668,0.0417898,0.274212,0.380965,0.100325,0.0400853,0.0340262,0.0204208,0.0139987,0.00751712,0.0111689,0.0193024,0.0782673,0.116015,0.0254479,0.00839971,0.0128706,0.0189075,0.011509,0.0123992,0.0120032,0.0234046,0.235099,0.502099,0.14903,0.0374875,0.0366196,0.0251478,0.00472691,0.0025034,0.00136789,0.0120727,0.067222,0.121854,0.0437626,0.0138333,0.0101814,0.00448889
99.567165533,0.0112882,0.0240817,0.032324,0.0338003,0.0940445,0.277656,0.187133,0.0244429,0.0142356,0.0114426,0.0162876,0.0212106,0.00673186,0.00647789,0.017,0.0489118,0.0435884,0.0142795,0.00964666,0.00460444,0.00911367,0.0137442,0.0230173,0.0252644,0.0792794,0.323099,0.282177,0.0816408,0.0328744,0.0137366,0.0158797,0.0158778,0.0191912,0.0152575,0.018217,0.0817653,0.113522,0.0152809,0.00577829,0.00515676,0.00808162,0.00910972,0.0160213,0.0314031,0.0434903,0.274357,0.380404,0.09395,0.020354,0.0151437,0.0156136,0.0140043,0.0075341,0.0111775,0.0193024,0.0771689,0.114705,0.0254525,0.0077856,0.00728529,0.0116715,0.0133903,0.0166334,0.0140936,0.0235325,0.213116,0.458871,0.129826,0.0385107,0.0375541,0.0249371,0.0047242,0.00255971,0.00148253,0.012119,0.0667665,0.121151,0.0437965,0.0139223,0.0102829,0.00460201
101.053242630,0.0112882,0.0226545,0.0230774,0.0192445,0.0886233,0.274452,0.185856,0.0230894,0.012276,0.0109431,0.0162933,0.0212106,0.00595162,0.00448021,0.00903016,0.040633,0.0414791,0.0143379,0.00965676,0.0046136,0.00925186,0.0110873,0.0111851,0.0116605,0.0755346,0.317638,0.27713,0.0791434,0.0321917,0.012907,0.0158797,0.0106582,0.00246226,0.00511843,0.0166842,0.0832063,0.11413,0.0146686,0.00581144,0.0052989,0.00897785,0.00856328,0.00816307,0.0113727,0.0302147,0.276038,0.381671,0.091539,0.0179702,0.0145196,0.0156136,0.0140043,0.00468012,0.0031421,0.0162464,0.0779093,0.115559,0.0247751,0.00739347,0.00729244,0.0118148,0.0139656,0.0162193,0.0107612,0.0158363,0.210174,0.460114,0.129013,0.0332173,0.0328452,0.0239321,0.00466098,0.00203903,0.00133491,0.0121304,0.0671351,0.122046,0.0442343,0.0139223,0.0100362,0.00449947
102.539319728,0.00922913,0.0167986,0.0201567,0.0182058,0.0743428,0.244442,0.17354,0.0169595,0.00873458,0.00964878,0.0146292,0.0219805,0.00599979,0.00456105,0.0123682,0.0351726,0.0200303,0.00489245,0.00594876,0.00357211,0.00613218,0.0100191,0.0112008,0.0108677,0.0532643,0.266094,0.245067,0.0737058,0.0321932,0.012907,0.0161132,0.0112588,0.00251715,0.00516819,0.012325,0.049987,0.0532717,0.00774319,0.00582778,0.00518012,0.00641145,0.00729993,0.00806554,0.0113727,0.0240745,0.232087,0.343386,0.0857178,0.0179942,0.0140046,0.0132853,0.0118286,0.00425036,0.00315303,0.0162718,0.0691587,0.0993927,0.0239687,0.00747696,0.0070567,0.00536472,0.00807962,0.0125968,0.0107687,0.0100816,0.182445,0.432309,0.125087,0.0332235,0.0328452,0.0221849,0.00142365,0.000287009,0.001338,0.00133565,0.03063,0.0725155,0.0226616,0.0139342,0.0100412,0.00384125
104.025396825,0.00922913,0.0167986,0.017877,0.00913522,0.0687544,0.253036,0.193998,0.0162868,0.00873458,0.00735781,0.00575702,0.00326973,0.00526652,0.00457689,0.0130412,0.042296,0.0353388,0.015452,0.00613692,0.00357211,0.00613218,0.0100191,0.0112008,0.00513041,0.0407431,0.263306,0.250244,0.0267298,0.00488992,0.0106016,0.0117254,0.0035159,0.00215632,0.00505424,0.0149521,0.0546587,0.0574711,0.0101271,0.0061336,0.00518012,0.00641145,0.00729993,0.0069304,0.00446351,0.015571,0.225293,0.30886,0.0646643,0.00673341,0.0126552,0.00910209,0.0024147,0.00118086,0.0032493,0.0198694,0.0774967,0.10448,0.0249065,0.00748966,0.0070567,0.00536472,0.00807962,0.0125968,0.0107687,0.00955826,0.184777,0.397845,0.102895,0.010724,0.0194006,0.0130808,0.00142365,0.000287009,0.00139607,0.00392486,0.0410935,0.0803642,0.0244083,0.0142652,0.0100543,0.00384125
105.511473923,0.00564392,0.0141399,0.0172723,0.00913972,0.0786226,0.275272,0.19657,0.0130912,0.00568022,0.00457705,0.00450448,0.00255161,0.005072,0.00464187,0.0139046,0.0427157,0.0355909,0.0144538,0.00356077,0.00192699,0.0019497,0.00819139,0.0107778,0.00513041,0.0392504,0.25539,0.239522,0.0256815,0.0054013,0.0132462,0.013809,0.00389811,0.00216531,0.00510272,0.0150413,0.0552702,0.0572018,0.0103284,0.00620892,0.00581488,0.00342084,0.00484006,0.00605508,0.00436803,0.0151133,0.221858,0.303454,0.0645905,0.0090139,0.0243662,0.0178761,0.00395373,0.00118301,0.00359911,0.0203231,0.077353,0.102789,0.0248673,0.00754216,0.0062155,0.00153825,0.00631641,0.0121633,0.0108299,0.00929886,0.186369,0.39944,0.105227,0.0105427,0.0194006,0.0130808,0.00142365,0.000377263,0.00200021,0.00434378,0.0423444,0.0833165,0.0270784,0.0142984,0.0100641,0.00384125
106.997551020,0.0065758,0.0179581,0.0185822,0.00924618,0.0651152,0.248809,0.180784,0.0110078,0.00540229,0.00365159,0.00402689,0.00260438,0.00247305,0.00191817,0.0134481,0.0413687,0.0342117,0.0145318,0.0040526,0.00201034,0.0029134,0.0146078,0.0215166,0.0073088,0.0384323,0.242369,0.223404,0.0223599,0.00284478,0.006976,0.0102784,0.00379362,0.00200099,0.00322139,0.0147432,0.0573841,0.0592407,0.00958219,0.00280007,0.00345373,0.00426006,0.0108727,0.0161038,0.00640155,0.0151133,0.20233,0.270759,0.0473594,0.00436135,0.0187102,0.0153119,0.00409797,0.0012522,0.00120186,0.0173568,0.0729309,0.0983801,0.0239558,0.00405312,0.00507044,0.00245756,0.00708018,0.0145283,0.0113848,0.00933856,0.172231,0.37662,0.0951029,0.00400897,0.00346896,0.00323216,0.000807573,0.000596322,0.00240925,0.00438863,0.0415376,0.0787236,0.0218502,0.00468877,0.00364933,0.00384125
108.483628118,0.0064483,0.00754723,0.00481242,0.00290532,0.0563571,0.226033,0.173971,0.0122492,0.00568321,0.0036541,0.00424327,0.00276369,0.00280514,0.00194809,0.0162789,0.0442915,0.0357764,0.0142374,0.0040526,0.00201034,0.0026437,0.00912253,0.0148529,0.00453391,0.0311719,0.238364,0.21939,0.023088,0.00284478,0.006976,0.0103988,0.00617534,0.00379912,0.00345962,0.015028,0.0606208,0.0629468,0.00966264,0.00279193,0.00345373,0.00424351,0.00916859,0.0118352,0.00415176,0.0113635,0.211991,0.274362,0.048031,0.00436135,0.0187102,0.0152724,0.00540643,0.00225473,0.00131902,0.0173646,0.0742726,0.100254,0.0250072,0.00405312,0.00506914,0.00244303,0.00608669,0.0102471,0.00560405,0.00627814,0.184449,0.40752,0.105216,0.00385686,0.0027078,0.00262298,0.00245528,0.00539167,0.00474468,0.00426368,0.0414736,0.0795063,0.0228324,0.00468844,0.00588015,0.0083783
109.969705215,0.0065453,0.00755438,0.00485619,0.00300672,0.0432772,0.171882,0.127047,0.00805359,0.00577965,0.00377057,0.0043794,0.00287149,0.00301634,0.00199913,0.0151054,0.0404455,0.036978,0.0149378,0.00419458,0.00203227,0.00264859,0.00912768,0.0150123,0.004608,0.0247043,0.144661,0.116031,0.0123891,0.00348229,0.00706551,0.0104694,0.00622519,0.00386468,0.00345971,0.0134734,0.0467276,0.0421755,0.00886421,0.00290233,0.00345879,0.00427861,0.00921468,0.011919,0.00420486,0.011471,0.118111,0.14915,0.0234279,0.0048481,0.0187654,0.0152852,0.0054169,0.00225473,0.0013196,0.0177417,0.0507846,0.0468953,0.015553,0.00458206,0.00514622,0.00245851,0.00611154,0.0102571,0.00560557,0.00646508,0.122246,0.30691,0.0718109,0.00397449,0.0027078,0.00262298,0.00245528,0.00539167,0.00474468,0.00439434,0.0216486,0.0305983,0.0137115,0.00500998,0.00593541,0.0083783
111.455782313,0.00669885,0.00767712,0.00498302,0.00329406,0.0416104,0.140456,0.0899774,0.00716383,0.00322264,0.00386227,0.00431538,0.00274482,0.00280022,0.00192581,0.0145669,0.0384444,0.0371356,0.0147796,0.00349598,0.00225207,0.00261968,0.00917456,0.0150558,0.00479123,0.0185983,0.101454,0.0741912,0.0120732,0.00260799,0.00701914,0.0105671,0.00629155,0.00416229,0.00397159,0.0127687,0.0439403,0.0423379,0.00910263,0.00256408,0.0033956,0.00429102,0.00923614,0.0119669,0.00424996,0.00583336,0.0693806,0.0816051,0.017919,0.00491168,0.0187942,0.0153079,0.00551584,0.00235638,0.00137312,0.0176566,0.0494916,0.0465272,0.0156327,0.0046819,0.00533514,0.00252922,0.00616738,0.0103302,0.0057123,0.00336758,0.0678482,0.139529,0.0512517,0.00399429,0.00273234,0.00266333,0.00247935,0.00563955,0.00486843,0.00452188,0.0223577,0.0316494,0.0138355,0.00501935,0.00594429,0.00841232
112.941859410,0.00665185,0.00796696,0.00517417,0.00318291,0.0359979,0.132748,0.088257,0.0078499,0.00348383,0.0041714,0.0046812,0.0028451,0.00271095,0.00186266,0.0147332,0.0384273,0.0380693,0.0154038,0.0035767,0.00224701,0.00259294,0.00961736,0.0158438,0.00499649,0.0167785,0.0947668,0.0701847,0.0129886,0.00371942,0.0077476,0.0113378,0.00701424,0.00490511,0.0038488,0.0120628,0.0438565,0.0417985,0.00881384,0.00253733,0.00353994,0.00448389,0.00959681,0.0120124,0.00426616,0.00619707,0.0642594,0.0780645,0.0170843,0.00492476,0.0199082,0.0183621,0.00766396,0.00259682,0.00113512,0.0176754,0.0495069,0.0459314,0.0157205,0.00538471,0.00541988,0.00265882,0.00650638,0.0110613,0.00581513,0.00331738,0.0667053,0.135905,0.0477345,0.00353899,0.00376614,0.00418851,0.00289078,0.0056708,0.00485549,0.00480477,0.0227497,0.0315661,0.0131385,0.00474491,0.00569332,0.0083681
114.427936508,0.00777136,0.0099548,0.00658097,0.00401647,0.036372,0.12823,0.0810938,0.00641747,0.00328149,0.00388772,0.00325181,0.00301885,0.00329606,0.0021375,0.013304,0.0318052,0.0321927,0.0149904,0.00338211,0.00167393,0.00304965,0.0103868,0.0162143,0.00540155,0.0166953,0.087964,0.0602966,0.00860161,0.00374243,0.00775297,0.0113503,0.00701684,0.00503606,0.00403079,0.0115246,0.0419092,0.0427108,0.00973896,0.00265436,0.00287928,0.0049787,0.0108944,0.0128711,0.00460022,0.00588639,0.0606459,0.0673913,0.0118013,0.00568828,0.0201856,0.0190497,0.00895294,0.00352964,0.00135542,0.0175065,0.0490819,0.0459681,0.0163847,0.00544489,0.00546138,0.00290562,0.00689805,0.0113516,0.00644956,0.00389747,0.0638221,0.128196,0.0455998,0.00357733,0.00386135,0.00443134,0.00343552,0.00580097,0.00512546,0.00504973,0.0224257,0.0312259,0.0132759,0.00496434,0.0058223,0.00838988
115.914013605,0.00813737,0.00990633,0.00621032,0.00536155,0.0307556,0.115395,0.0749867,0.00580619,0.00210434,0.00391003,0.00415725,0.00336376,0.00251347,0.00189997,0.0128369,0.0308823,0.0328002,0.015041,0.00285419,0.00187028,0.00250693,0.0102086,0.0162192,0.00605281,0.00942709,0.069112,0.0527635,0.00805656,0.00378371,0.00736661,0.00627212,0.00623492,0.00374285,0.00315215,0.00788681,0.022145,0.0281876,0.00868459,0.00270733,0.00291581,0.00511887,0.0109043,0.0128163,0.00487933,0.00637038,0.0575168,0.0603752,0.0115443,0.00561505,0.0154822,0.0139582,0.00861405,0.00356115,0.00152304,0.00657887,0.0199818,0.0274131,0.0118261,0.00268103,0.00236272,0.00286372,0.00748463,0.00976476,0.00451228,0.00339116,0.0539342,0.0983279,0.0261079,0.0026355,0.00393571,0.00295736,0.00333841,0.00597351,0.00443422,0.00515262,0.0191374,0.0244005,0.0110136,0.00173482,0.00324317,0.0052765
117.400090703,0.00927562,0.0114021,0.00627963,0.00481468,0.0299822,0.118449,0.0770456,0.0054853,0.0020525,0.00300555,0.0040703,0.00349569,0.0026121,0.00172091,0.0129379,0.0352388,0.0364689,0.0152341,0.00216577,0.001176,0.00240559,0.0100571,0.0164801,0.00619325,0.00987814,0.0754003,0.0537749,0.00852523,0.00378138,0.00701897,0.0071753,0.00529042,0.00368319,0.00324314,0.00860717,0.0249695,0.0274902,0.00957868,0.00195256,0.00198707,0.00488826,0.0106488,0.0139733,0.00516676,0.00664939,0.0602651,0.0662023,0.0130672,0.00505732,0.0148975,0.0139261,0.00848026,0.00338424,0.00156694,0.00705157,0.0209474,0.0230678,0.00794383,0.00239308,0.0017062,0.00260126,0.00610723,0.00989754,0.00458375,0.00340139,0.0560879,0.104358,0.0288579,0.0029113,0.00354173,0.00314092,0.00340445,0.005996,0.00449948,0.00530091,0.0203437,0.0254527,0.0111508,0.00152044,0.00320368,0.00647874
118.886167800,0.0105607,0.0135593,0.00724876,0.00503604,0.0316325,0.125723,0.0828643,0.00591197,0.00282648,0.00351312,0.00584734,0.00477362,0.00231336,0.00141767,0.0141531,0.0408187,0.0416878,0.0155258,0.00211594,0.00152676,0.00390325,0.0114522,0.0164936,0.00595131,0.0104759,0.0799317,0.0597633,0.00998,0.00415766,0.00686105,0.00688802,0.00518107,0.00356986,0.00297843,0.00957916,0.0298292,0.0323811,0.0106023,0.00211654,0.00199309,0.00486214,0.0105736,0.0138083,0.00517404,0.0076645,0.0649605,0.0696977,0.0132353,0.00568459,0.0156039,0.014601,0.00866283,0.00310203,0.00148261,0.00740579,0.0224648,0.0237189,0.00808626,0.00264595,0.00202879,0.00260463,0.0063891,0.0101735,0.00453765,0.00359341,0.0584245,0.107968,0.0315532,0.00326959,0.00347557,0.00345742,0.00394547,0.00622794,0.00443354,0.00548646,0.0215527,0.0300794,0.0134653,0.00194805,0.00323946,0.00647053
120.372244898,0.0128019,0.0138465,0.00720405,0.00482948,0.0312463,0.125879,0.0829341,0.00600053,0.00265929,0.00371283,0.00631264,0.00554963,0.00284817,0.00142414,0.0138697,0.0411518,0.0422952,0.0160539,0.00219174,0.00141073,0.00421943,0.0113889,0.0164632,0.00625868,0.0121142,0.0826108,0.0612593,0.0101184,0.00475284,0.00933397,0.00901049,0.00588395,0.00375264,0.00296515,0.009478,0.0299236,0.0322828,0.0102481,0.00223455,0.00270306,0.0053449,0.0105275,0.0143179,0.00648166,0.00909709,0.0657031,0.0704469,0.0135059,0.00596691,0.0157064,0.0146091,0.00923488,0.00442175,0.00241107,0.00743481,0.0222434,0.0237789,0.00804775,0.00259827,0.00196806,0.00257432,0.00657879,0.0108535,0.00540629,0.00391192,0.0610677,0.112946,0.0339423,0.00347788,0.0033432,0.00418504,0.00504727,0.00649654,0.00432972,0.00518484,0.0225817,0.0327036,0.0144427,0.00187265,0.00307855,0.00768034
121.858321995,0.0157627,0.0166582,0.00759095,0.00487698,0.0344641,0.133252,0.0863671,0.00587437,0.00227012,0.00621447,0.0119559,0.00830597,0.00320459,0.00217307,0.0146048,0.0410704,0.0413041,0.0161806,0.00356906,0.00384284,0.00535132,0.0132086,0.0189537,0.0078571,0.0134937,0.0846278,0.0615318,0.00984551,0.00418275,0.00782883,0.00767374,0.00560631,0.00389374,0.00331169,0.0102672,0.0313993,0.0341875,0.0116483,0.00279407,0.00288717,0.00541613,0.012296,0.0175467,0.00721454,0.0092753,0.0666392,0.0714629,0.0142218,0.00676684,0.0190867,0.0174786,0.00988514,0.00446245,0.00254494,0.00820597,0.0228389,0.0239582,0.00787755,0.00271953,0.00251768,0.00303616,0.0069201,0.0121164,0.00654453,0.00432476,0.0604128,0.112389,0.0340054,0.00382192,0.00347863,0.00423618,0.00607605,0.00934355,0.00662492,0.0059729,0.0224789,0.0322801,0.0143254,0.00188007,0.00311272,0.00775868
123.344399093,0.0157264,0.0166218,0.00665727,0.00407833,0.0337075,0.135786,0.0894544,0.00620523,0.00234485,0.00603137,0.0137495,0.00996398,0.00363634,0.00217307,0.0152788,0.0427054,0.0420787,0.0162728,0.00352624,0.0039622,0.00882779,0.0156704,0.016311,0.00616349,0.0138759,0.0900997,0.0665737,0.0103266,0.0042695,0.00779597,0.00882551,0.00783689,0.00522553,0.00344545,0.0102901,0.0323555,0.0352911,0.0112931,0.00251638,0.00260594,0.00639963,0.0131096,0.0170553,0.00610097,0.00787652,0.0712932,0.0711463,0.0130977,0.00664572,0.0187864,0.017518,0.010834,0.00482976,0.00256581,0.00820597,0.0230125,0.024317,0.00806961,0.00271573,0.00276599,0.00424367,0.00819172,0.00993893,0.00445413,0.00423404,0.0646773,0.122222,0.0360698,0.00279872,0.00250062,0.00482989,0.00745077,0.0105654,0.0071864,0.00637787,0.0236049,0.0330505,0.0145711,0.00179116,0.00397556,0.0109849
124.830476190,0.0157472,0.0166379,0.00665859,0.00425486,0.0335477,0.135815,0.0910979,0.00632998,0.00233836,0.00603098,0.0138064,0.0104865,0.0036628,0.00208001,0.0140263,0.0417236,0.0426932,0.0162569,0.00351614,0.00395303,0.00946985,0.0164799,0.016311,0.00615559,0.0137353,0.0910144,0.0687371,0.0111504,0.00437642,0.00782966,0.00882551,0.00818634,0.00527565,0.00345297,0.0101239,0.0323872,0.0367764,0.0119144,0.00250628,0.00246997,0.00577844,0.0136439,0.0171594,0.00625896,0.00777745,0.0697377,0.0730519,0.0139198,0.00707905,0.0188471,0.0175396,0.0109287,0.00482976,0.00256776,0.00829483,0.0240473,0.0277806,0.00852722,0.00276413,0.00275884,0.0041004,0.0079613,0.0100094,0.00465495,0.00433158,0.0625436,0.123118,0.0356557,0.00294279,0.00254342,0.00511782,0.00944462,0.0106321,0.00719038,0.00637446,0.0237746,0.0348521,0.0147911,0.00200735,0.0040628,0.0111386
126.316553288,0.0162343,0.0166379,0.00662127,0.00422156,0.0353467,0.134725,0.0912943,0.0061524,0.00233836,0.00603098,0.0127715,0.00971658,0.00361462,0.00199917,0.0103149,0.0375935,0.0400651,0.0156152,0.0034914,0.00398011,0.00956384,0.0164522,0.0162953,0.00614646,0.014033,0.0835273,0.0648734,0.0108717,0.00437483,0.00782966,0.00859202,0.00758575,0.00522076,0.00340594,0.0101145,0.0322352,0.0351538,0.0110715,0.00248995,0.00247052,0.00608306,0.0136931,0.0171594,0.00625896,0.00778152,0.06686,0.0694512,0.0137931,0.00705503,0.0188433,0.0174736,0.0101988,0.0047797,0.00255683,0.00825309,0.0234444,0.026734,0.0077369,0.00268063,0.00275427,0.00392549,0.00785086,0.00999959,0.00464751,0.0044215,0.0628459,0.120948,0.0359889,0.00293664,0.00254342,0.00510702,0.00937977,0.0107014,0.00718729,0.00633923,0.023848,0.0348647,0.0140639,0.00199538,0.00405776,0.0112954
127.802630385,0.0162343,0.0166379,0.00659375,0.00402971,0.0305881,0.123893,0.0766291,0.00679592,0.0023384,0.00603098,0.0127715,0.00971658,0.00361141,0.00198333,0.0100743,0.0306243,0.0249855,0.00515663,0.00330324,0.00398011,0.00956384,0.0164522,0.0162953,0.00614646,0.0136136,0.0864512,0.0668573,0.0112894,0.00437537,0.00782966,0.00859202,0.00758575,0.00522076,0.00331625,0.00710582,0.0276569,0.0311939,0.00881041,0.00218412,0.00247052,0.00608306,0.0136931,0.017115,0.00615567,0.00770177,0.0686553,0.0788594,0.0176769,0.00695084,0.0187036,0.0174736,0.0101988,0.0047797,0.00246056,0.00465546,0.0151983,0.0221285,0.00699183,0.00266794,0.00275427,0.00392549,0.00785086,0.00999959,0.00464751,0.004371,0.0572057,0.112969,0.0355424,0.00293664,0.00254342,0.00510702,0.00937977,0.0107014,0.00712922,0.00375003,0.0134485,0.0271491,0.0123895,0.00167506,0.00404466,0.0112954
129.288707483,0.0136546,0.0166379,0.00659375,0.00403458,0.0331583,0.138456,0.0860318,0.00686391,0.00211422,0.00786605,0.0174875,0.0119775,0.00358416,0.00191047,0.010021,0.0307022,0.0247837,0.00498307,0.00326664,0.00410102,0.00969371,0.0164522,0.0162953,0.00615066,0.0176287,0.101535,0.0871164,0.0126812,0.00386769,0.00838073,0.0124154,0.00986612,0.00521178,0.00326777,0.00749454,0.0282453,0.030787,0.00950805,0.00209236,0.00183576,0.0049825,0.0134316,0.0171145,0.00615618,0.00861728,0.0834796,0.0910878,0.0184516,0.00467035,0.00729168,0.0109082,0.0108737,0.00486683,0.00211126,0.00465698,0.0156987,0.0223737,0.00724389,0.00261544,0.00275427,0.0039764,0.00807181,0.0101745,0.00458382,0.00459469,0.0654754,0.126137,0.0386946,0.00297513,0.00254342,0.00510702,0.00937977,0.0106112,0.00652509,0.00337281,0.0127438,0.0247484,0.0103502,0.00169496,0.00403486,0.0112954
130.774784580,0.0264741,0.0240449,0.00544357,0.00396332,0.0390875,0.183551,0.10451,0.00721709,0.00211422,0.0079657,0.0178015,0.0121337,0.00349798,0.00189638,0.010115,0.0337058,0.0271915,0.0047927,0.00277481,0.00414173,0.0173896,0.0195333,0.00699852,0.00397228,0.0338256,0.216924,0.129819,0.014791,0.00386489,0.00838073,0.0133979,0.0107799,0.00521178,0.00326777,0.00758267,0.0292608,0.0319002,0.0094468,0.00198589,0.00181662,0.008762,0.0126697,0.00781565,0.00409991,0.0104708,0.162715,0.149743,0.0239512,0.00456867,0.00708672,0.0107752,0.0105601,0.00479764,0.00211126,0.0043779,0.0224655,0.0252833,0.00741505,0.00261544,0.00223175,0.00622048,0.0202058,0.0170691,0.00402898,0.00498456,0.10711,0.163626,0.0512134,0.00297513,0.00292151,0.0090724,0.0132964,0.0105668,0.00611605,0.00327726,0.012786,0.0255608,0.0122729,0.00169496,0.00403486,0.0127162
132.260861678,0.0283859,0.0230962,0.00490195,0.00405462,0.0398486,0.187515,0.111871,0.00575156,0.00183701,0.00797272,0.0181766,0.0111163,0.00275014,0.00182095,0.00767648,0.0297265,0.0289014,0.00526614,0.00284921,0.00414173,0.017364,0.0193958,0.00692449,0.00396832,0.0341264,0.214607,0.140086,0.0147158,0.00386489,0.00838073,0.0132718,0.00837946,0.00341366,0.00302954,0.0073619,0.0293287,0.0343352,0.0100372,0.00198589,0.00181662,0.008762,0.0124681,0.00754264,0.00400772,0.0109581,0.169696,0.19948,0.02608,0.00456867,0.00708672,0.0107752,0.00911172,0.00372512,0.00199411,0.00443572,0.0233064,0.033112,0.00651138,0.00261544,0.00223175,0.00622048,0.0202058,0.0170691,0.00402898,0.0071963,0.119566,0.233573,0.0488594,0.00298996,0.00292151,0.00899667,0.0116374,0.00577101,0.00376942,0.00338508,0.0145913,0.0373673,0.01313,0.00170676,0.00180405,0.00817628
133.746938776,0.0284113,0.0231474,0.00487674,0.00392012,0.0394013,0.184659,0.106858,0.00513561,0.00194518,0.00849517,0.0191666,0.0124214,0.00325369,0.00177669,0.00764866,0.029121,0.0266942,0.00459985,0.00273241,0.0122079,0.0342663,0.0288959,0.00758086,0.00390418,0.0339326,0.212874,0.135722,0.0119244,0.00323325,0.0103439,0.0170022,0.0103201,0.00387142,0.00321714,0.00717825,0.0271559,0.0298904,0.00865287,0.00187778,0.00412606,0.0135934,0.0154638,0.00811802,0.00401447,0.0108518,0.168926,0.196278,0.0245478,0.00426496,0.00729803,0.0109635,0.00928042,0.00385434,0.00203865,0.0041505,0.0203946,0.0272801,0.00461944,0.0021562,0.00219489,0.00674403,0.0207824,0.0171119,0.00402747,0.00715911,0.118352,0.229311,0.0481651,0.00289096,0.00292154,0.00903201,0.0116785,0.00578606,0.00378123,0.00329609,0.0135598,0.0351379,0.0127995,0.00140646,0.001755,0.00817981
135.233015873,0.0287834,0.0232227,0.00476533,0.00457709,0.037421,0.179982,0.105352,0.00504235,0.00184389,0.00848909,0.019578,0.0133359,0.00372045,0.00172208,0.00730846,0.0284265,0.026515,0.00456748,0.00243543,0.0118145,0.0343145,0.0289387,0.00771634,0.00405221,0.0337087,0.212272,0.136293,0.0122134,0.00297824,0.00996661,0.0169139,0.0102707,0.00372771,0.00281477,0.0069764,0.0269219,0.0298098,0.00864637,0.00216731,0.00407851,0.013581,0.0155235,0.00894291,0.00514277,0.0113146,0.168714,0.196186,0.0243782,0.00418284,0.00726922,0.0109408,0.00924676,0.00384576,0.00229082,0.00606028,0.023014,0.0281842,0.00455552,0.0020467,0.00200704,0.00667339,0.0207268,0.0170486,0.00408429,0.00675621,0.11717,0.228546,0.0480354,0.00287282,0.00290143,0.00899852,0.0116548,0.00554109,0.00408753,0.00373699,0.0132335,0.0358895,0.0159797,0.00315859,0.0017511,0.00814645
136.719092971,0.0287307,0.022872,0.00426791,0.00451597,0.037215,0.177034,0.102956,0.00411914,0.00177002,0.0118908,0.0248887,0.0154131,0.00370795,0.00169536,0.00654702,0.0256219,0.0239657,0.00374105,0.00279713,0.0117574,0.0343121,0.0285462,0.00677914,0.0037648,0.0337557,0.212478,0.135974,0.0111788,0.00254732,0.00925158,0.0161483,0.00948316,0.00320216,0.00279381,0.00695151,0.0265037,0.0299324,0.0110492,0.00581699,0.00413606,0.0136118,0.0152706,0.00916677,0.0051972,0.0107355,0.167816,0.195167,0.0242599,0.0044233,0.00686831,0.00778697,0.00783837,0.00613617,0.00423783,0.0060387,0.022824,0.0280627,0.00429005,0.00202545,0.00438602,0.00889026,0.0209337,0.016375,0.00423626,0.00718494,0.116219,0.226412,0.0470338,0.0025282,0.00135113,0.00788744,0.0141824,0.00807987,0.0054091,0.00587708,0.0141374,0.0353804,0.015632,0.0030321,0.00172778,0.00811722
138.205170068,0.0279194,0.0209227,0.00285928,0.00368248,0.036725,0.176069,0.102472,0.00402584,0.00167385,0.0118767,0.0248355,0.0151143,0.00314025,0.00140995,0.0063392,0.0250873,0.0233579,0.0036092,0.00263921,0.0118046,0.034964,0.0317666,0.0116915,0.0056467,0.0331582,0.211483,0.135161,0.0108982,0.00252633,0.00924864,0.0161503,0.00958636,0.00444124,0.00347978,0.00647471,0.0250385,0.0278997,0.0101804,0.0054305,0.00400359,0.0131239,0.0139712,0.00866144,0.00992366,0.0160671,0.16853,0.192918,0.0231518,0.00369633,0.00663138,0.00714739,0.00674811,0.00552582,0.00503871,0.00697654,0.0229273,0.0275175,0.00384236,0.00194493,0.00444986,0.00872171,0.0205637,0.016458,0.00561185,0.00958452,0.117672,0.226024,0.0470839,0.0024267,0.00127181,0.0078048,0.0137457,0.00795604,0.00543076,0.00614517,0.0147872,0.0352193,0.0152116,0.00273422,0.00169386,0.00823344
139.691247166,0.0283315,0.0236922,0.00505822,0.00224182,0.0338525,0.169778,0.1002,0.00384335,0.00167385,0.0113478,0.0242043,0.0153678,0.00338635,0.0012826,0.00593382,0.0238787,0.0226903,0.0036493,0.00238408,0.0116082,0.0347015,0.0327842,0.0151445,0.00809036,0.0323538,0.208299,0.133239,0.0105434,0.00216664,0.0080744,0.0154048,0.00945588,0.00433011,0.00259417,0.00491424,0.0223365,0.026326,0.00991959,0.00538159,0.00396706,0.0129838,0.0140762,0.00892904,0.00965202,0.0155834,0.166903,0.191558,0.0228976,0.00367184,0.00654446,0.00685727,0.00664373,0.00549949,0.00487898,0.00657205,0.022409,0.0267207,0.00356807,0.00180723,0.00443402,0.00865854,0.0199855,0.0162647,0.00534536,0.00928131,0.116547,0.224194,0.0463648,0.00207732,0.00119745,0.0078048,0.0137077,0.00778435,0.00530429,0.00582055,0.0140335,0.0347766,0.0146601,0.00253652,0.00162572,0.00815978
141.177324263,0.0270301,0.0220854,0.00497904,0.00255493,0.033935,0.165123,0.096639,0.003258,0.00193029,0.0113915,0.0237482,0.0152918,0.00369929,0.00184915,0.00577702,0.0193568,0.018586,0.0029719,0.00249552,0.011695,0.0347287,0.0326782,0.0156605,0.0116085,0.0352344,0.201676,0.12864,0.0104103,0.00384784,0.00820163,0.0142067,0.00911786,0.00433027,0.00329703,0.004892,0.0191819,0.0227486,0.00881717,0.00533212,0.00409501,0.0126343,0.0127096,0.00762108,0.00993117,0.0166114,0.165202,0.185645,0.0213335,0.00353861,0.00687146,0.00685727,0.00664127,0.00555332,0.00618222,0.0127465,0.0260756,0.0238663,0.0029596,0.001792,0.00441988,0.00845009,0.0187634,0.0144378,0.00524163,0.0112525,0.117873,0.216696,0.0438289,0.00178731,0.00094599,0.00725671,0.0135225,0.00776185,0.00526061,0.00660418,0.0187311,0.0362385,0.0148857,0.00253652,0.00124826,0.0069277
142.663401361,0.0257406,0.0199289,0.0037969,0.00210318,0.032172,0.157686,0.0905586,0.00272354,0.00116907,0.0108844,0.0219738,0.0139364,0.00373037,0.00178401,0.00427571,0.0135899,0.013361,0.00269393,0.00250961,0.0112631,0.0331147,0.0312805,0.0156141,0.0116268,0.0343975,0.197136,0.122661,0.00901033,0.00351812,0.00824396,0.0142301,0.00912436,0.00433427,0.0032559,0.00358332,0.014243,0.0178519,0.00787372,0.00521717,0.00408809,0.0126079,0.012665,0.00763319,0.00988697,0.0154394,0.160063,0.181611,0.0207507,0.00294409,0.00618374,0.00605247,0.00611403,0.00557496,0.00625799,0.0125616,0.0247389,0.0232196,0.00254181,0.00128572,0.00419752,0.00854729,0.0185407,0.0141515,0.00521325,0.0108772,0.11546,0.212986,0.0408746,0.00125799,0.000915575,0.00691317,0.0129595,0.0075185,0.00517821,0.00632199,0.0174688,0.0315265,0.0125116,0.00212018,0.00121057,0.0069411
144.149478458,0.0233425,0.0195452,0.00380146,0.00209891,0.0315391,0.156527,0.0900385,0.00247295,0.00112426,0.010616,0.0215586,0.0132505,0.00316751,0.00168151,0.00426943,0.013486,0.0129607,0.0021848,0.00232895,0.0112631,0.0327711,0.0313537,0.0156522,0.011282,0.0324975,0.19397,0.120795,0.00879389,0.00280067,0.00567915,0.0121196,0.00846174,0.00412357,0.00312897,0.00325434,0.0136925,0.0175421,0.007896,0.0050384,0.00333073,0.0120715,0.0126283,0.00709448,0.00841858,0.013539,0.158363,0.180105,0.0203009,0.002647,0.00605475,0.0059855,0.0054975,0.00422107,0.00526328,0.0122557,0.0247009,0.0230534,0.00243023,0.00124574,0.00418231,0.00853652,0.0182868,0.0134418,0.00434608,0.0104059,0.11231,0.207516,0.0383575,0.000844727,0.000744858,0.00603341,0.0117938,0.00715019,0.00516857,0.00628839,0.0157554,0.0283264,0.0111679,0.00211853,0.00120849,0.0054199
145.635555556,0.0203839,0.0167412,0.00342729,0.00205843,0.0281768,0.147306,0.0857497,0.00296784,0.00150002,0.0078092,0.0157408,0.0104963,0.0028641,0.000997015,0.00391949,0.0157543,0.0167507,0.00274701,0.00147975,0.0091035,0.0316145,0.0295467,0.0131915,0.00973887,0.0316871,0.193277,0.120753,0.00937677,0.0034706,0.00625816,0.0120013,0.00843306,0.00410772,0.00287914,0.00249442,0.0125694,0.0167718,0.00794208,0.00617336,0.00387326,0.0116388,0.010801,0.00399347,0.0077838,0.0133746,0.158453,0.181918,0.0212228,0.00248174,0.0024761,0.00268262,0.00473268,0.00410368,0.0049445,0.0112979,0.026967,0.0306637,0.00807474,0.00401857,0.00398035,0.00807048,0.0179574,0.012166,0.00312338,0.00984992,0.116876,0.217655,0.0438988,0.00477199,0.00161653,0.00598227,0.0107667,0.00429382,0.00283663,0.00544798,0.0236595,0.0466543,0.0173257,0.00314813,0.00266289,0.00534156
147.121632653,0.0186101,0.0147111,0.00338547,0.00264892,0.0281265,0.141185,0.0825918,0.00266517,0.00140281,0.0077832,0.0139404,0.00902727,0.00255655,0.00162876,0.00433326,0.0136634,0.0151799,0.0025394,0.00154942,0.00900184,0.0279296,0.025561,0.0130147,0.0102027,0.0314611,0.183543,0.115655,0.00899388,0.00346427,0.0062679,0.0108508,0.00620776,0.00300205,0.00296587,0.0034076,0.0128276,0.016486,0.00803664,0.00620488,0.00392728,0.0105945,0.00962686,0.00403665,0.00838451,0.0136358,0.150424,0.175543,0.0209459,0.00266468,0.00285058,0.00269447,0.00378375,0.00375629,0.0049876,0.0114888,0.0273117,0.0309727,0.00847054,0.00414643,0.0037524,0.00664494,0.0148466,0.0101502,0.00358088,0.0102393,0.111654,0.207107,0.0419397,0.00501157,0.00177535,0.00512039,0.00941443,0.00316402,0.00231635,0.00573846,0.0238675,0.0463786,0.0178191,0.00459029,0.00171734,0.00197789
148.607709751,0.0185893,0.0146949,0.00338415,0.00244217,0.0274624,0.136523,0.0807411,0.00308243,0.00264241,0.00926144,0.0145832,0.00858161,0.00253252,0.00163184,0.00434824,0.0133076,0.0146049,0.00401785,0.00163004,0.00925373,0.0274431,0.0247084,0.0130147,0.0102319,0.0314092,0.180855,0.110504,0.00870145,0.00437699,0.00791635,0.0123491,0.0060235,0.00299484,0.00306533,0.00395649,0.0115583,0.0139296,0.00744412,0.00637261,0.00435062,0.0110012,0.00960604,0.00402106,0.00829702,0.0134973,0.150006,0.172086,0.0205278,0.00313011,0.00399549,0.00308054,0.00368909,0.00375629,0.00502885,0.0117903,0.0260539,0.0268297,0.00800334,0.00439062,0.00423979,0.00722136,0.0146862,0.0100805,0.00341643,0.0100257,0.111546,0.204487,0.0418945,0.00493714,0.00176427,0.00471961,0.00729739,0.00309734,0.0023136,0.00589393,0.0243159,0.044453,0.0175708,0.00445661,0.00163066,0.0018242
150.093786848,0.0186369,0.0165722,0.00489151,0.00333541,0.0263009,0.133043,0.0774389,0.0032073,0.00265995,0.00927209,0.0145768,0.00858161,0.00257323,0.00174943,0.00457933,0.0134804,0.0148064,0.00415917,0.00176153,0.0092274,0.0274294,0.0254705,0.0144329,0.0113311,0.0323271,0.181378,0.110159,0.0085763,0.00438366,0.00792324,0.0123491,0.00602974,0.00305124,0.00340816,0.00444504,0.0114231,0.0140732,0.00758454,0.00638781,0.00434872,0.0107106,0.00986353,0.00581905,0.0110778,0.0149553,0.149288,0.171148,0.0203798,0.00313363,0.00429787,0.00362568,0.00378095,0.00379849,0.00523301,0.011954,0.0261172,0.0268403,0.00852735,0.00511305,0.00444514,0.00733215,0.0154502,0.0128943,0.00489472,0.00993138,0.110324,0.20445,0.0432293,0.00615341,0.0026175,0.0049784,0.00712896,0.00302513,0.00232156,0.00589406,0.0239881,0.0438799,0.0175587,0.00496391,0.00175058,0.00162187
151.579863946,0.0186385,0.0166088,0.00511145,0.00364163,0.0256794,0.120984,0.0685747,0.00325703,0.00270028,0.00928021,0.0145768,0.00859203,0.0027934,0.00228682,0.00477769,0.0135232,0.0147687,0.0042164,0.00176153,0.0092274,0.0274375,0.0254969,0.014437,0.0114131,0.032386,0.172155,0.102487,0.00878932,0.00453345,0.00793465,0.0123583,0.00603903,0.00325999,0.0041431,0.00487239,0.0122498,0.0142888,0.00785579,0.00647429,0.00434872,0.0107106,0.0098921,0.00584214,0.0111391,0.0152389,0.141126,0.15465,0.0154843,0.00312832,0.00429787,0.00362568,0.00378789,0.00391209,0.00575184,0.0123633,0.0260253,0.02637,0.00834911,0.00511305,0.00444514,0.00733215,0.0154502,0.0129445,0.00490744,0.0102113,0.105802,0.194887,0.0393526,0.00617488,0.00262321,0.00497886,0.00712896,0.00303747,0.00250914,0.0063295,0.0241144,0.0437916,0.0176927,0.00515673,0.00179153,0.00162404
153.065941043,0.018703,0.0166088,0.00511145,0.0037413,0.0148424,0.0818121,0.0477963,0.00485438,0.00286888,0.0065392,0.00945932,0.00626647,0.0027934,0.00232556,0.00546422,0.0155906,0.0199999,0.00467155,0.00184973,0.00934921,0.0273125,0.0254969,0.014437,0.0114765,0.0298583,0.157261,0.0782541,0.00814651,0.00458268,0.00477393,0.00648647,0.00338168,0.00325999,0.00418845,0.00503336,0.011594,0.0149983,0.00714885,0.00652119,0.00434872,0.0107106,0.0098921,0.00584214,0.0112161,0.01553,0.128654,0.143068,0.0158396,0.00338249,0.00400029,0.0013434,0.00152398,0.00380472,0.00575528,0.0122817,0.0267024,0.0272693,0.00919859,0.0053799,0.00448307,0.00728802,0.0152405,0.0127659,0.00490713,0.0103195,0.0958882,0.175214,0.0335159,0.00635632,0.00264186,0.00499298,0.00712896,0.00303747,0.00250914,0.00632252,0.024324,0.0437529,0.0184651,0.00568292,0.00182543,0.00162404
154.552018141,0.00651296,0.00686974,0.0053054,0.00371374,0.0116864,0.0630118,0.0451105,0.00513017,0.00286888,0.00643955,0.00914191,0.00687755,0.00324043,0.00232556,0.0150836,0.0237464,0.0200112,0.00466065,0.00190647,0.00922935,0.0186098,0.0160169,0.0130005,0.0115029,0.0152874,0.0490069,0.0409502,0.00626531,0.00458936,0.00477393,0.00550397,0.00270146,0.00339227,0.00418845,0.00724264,0.0118609,0.0145742,0.00826626,0.00663964,0.00446902,0.00611236,0.00462131,0.00501777,0.011234,0.0144597,0.0525331,0.0864112,0.0107697,0.00340721,0.00400029,0.0013434,0.00153448,0.00383039,0.00576079,0.0123295,0.0197524,0.0269892,0.0128308,0.00565038,0.00457022,0.00442464,0.00236488,0.0035063,0.00492767,0.0104573,0.0584047,0.149346,0.0227703,0.00640581,0.00226377,0.00102759,0.0032092,0.00305118,0.00250914,0.00666135,0.0265613,0.0473406,0.0231518,0.00591398,0.00186655,0.000737849
156.038095238,0.00418294,0.00666982,0.00530376,0.00360751,0.00957663,0.0511935,0.0346462,0.00509432,0.00313063,0.00697855,0.00872702,0.00791317,0.00401404,0.00242207,0.0147068,0.0197487,0.0150063,0.00430328,0.00198955,0.00922935,0.0186098,0.0160169,0.0130005,0.0114914,0.0122946,0.0375857,0.0243763,0.00585225,0.00555325,0.00856755,0.00999455,0.00336798,0.00355152,0.00422412,0.00717857,0.00913748,0.00829535,0.00729859,0.00670432,0.00493423,0.00715908,0.00473806,0.00501777,0.011234,0.0131612,0.0248486,0.0241613,0.00739359,0.00340721,0.00400029,0.0013434,0.0024244,0.00584108,0.00668699,0.0123617,0.017649,0.0171876,0.0125874,0.00568551,0.00457542,0.00442464,0.00240191,0.00390647,0.00512717,0.00826763,0.0328723,0.0562405,0.020344,0.00639925,0.00226377,0.00102759,0.0032092,0.00305118,0.00255151,0.00657752,0.0253203,0.0380047,0.0225945,0.00590688,0.00186847,0.000737849
157.524172336,0.00604136,0.00978181,0.00614792,0.00373315,0.0167766,0.0781255,0.0572912,0.0063529,0.00292603,0.00633963,0.00760084,0.00650023,0.00330899,0.0025085,0.0147733,0.0204997,0.0150018,0.00426907,0.00288293,0.00469638,0.00560302,0.0102691,0.0162219,0.0125697,0.0137203,0.0450487,0.0316611,0.00585202,0.00554737,0.00651489,0.0061936,0.00137745,0.00302819,0.00414998,0.00731762,0.00916396,0.00840518,0.00795581,0.00746506,0.00354385,0.00398816,0.00758441,0.015048,0.0148562,0.0136117,0.0262265,0.025393,0.00759087,0.00631254,0.0164884,0.0165431,0.00396259,0.00579282,0.00681327,0.0126408,0.0173174,0.0167584,0.0124487,0.00561581,0.0045352,0.00399105,0.00320534,0.00760016,0.00803798,0.0106062,0.0344182,0.0587788,0.019682,0.00638062,0.00226374,0.000992251,0.00611618,0.00990661,0.00533843,0.00688605,0.0245845,0.0361783,0.0216393,0.00588564,0.00186226,0.000734312
159.010249433,0.0055429,0.00958378,0.0062064,0.00452105,0.0251173,0.0907,0.0635153,0.00644623,0.00287144,0.00644237,0.00732228,0.00551609,0.00266975,0.00243759,0.0153662,0.0215727,0.0157578,0.00428414,0.00286839,0.00464871,0.00550117,0.0101794,0.0160429,0.0127721,0.0192329,0.0600273,0.0391602,0.00564897,0.00554482,0.00656436,0.00639715,0.00135231,0.00285409,0.00396683,0.00735532,0.0115289,0.00976199,0.00775763,0.00709459,0.0034845,0.00403508,0.0075033,0.0141753,0.0137061,0.0147457,0.0357734,0.0329333,0.00809157,0.00626108,0.0164978,0.0166307,0.00389732,0.00569975,0.00650759,0.0106543,0.0152632,0.0164292,0.012433,0.00559968,0.00453413,0.00399098,0.00320511,0.00762269,0.00787442,0.0107731,0.0411251,0.0701876,0.0236471,0.00646045,0.00225931,0.00109567,0.00621724,0.00990369,0.00490838,0.00630765,0.0241213,0.0349167,0.0183933,0.00412415,0.00185728,0.000751729
160.496326531,0.00554138,0.00958363,0.00620539,0.00453101,0.025313,0.0943397,0.066789,0.00718564,0.00267672,0.00269581,0.00189699,0.00352079,0.00291612,0.00254481,0.0155189,0.0220249,0.0164846,0.00428402,0.00234091,0.00464779,0.00549514,0.0101529,0.0159889,0.0127747,0.0191774,0.0630722,0.0449946,0.00813232,0.00523109,0.00655771,0.00659243,0.00163402,0.00261235,0.00364151,0.00731404,0.0121845,0.0114819,0.00627013,0.00345131,0.0032322,0.00375323,0.00743051,0.0137705,0.0133263,0.0146362,0.037893,0.0375295,0.0100219,0.00621685,0.0154643,0.0167018,0.00297061,0.00277328,0.00453793,0.0107527,0.0179293,0.0193222,0.0131452,0.00493064,0.00165138,0.0014889,0.00262688,0.00756525,0.00732233,0.0111399,0.0471078,0.077848,0.0263834,0.00681295,0.00227868,0.00064946,0.00326227,0.00724884,0.00352459,0.00375063,0.0238184,0.0378619,0.0195482,0.0042554,0.00185715,0.000750149
161.982403628,0.00547232,0.00964137,0.00620031,0.00462787,0.0274722,0.0980491,0.0680054,0.00721453,0.00271587,0.00270214,0.00191748,0.00352776,0.00289979,0.00266744,0.0156459,0.0222395,0.0166899,0.00425693,0.00238836,0.00473429,0.00447693,0.00618686,0.0106932,0.0104978,0.0191261,0.0636832,0.045612,0.00830066,0.00535632,0.00667814,0.00663248,0.00153972,0.00124866,0.0030864,0.00779113,0.012364,0.0115243,0.00609439,0.00333855,0.00323611,0.0037784,0.00750089,0.0134126,0.00822994,0.00908086,0.0367973,0.038256,0.0102874,0.00640638,0.0154732,0.0166759,0.00282007,0.00250211,0.00352755,0.00989838,0.0176233,0.018906,0.0129243,0.00498135,0.00156455,0.00147505,0.00264155,0.00722112,0.0053163,0.00795199,0.0457268,0.0783858,0.026622,0.00682931,0.00227273,0.000542962,0.00328794,0.00738206,0.00326702,0.00306486,0.0226653,0.0371866,0.0194341,0.00424593,0.00176062,0.000630693
163.468480726,0.00504793,0.00700295,0.00359115,0.00442558,0.027985,0.100261,0.0705476,0.00788882,0.00306487,0.00356604,0.00220147,0.00298983,0.00256905,0.00264182,0.0156781,0.0236591,0.0189577,0.0046763,0.00247044,0.00479266,0.00447567,0.00540844,0.00737381,0.00740421,0.0184483,0.0638658,0.046262,0.00887678,0.006258,0.00744352,0.00692406,0.00158871,0.00126488,0.00312817,0.00783736,0.0120143,0.0120378,0.00670253,0.00348191,0.00348716,0.00388473,0.00731527,0.0132673,0.00854457,0.00945271,0.0380008,0.0390017,0.010793,0.00641806,0.0167619,0.0205925,0.00447211,0.00250439,0.00353189,0.00994454,0.0176454,0.0189286,0.0135738,0.00530492,0.00174064,0.00185207,0.00300118,0.00739044,0.00530509,0.0080818,0.0463662,0.0787222,0.0265793,0.00685355,0.00231194,0.000777974,0.00379035,0.00742077,0.00331003,0.00334998,0.0233497,0.0376859,0.0195455,0.00432968,0.00179875,0.000641547
164.954557823,0.00526508,0.00769051,0.00460065,0.00497293,0.0284065,0.100452,0.0704721,0.00750027,0.00270316,0.00351791,0.00219177,0.00305899,0.00248089,0.00236422,0.0157923,0.0243215,0.0191732,0.00448732,0.00233967,0.00470588,0.0049136,0.00636376,0.00665273,0.00381999,0.0151361,0.0634398,0.0466175,0.0086191,0.00461407,0.00726701,0.00701053,0.00181323,0.00128368,0.00233021,0.00719239,0.0120684,0.0125702,0.00719226,0.0038094,0.00346785,0.0042989,0.00884208,0.014913,0.00852212,0.00837341,0.0371397,0.0389955,0.0108785,0.00664182,0.01663,0.0208345,0.00548019,0.00374939,0.00238175,0.00332658,0.0119124,0.0177213,0.0135875,0.00529511,0.00174381,0.00190004,0.00324831,0.0077768,0.00588988,0.0069534,0.0413638,0.0772422,0.0264052,0.00686292,0.00231836,0.000834326,0.00381908,0.00758001,0.00375485,0.00284028,0.0179541,0.0345475,0.0193573,0.00445101,0.0018015,0.000645151
166.440634921,0.00539952,0.00770066,0.00490531,0.00586575,0.0298973,0.104383,0.0723266,0.00744422,0.00266318,0.00362892,0.00254988,0.00327195,0.00258469,0.00256306,0.0160873,0.0249032,0.0198715,0.00470245,0.00235729,0.00478029,0.00517961,0.0064274,0.00693863,0.0044893,0.0161841,0.0656185,0.0485078,0.00869434,0.00466193,0.00733942,0.00708819,0.00185491,0.00157477,0.003065,0.00824734,0.0130913,0.0130722,0.00720924,0.00371645,0.00343144,0.00439281,0.008856,0.0149668,0.00895168,0.00888892,0.0384537,0.0404791,0.0114008,0.00701831,0.0167721,0.0209153,0.0055559,0.00379561,0.00240955,0.00328182,0.0119294,0.0184063,0.0141549,0.00551636,0.00176621,0.00186049,0.0032823,0.00781623,0.00612561,0.00727602,0.0423038,0.0787153,0.0268837,0.00707234,0.00242587,0.000813325,0.00400541,0.00774279,0.00387608,0.00301439,0.0181776,0.0347579,0.0195861,0.00464049,0.00190778,0.000770534
167.926712018,0.00634896,0.00825625,0.00494707,0.00590458,0.0300174,0.109035,0.0766743,0.0079973,0.00264532,0.00364025,0.00285707,0.00332502,0.00253815,0.00256424,0.0178391,0.0286087,0.022699,0.00534438,0.00239643,0.00478071,0.00529251,0.00670333,0.00712467,0.00451961,0.0162911,0.0726418,0.0542275,0.00971225,0.00468551,0.0073445,0.00784491,0.00229248,0.00154656,0.00305603,0.00962643,0.016633,0.0153439,0.00763832,0.00372176,0.00343063,0.0046881,0.00931173,0.0151131,0.00894766,0.00891418,0.0425665,0.046899,0.0134215,0.00708582,0.0167699,0.0209085,0.0055554,0.00379535,0.00240172,0.00381323,0.0138301,0.0205306,0.0147521,0.00554553,0.00177072,0.00198088,0.00359272,0.00801537,0.0061173,0.00729977,0.0465149,0.0843787,0.0284602,0.0070733,0.00243121,0.000996784,0.0041877,0.00775855,0.00386461,0.00319772,0.0194716,0.0373465,0.0206918,0.0047248,0.00198345,0.00105651
169.412789116,0.00854691,0.00914912,0.00494658,0.0060161,0.0335888,0.122158,0.0799729,0.00818587,0.00267951,0.00376695,0.00591498,0.00368334,0.00248514,0.00250111,0.0175718,0.0269604,0.0190104,0.00465902,0.00187754,0.0044952,0.00608373,0.0070202,0.00705694,0.00447139,0.0164207,0.0771865,0.0583094,0.00995481,0.0041288,0.00661019,0.00780652,0.00220739,0.00137588,0.00291128,0.010359,0.018897,0.0161648,0.00623473,0.00196594,0.00238437,0.00468443,0.00944517,0.0150059,0.00885089,0.0090724,0.0468707,0.0523745,0.0122459,0.00621908,0.0164122,0.0215233,0.00677045,0.00378439,0.0024561,0.00501051,0.0129225,0.0134752,0.00923937,0.00250937,0.00134221,0.00200387,0.00433019,0.0081255,0.00611682,0.00749325,0.0473849,0.0848051,0.0267935,0.00281479,0.00138977,0.00218237,0.00521627,0.00775952,0.0038711,0.00360231,0.013516,0.0210241,0.0147361,0.00378255,0.00049849,0.00105651
170.898866213,0.00890156,0.0106174,0.00631608,0.00588218,0.0328244,0.121553,0.0802133,0.00865156,0.00348076,0.00460213,0.00635883,0.00568038,0.00361058,0.00190574,0.0164844,0.0299635,0.0232906,0.00585904,0.00180787,0.00447407,0.00705772,0.00789596,0.0068067,0.00391032,0.0164407,0.0823489,0.0594024,0.00986639,0.00477808,0.00987366,0.0123484,0.00320911,0.00166804,0.00278703,0.00948819,0.019483,0.0167923,0.00658712,0.00193695,0.00279105,0.00534026,0.00943316,0.0148655,0.00895688,0.00983889,0.0502534,0.0536976,0.0122824,0.00623147,0.0162866,0.0219389,0.00787786,0.00642184,0.00368707,0.0049045,0.0126919,0.013365,0.00913342,0.00266904,0.00141388,0.00194259,0.00427228,0.00865394,0.00625061,0.00750159,0.0507776,0.0919267,0.0285521,0.00283096,0.00121431,0.0028595,0.00687607,0.00782035,0.00371884,0.00286475,0.0124822,0.0238405,0.0156551,0.00245911,0.000476388,0.00105886
172.384943311,0.0160818,0.0145073,0.00759364,0.00587684,0.0367404,0.134258,0.0836081,0.00803661,0.00224033,0.00479373,0.011017,0.00777217,0.00389573,0.00268886,0.0170992,0.0300394,0.0226035,0.00433823,0.00390306,0.00925589,0.00932837,0.0109912,0.0112007,0.00670324,0.0188058,0.0844615,0.0617211,0.00930504,0.00378422,0.00823576,0.0108635,0.0031184,0.00177696,0.00268006,0.00912825,0.0202157,0.0181074,0.00738615,0.00198083,0.00332769,0.0056255,0.0130862,0.0202582,0.0107483,0.0111307,0.0507967,0.0548923,0.0139436,0.0076654,0.0222157,0.0284784,0.00812813,0.00645682,0.00364387,0.00478575,0.0122784,0.0131132,0.00899747,0.00237645,0.00108064,0.00149273,0.00459137,0.0110616,0.0100362,0.0097391,0.049191,0.0901361,0.0298129,0.00362405,0.00118225,0.00286966,0.00894598,0.0147379,0.00728262,0.00289629,0.0115996,0.0231005,0.0152456,0.0023766,0.000480793,0.00162716
173.871020408,0.0167744,0.0138357,0.00632687,0.00507249,0.0369633,0.13624,0.0862087,0.00798335,0.00223311,0.00508494,0.0119924,0.00875562,0.00414408,0.00257128,0.0172269,0.0315386,0.0238441,0.00429464,0.00377156,0.00986108,0.0121516,0.0136926,0.009912,0.00565042,0.0203489,0.0913128,0.0692801,0.00934531,0.00377755,0.00852404,0.0119565,0.00517153,0.00274374,0.00234221,0.00864487,0.0208818,0.019444,0.00724573,0.00196563,0.00348568,0.00652637,0.0141569,0.018635,0.00796755,0.0118752,0.0583939,0.0613081,0.0141733,0.00766188,0.0219067,0.0280212,0.00846052,0.00678006,0.00343971,0.00456306,0.0129801,0.0138572,0.00852234,0.00165402,0.00110005,0.00240791,0.00631255,0.0100418,0.00855787,0.0102025,0.0546379,0.0967862,0.0321893,0.00240778,0.000329017,0.00335204,0.0100185,0.0158116,0.00781137,0.00307492,0.0120617,0.0233592,0.015161,0.00186929,0.000852317,0.00422842
175.357097506,0.0168778,0.013922,0.00610693,0.00478226,0.0366662,0.14254,0.0905729,0.00867979,0.00228344,0.00509728,0.0120096,0.00875263,0.0039239,0.00203493,0.0166269,0.0326377,0.0243595,0.00419951,0.00380547,0.00986258,0.0124975,0.0142918,0.0101272,0.00556846,0.0195072,0.0930079,0.0702868,0.00919837,0.00392107,0.00862588,0.0119792,0.00520496,0.00253565,0.00160726,0.00831009,0.0221141,0.0214305,0.00742136,0.00190675,0.00348776,0.00656585,0.0142,0.0186374,0.00795176,0.0112905,0.0575472,0.0624313,0.0147764,0.00777734,0.0219503,0.0282329,0.00868681,0.00672006,0.00293822,0.00417955,0.014285,0.0165236,0.00932153,0.00173196,0.00111669,0.00250112,0.0064133,0.0100393,0.00865325,0.00994568,0.0557491,0.100799,0.03364,0.0024359,0.000334921,0.00392243,0.0107311,0.0160472,0.00763495,0.00264611,0.0128342,0.0266743,0.0157064,0.00170881,0.000834531,0.00433379
176.843174603,0.0168143,0.0139224,0.00612785,0.00469658,0.0375796,0.142674,0.0898569,0.00701156,0.00211484,0.00498186,0.0118844,0.00874249,0.0039239,0.00199541,0.0151623,0.0299188,0.0187418,0.00362954,0.00371733,0.00961986,0.0124938,0.0142926,0.0101468,0.00560396,0.0176795,0.0864121,0.0688881,0.00835818,0.0038683,0.008591,0.0119465,0.00520321,0.00253708,0.00156211,0.00767535,0.0215783,0.0201736,0.00681084,0.00186204,0.00348776,0.00657053,0.0142094,0.0186374,0.00791024,0.0103133,0.0558186,0.0623303,0.0129834,0.0075246,0.0219488,0.0281615,0.00867491,0.00672006,0.00293427,0.00383188,0.0131128,0.0157067,0.00830985,0.00146511,0.00107876,0.00253198,0.00648175,0.0100394,0.00881387,0.00960158,0.0543899,0.101086,0.0326425,0.00221627,0.000316265,0.00390901,0.0107326,0.0160472,0.00764967,0.00261161,0.0121519,0.0265388,0.0145251,0.00113429,0.000807555,0.00433379
178.329251701,0.0152342,0.0124258,0.00577425,0.00468829,0.0359504,0.123723,0.0820232,0.00673393,0.00211484,0.00498186,0.0119359,0.00794448,0.00347687,0.00199541,0.00508709,0.0184525,0.0163001,0.00362255,0.00366059,0.00961566,0.012495,0.0142352,0.0101412,0.0055784,0.016711,0.0833238,0.0683817,0.00870512,0.00386161,0.008591,0.0120128,0.0050134,0.0024048,0.00156213,0.00474663,0.0179235,0.0174794,0.00543237,0.00174358,0.00336746,0.00645495,0.0142096,0.0186374,0.00789351,0.00958742,0.058466,0.0661601,0.0154874,0.00749988,0.0219488,0.0281714,0.00867556,0.00669439,0.00292876,0.00370462,0.0122992,0.0128344,0.00452061,0.00119464,0.000991606,0.00223196,0.00645952,0.0100394,0.0087935,0.00904297,0.0516526,0.0902807,0.0325479,0.00216679,0.000316265,0.00391836,0.0107539,0.0158597,0.00764969,0.00227278,0.00955362,0.0221763,0.00796065,0.000903807,0.000766444,0.00379991
179.815328798,0.0152697,0.0124348,0.00577425,0.00468829,0.0435844,0.150338,0.0969599,0.00668544,0.00184937,0.00509532,0.013399,0.00699319,0.00262834,0.00189868,0.00511854,0.0186059,0.0158327,0.00342717,0.00350311,0.00961566,0.012495,0.0142352,0.0101412,0.0055784,0.0202935,0.0914776,0.0768748,0.0099971,0.00289773,0.00598734,0.0105839,0.00504323,0.00224555,0.00152647,0.00474663,0.017818,0.0179255,0.00542098,0.0016789,0.00290225,0.00540822,0.0140928,0.0186374,0.00789351,0.010691,0.0645786,0.0748198,0.0154866,0.00749988,0.0219488,0.0292123,0.00846536,0.004789,0.00200256,0.00360686,0.0125376,0.0132453,0.00456291,0.00115951,0.000986403,0.00231461,0.00644338,0.00963919,0.008594,0.00951869,0.0511181,0.0885712,0.030081,0.00215852,0.000316265,0.00391836,0.0107539,0.0158597,0.00760732,0.00224879,0.00900041,0.0192892,0.00664465,0.000899114,0.000764526,0.00379991
181.301405896,0.0203348,0.0172396,0.00491153,0.00456146,0.0580138,0.188191,0.114,0.00540868,0.00184937,0.00509818,0.0134103,0.00699319,0.00261863,0.00180547,0.00506199,0.0211852,0.0169077,0.00342717,0.00258454,0.00677493,0.013184,0.0174541,0.00610401,0.00449019,0.0473591,0.170591,0.12779,0.0099971,0.00289773,0.00598734,0.0108906,0.00625585,0.00224555,0.00141293,0.00466106,0.0191277,0.0208594,0.00476358,0.000915873,0.00210421,0.00510769,0.0117496,0.00794801,0.00421144,0.0243409,0.126379,0.130661,0.0190788,0.00441152,0.00919424,0.0138114,0.006748,0.00470804,0.00183115,0.0032358,0.0182459,0.0189473,0.00456291,0.00115951,0.000986403,0.0032823,0.0103762,0.0102196,0.00568319,0.00942551,0.0784137,0.120623,0.0415261,0.00215852,0.000316265,0.00631516,0.00919082,0.00918613,0.00480859,0.00189859,0.00889454,0.0192827,0.00664465,0.000899114,0.000764526,0.00436145
182.787482993,0.0203081,0.0172502,0.00483764,0.00282924,0.0504793,0.231449,0.140987,0.00860235,0.00181939,0.00522991,0.0208539,0.0116586,0.00261863,0.00180547,0.00596638,0.0261856,0.0183017,0.00342379,0.00258454,0.00677493,0.013184,0.0174541,0.00610401,0.0039565,0.0416627,0.214061,0.173744,0.0186536,0.00289138,0.00593661,0.0106717,0.00625416,0.00224555,0.00141293,0.00454538,0.0200638,0.0238747,0.00473829,0.000915873,0.00210421,0.00506075,0.0117496,0.00794801,0.00418822,0.0226894,0.167753,0.200507,0.0350485,0.00441152,0.00918481,0.0137238,0.006748,0.00470804,0.00183115,0.0032358,0.0242134,0.0286889,0.00459699,0.00115951,0.000986403,0.0032823,0.0103762,0.0101872,0.00568319,0.00902519,0.134754,0.245252,0.0803419,0.00207703,0.000316265,0.00620487,0.00908936,0.00918613,0.00480859,0.00189859,0.0126668,0.0326184,0.00733823,0.000899114,0.000764526,0.00434337
184.273560091,0.0236919,0.0187319,0.0048952,0.00281928,0.0567625,0.286348,0.173323,0.00924128,0.00174836,0.00522591,0.0205884,0.0114171,0.00236385,0.00169749,0.00585637,0.0271488,0.0201313,0.00380562,0.00258234,0.00677493,0.0167842,0.0200315,0.00615415,0.00394389,0.0449232,0.242197,0.202119,0.0178061,0.00252093,0.0060408,0.0131849,0.00783589,0.00219866,0.00141169,0.00507413,0.0206565,0.0243483,0.00422628,0.000852836,0.00210421,0.00733497,0.0131837,0.00800788,0.00418822,0.0229303,0.193006,0.24871,0.0377153,0.00420075,0.00920618,0.0143712,0.00873056,0.00470804,0.00183115,0.00316731,0.0224766,0.0278129,0.00537944,0.00121898,0.000986403,0.00344446,0.0175697,0.0110092,0.00569896,0.00829558,0.141157,0.275209,0.0836046,0.00183405,0.000333976,0.00722402,0.0128173,0.00918613,0.00480859,0.00207037,0.0124106,0.0310999,0.00658852,0.000767861,0.000764526,0.00451209
185.759637188,0.0234527,0.0186356,0.0048952,0.00272235,0.0633,0.315689,0.195995,0.00927037,0.00229307,0.00518992,0.0205627,0.0114016,0.00236277,0.00210837,0.0159646,0.057811,0.0223124,0.0037888,0.00249793,0.00652837,0.0166938,0.0200076,0.0061447,0.00389575,0.0527553,0.291321,0.228502,0.0181221,0.00250591,0.00610444,0.0131303,0.0078244,0.00219232,0.00106655,0.0060377,0.028665,0.0338861,0.00451441,0.000837253,0.00209899,0.00730282,0.0131133,0.00798684,0.00416404,0.0254074,0.235096,0.285877,0.0421245,0.00416917,0.0094422,0.014349,0.0086811,0.0046531,0.00179896,0.00546773,0.0370287,0.0450749,0.00591657,0.0011611,0.000963622,0.00337905,0.0175332,0.0109736,0.00569348,0.00981528,0.178761,0.320854,0.0963745,0.00180976,0.00031344,0.00716853,0.0126836,0.00904657,0.00477454,0.00204739,0.0132903,0.0321284,0.00725325,0.00076453,0.000763641,0.00449354
187.245714286,0.0230991,0.0184244,0.00487643,0.00269785,0.0627835,0.314232,0.195005,0.0092782,0.00197848,0.00432602,0.0200045,0.0113224,0.00236429,0.00211645,0.0157253,0.0567394,0.0206755,0.00353145,0.00244219,0.00647,0.0166841,0.0195869,0.00594384,0.00388461,0.0554266,0.304448,0.242464,0.0175339,0.0015752,0.00534091,0.0128387,0.00777181,0.00216848,0.00102478,0.00620442,0.0360313,0.0492407,0.00772944,0.000739018,0.00184793,0.00719649,0.0131102,0.00797172,0.00408453,0.0282183,0.247675,0.299489,0.0417376,0.00413391,0.00811758,0.0104264,0.00702903,0.00464645,0.00179627,0.00568364,0.0446757,0.0579508,0.00807718,0.000837523,0.000714925,0.00289077,0.0171651,0.0108975,0.00584406,0.00985645,0.186045,0.339506,0.103997,0.00187012,0.000541585,0.00693352,0.0121812,0.00900702,0.00473153,0.00309327,0.0213463,0.0478127,0.00875378,0.000768281,0.000975045,0.00454658
188.731791383,0.0229421,0.017723,0.00377201,0.00189356,0.0629328,0.315072,0.195238,0.0092196,0.00197941,0.00433813,0.0202625,0.0111905,0.00196881,0.00161504,0.0152974,0.0584182,0.0235957,0.0042045,0.00242945,0.00654936,0.0162965,0.018494,0.00550522,0.00380221,0.0553802,0.304886,0.243131,0.0175332,0.00153307,0.00533825,0.0127522,0.00754682,0.00200121,0.000903481,0.00603098,0.0361689,0.0492723,0.00753666,0.000448123,0.0017393,0.00678232,0.0115834,0.00624058,0.00353805,0.0280247,0.248853,0.300132,0.0415275,0.00388116,0.00792405,0.0101845,0.00602095,0.00330793,0.00152618,0.0054497,0.0442935,0.0586711,0.00862278,0.000877119,0.000711756,0.0028428,0.016918,0.0105111,0.00519512,0.00891593,0.18526,0.339336,0.104049,0.00183114,0.000535158,0.00687717,0.0121525,0.00884777,0.00426522,0.00267908,0.0209171,0.0471755,0.00821772,0.000660417,0.000972369,0.00454298
190.217868481,0.0228554,0.0177793,0.00349966,0.00101228,0.0614661,0.311414,0.193446,0.00920055,0.00198716,0.00424589,0.01995,0.0110325,0.00193499,0.00150299,0.0150504,0.0580426,0.0229971,0.0039039,0.00241368,0.00652293,0.0160668,0.0184698,0.00525854,0.00324207,0.0546145,0.304169,0.242334,0.0174004,0.0014307,0.00543506,0.0129528,0.00767927,0.0017758,0.000296587,0.00534957,0.0355834,0.0488909,0.00744486,0.000465862,0.00209219,0.00706167,0.0117086,0.006338,0.00312278,0.0282519,0.249152,0.29957,0.0409375,0.00337873,0.0077445,0.0101822,0.00603154,0.00324007,0.0015048,0.00543945,0.0443509,0.0582228,0.0082045,0.000628298,0.000537584,0.00301855,0.0169041,0.0104328,0.00509107,0.0091554,0.185486,0.338931,0.103783,0.00162239,0.000386306,0.0070041,0.0120863,0.00868144,0.00414429,0.00255172,0.0212685,0.0479222,0.00841156,0.000453294,0.000920069,0.00575181
191.703945578,0.0218164,0.0171493,0.00344953,0.000965677,0.0612532,0.306113,0.188634,0.00855658,0.0019754,0.00423484,0.0195755,0.0108644,0.00193535,0.00150259,0.0132657,0.0538594,0.0198156,0.00322764,0.00237643,0.00652279,0.0159263,0.0181487,0.00502995,0.00320536,0.0544812,0.296862,0.23644,0.0163527,0.00140726,0.00542883,0.0122298,0.0077823,0.00180716,0.000302714,0.00394573,0.0319697,0.0466213,0.00700233,0.000484773,0.00213987,0.00676567,0.0112303,0.00617417,0.00312305,0.0282187,0.244981,0.293203,0.0391338,0.00338673,0.00774544,0.0101863,0.00604773,0.00328452,0.00151775,0.00491847,0.0424461,0.0560993,0.00760971,0.000641961,0.000578498,0.00289858,0.0165934,0.0102421,0.00512854,0.00914531,0.181291,0.333249,0.102207,0.00163186,0.000463117,0.00704056,0.0119905,0.00868971,0.00414937,0.00238148,0.0199859,0.0453287,0.00730747,0.000417693,0.000886981,0.00547689
193.190022676,0.0196162,0.0162488,0.00343729,0.000846788,0.0574349,0.291423,0.182881,0.00787319,0.00155974,0.00386527,0.0165014,0.0104942,0.00193548,0.00150098,0.0131009,0.0528205,0.0196794,0.00315385,0.00236716,0.0065144,0.0151156,0.0177944,0.00502997,0.00319598,0.0537224,0.290411,0.230628,0.0154633,0.00121389,0.00542889,0.012219,0.00778292,0.0018072,0.000302723,0.00313605,0.0293348,0.0446507,0.00689855,0.000459574,0.00212491,0.00670147,0.0110108,0.00606296,0.00302242,0.0280048,0.239505,0.284203,0.0375765,0.00293389,0.00774553,0.00957148,0.00481842,0.00328461,0.00146265,0.0036994,0.0402213,0.0551822,0.00737468,0.000612294,0.000578499,0.00287568,0.0158442,0.0101248,0.00512855,0.00893384,0.175708,0.322359,0.097862,0.00145447,0.000420964,0.00585506,0.0109603,0.00868867,0.00414289,0.00197437,0.017763,0.0431962,0.0070455,0.000320975,0.000883388,0.00547693
194.676099773,0.0191576,0.0147704,0.00167183,0.000245835,0.0572498,0.29054,0.18166,0.00731824,0.000729649,0.00302482,0.0160447,0.00830818,0.000685876,0.00146461,0.013092,0.0492243,0.0151559,0.00190877,0.00236718,0.00648861,0.0141349,0.0168948,0.00492804,0.00319489,0.0530312,0.284227,0.228104,0.0153437,0.000464187,0.00215571,0.00767597,0.00677594,0.0012891,0.000203117,0.00306462,0.0275077,0.0430329,0.00644307,0.000457097,0.00166424,0.00602476,0.0110108,0.00603386,0.00229313,0.0266754,0.235411,0.282159,0.0373769,0.00273859,0.00749718,0.00910238,0.00370544,0.000610286,0.000159142,0.00361455,0.0399322,0.0546246,0.00688817,0.000316744,0.000453452,0.00287569,0.0158192,0.00955534,0.00453726,0.00849898,0.172215,0.314588,0.0953268,0.00119875,0.000413399,0.00515916,0.00927805,0.0084795,0.00413933,0.00197021,0.0174556,0.0398321,0.00535354,0.000202306,0.000883526,0.00547461
196.162176871,0.0119774,0.0108805,0.000394268,0.000245835,0.0532011,0.276603,0.175061,0.00731824,0.00072965,0.00135498,0.010681,0.00613955,0.000398302,0.000673895,0.0124411,0.04905,0.0151559,0.00190877,0.000191374,0.0014549,0.0115706,0.0137632,0.000534033,0.000368369,0.0505336,0.281325,0.225409,0.0153437,0.000438409,0.00211146,0.0076624,0.00670145,0.00113726,0.000203119,0.00287193,0.0265716,0.0416638,0.00554467,0.000222441,0.000698161,0.00505781,0.00663335,0.000552735,0.000422339,0.0251746,0.233549,0.280242,0.0351715,0.000399998,0.000362481,0.00215507,0.00345518,0.00057533,0.000159252,0.0032618,0.0396095,0.0545559,0.0068874,0.000316761,0.000299314,0.00274912,0.0153157,0.00714706,0.000715377,0.00606434,0.172205,0.31436,0.0936555,0.000295221,0.000406783,0.00514905,0.00720815,0.00156197,0.000574336,0.00177526,0.0173514,0.0398014,0.00535354,0.000202309,0.000878557,0.00490634
197.648253968,0.0107501,0.00967484,0.000153681,0.000145413,0.0514283,0.270737,0.171437,0.00724663,0.000719341,0.00105313,0.00970482,0.00515609,0.000109247,0.000673895,0.0120361,0.0471583,0.0136548,0.00181104,0.000191374,0.000847985,0.00866706,0.0102997,0.000404563,0.000321204,0.0476857,0.270935,0.216139,0.0152851,0.000438409,0.0018163,0.00656941,0.00464208,0.000114088,0.000195413,0.00282311,0.02552,0.0401012,0.00554467,0.000222441,0.000540173,0.0041429,0.00525605,0.000377955,0.000422339,0.0229417,0.223894,0.271815,0.0346906,0.000399998,0.000362481,0.00206715,0.00303093,0.000209883,0.000159252,0.0032618,0.0387803,0.0538014,0.00683852,0.000316762,7.45611e-05,0.00171673,0.0128305,0.00535304,0.000715377,0.00559608,0.166337,0.305306,0.0891615,0.000295222,0.000406785,0.00439573,0.00612315,0.000474318,3.76145e-05,0.0015965,0.0167989,0.0393838,0.00530909,0.000202309,0.000387113,0.00226624
199.134331066,0.010645,0.00955196,0.000153681,0.000129419,0.0512151,0.261774,0.164355,0.00584797,0.000628646,0.00103266,0.00968765,0.00514867,0.000109247,0.000672849,0.0120053,0.0455293,0.0128196,0.001748,0.000157473,0.000846486,0.00831301,0.00967404,0.00018527,0.000321204,0.0476531,0.267712,0.212558,0.0142829,0.000144559,0.00170304,0.00653752,0.00459936,0.000113421,0.000195413,0.00273055,0.0233676,0.0376595,0.00497493,0.000194841,0.000538096,0.00410342,0.00518438,0.000352439,0.000376885,0.0227962,0.222121,0.26915,0.0339478,0.000284539,0.00031889,0.00185549,0.0027977,0.000156294,0.000141918,0.00323598,0.0374753,0.0511232,0.00602488,0.000238819,5.79183e-05,0.00162353,0.0127297,0.00530524,0.000607275,0.00552832,0.16316,0.298173,0.0871275,0.000245632,0.000395177,0.00382489,0.00541056,0.000226351,2.64619e-05,0.00158988,0.0158361,0.0360237,0.00455736,0.000159349,0.000363954,0.0021587
200.620408163,0.0106441,0.00955155,0.000132762,0.000106058,0.0486339,0.253725,0.160348,0.00584797,0.000628646,0.00103266,0.00968763,0.00514867,0.000109247,0.000672849,0.0119734,0.0452544,0.0125432,0.00174495,0.000157412,0.000846486,0.00831178,0.00967322,0.000165674,0.000218113,0.0472256,0.265002,0.210428,0.0142749,0.000144397,0.00170304,0.00653511,0.00459589,0.000111995,0.000195214,0.00272636,0.0232397,0.0372284,0.00496862,0.000192659,0.000538096,0.00409874,0.00517498,0.000352439,0.000340829,0.0224386,0.21923,0.264814,0.0338791,0.00028311,0.00031889,0.00185529,0.00279026,0.000156294,0.000141918,0.00320995,0.0372268,0.050627,0.00589572,0.000238819,5.79183e-05,0.00158589,0.0126501,0.00530523,0.000446656,0.00545183,0.161972,0.295019,0.0867717,0.000245325,0.000395177,0.00382419,0.00540912,0.000226351,1.17362e-05,0.00158964,0.0157617,0.035341,0.00427017,0.000154541,0.000357028,0.0021587
202.106485261,0.0106441,0.00955155,0.000132762,0.000104397,0.0472229,0.243087,0.15166,0.00546766,0.000628646,0.00103266,0.00963613,0.00512659,0.000109247,0.000672849,0.0119703,0.0451162,0.0123126,0.0017297,0.000157412,0.000846486,0.0083106,0.00967322,0.000165674,0.000217213,0.0465681,0.258935,0.205159,0.0136697,0.000144397,0.00170304,0.00646879,0.00455211,0.000111995,0.000195194,0.00272536,0.0231551,0.0371398,0.0049303,0.000192659,0.000538096,0.00409854,0.00517476,0.000352439,0.00033967,0.0223811,0.211328,0.253483,0.0306597,0.00028311,0.00031889,0.00184531,0.00277911,0.000156294,0.000141914,0.00320977,0.0371917,0.0505798,0.00588156,0.000238819,5.79183e-05,0.00158589,0.0126501,0.00530523,0.000446481,0.00544311,0.158561,0.289011,0.0848238,0.000245325,0.000395177,0.00381483,0.00535991,0.000225502,1.17189e-05,0.00158964,0.0156949,0.0352278,0.00422521,0.000153953,0.000357016,0.00215802
203.592562358,0.0106086,0.00954258,0.000132762,0.000104397,0.0392178,0.214616,0.134602,0.00546766,0.000628646,0.000370676,0.00792609,0.00473682,0.000109247,0.000672849,0.0119234,0.044752,0.0122174,0.0017297,0.000157412,0.000846486,0.0083106,0.00967322,0.000165674,0.000217213,0.0429856,0.242475,0.190907,0.0116189,0.000144397,0.000513083,0.00337828,0.00384728,0.000111995,0.000195194,0.00272536,0.0226794,0.0365513,0.0049303,0.000192659,0.000538096,0.00409854,0.00517476,0.000352439,0.00033967,0.021039,0.20161,0.242075,0.0302149,0.00028311,0.00031889,0.000804513,0.0020994,5.10025e-05,0.000141914,0.00320977,0.0368741,0.0501296,0.00583618,0.000238819,5.79183e-05,0.00150324,0.0126292,0.00530523,0.000446481,0.00489842,0.15303,0.277194,0.0817335,0.000245325,0.000395177,0.00381483,0.00535991,0.000225502,1.17189e-05,0.00158964,0.0156227,0.034853,0.0041623,0.000153953,0.000357016,0.00215802
205.078639456,0.0035626,0.00156748,0.000132762,0.000104397,0.0175886,0.149825,0.0949114,0.00546766,0.000628646,0.000367819,0.00791479,0.00473682,0.000109247,0.000672849,0.0119114,0.0414183,0.0111424,0.0017297,0.000157412,0.000132045,0.00372124,0.00269683,0.000165674,0.000217213,0.0144671,0.155883,0.132707,0.0116189,0.000144397,0.000513083,0.00307162,0.00263466,0.000111995,0.000195194,0.00267109,0.0213372,0.0335049,0.0049303,0.000192659,0.000412023,0.00270353,0.00162982,0.000352439,0.00033967,0.0069375,0.138213,0.18478,0.0263796,0.00028311,0.00031889,0.000804513,0.0020994,5.10025e-05,0.000141914,0.00320977,0.0310484,0.0444218,0.00583618,0.000238819,5.79183e-05,0.000430121,0.00729154,0.000978356,0.000446481,0.00250323,0.123089,0.24072,0.0700309,0.000245325,0.000395177,0.00141804,0.00397488,2.8567e-05,1.17189e-05,0.00158964,0.0156227,0.034853,0.0041623,0.000153953,0.000357016,0.00159648
206.564716553,0.00356214,0.00155689,0.000132762,0.000104397,0.0160094,0.0937672,0.0616634,0.002133,0.000628646,4.77311e-05,0.000307355,7.14607e-05,0.000109247,0.000672849,0.0104057,0.0353449,0.00899235,0.00171802,0.000157412,0.000132045,0.00372124,0.00269683,0.000165674,0.000217213,0.0144671,0.0968818,0.0781712,0.00278936,0.000144397,0.000513083,0.00307162,0.00263466,0.000111995,0.000195194,0.00267109,0.0179076,0.029051,0.00492185,0.000192659,0.000412023,0.00270353,0.00162982,0.000352439,0.00033967,0.0069375,0.0869773,0.107065,0.00973353,0.00028311,0.00031889,0.000804513,0.0020994,5.10025e-05,0.000141914,0.00320977,0.0244409,0.0339853,0.0058021,0.000238819,5.79183e-05,0.000430121,0.00729154,0.000978356,0.000446481,0.00250323,0.0599157,0.104667,0.0272474,0.000245325,0.000395177,0.00141804,0.00397488,2.8567e-05,1.17189e-05,0.00158964,0.0118504,0.0209763,0.00341055,0.000153953,0.000357016,0.00159648
208.050793651,0.000120806,7.51548e-05,7.52003e-05,0.000104397,0.00953048,0.0351913,0.0259717,0.000753442,0.000628646,4.77311e-05,0.000307355,7.14607e-05,0.000109247,0.000672849,0.010363,0.0339294,0.00643513,0.00121756,0.000157412,0.000132045,0.00012099,8.9875e-05,5.98233e-05,0.000217213,0.0111958,0.065314,0.0438184,0.000877282,0.000144397,0.000400487,0.00035823,0.000762132,0.000101351,0.000195194,0.00214141,0.0166586,0.026512,0.00450803,0.000192659,0.000412023,0.000397267,0.000143785,0.000292575,0.00033967,0.00662646,0.0596005,0.054262,0.0051302,0.00028311,0.000291549,8.60222e-05,0.000111758,5.10025e-05,0.000141914,0.00308115,0.023494,0.0319684,0.00427226,0.000133335,5.79183e-05,0.000267961,9.80755e-05,0.000156338,0.00042417,0.0023203,0.0475308,0.0670497,0.0212484,0.000135804,0.000358093,0.00039889,0.000246898,2.8567e-05,1.17189e-05,0.00141518,0.0108283,0.0192166,0.00297483,0.000153953,0.000357016,0.00142776
209.536870748,0.000120806,7.51548e-05,7.52003e-05,0.000104397,0.000833667,0.00214056,0.00206418,0.000694805,4.47591e-05,3.47677e-05,0.000307355,7.14607e-05,0.000109247,0.0001245,0.000118755,0.00304917,0.00404883,0.00119419,0.000157412,0.000132045,0.00012099,8.9875e-05,5.98233e-05,0.000217213,0.00325335,0.0155779,0.0168166,0.00038156,3.21708e-05,0.000213994,0.00035823,0.000762132,0.000101351,0.000195194,0.000700699,0.00847058,0.0169142,0.00416804,0.000172904,0.000408975,0.000397267,0.000143785,0.000292575,0.00033967,0.0039994,0.016874,0.0163477,0.000446776,8.86068e-05,6.19074e-06,8.60222e-05,0.000111758,5.10025e-05,0.000141914,0.000559036,0.00852908,0.0145207,0.00364569,0.000133335,5.79183e-05,0.000267961,9.80755e-05,0.000156338,0.00042417,0.000799725,0.00926389,0.0203229,0.00804189,0.000135804,0.000358093,0.00039889,0.000246898,2.8567e-05,1.17189e-05,0.00141518,0.00966432,0.0177628,0.00214973,0.000153953,0.000357016,0.00142776
211.022947846,0.000120806,7.51548e-05,5.11011e-05,0.000104397,0.00079252,0.00137134,0.00049805,8.91073e-06,1.03511e-05,3.47677e-05,0.000307355,7.14607e-05,0.000102907,0.000109568,0.000109258,0.00266302,0.00340458,0.000855184,7.70321e-05,0.000132045,0.00012099,8.9875e-05,5.98233e-05,0.000217213,0.000561758,0.00220074,0.00220455,0.000377833,2.69119e-05,0.000212145,0.00035823,0.000762132,0.000101351,0.000195194,0.000450069,0.00100205,0.000909015,0.000339303,0.000123719,0.000408975,0.000397267,0.000143785,0.000164089,8.18835e-05,0.00081638,0.00303523,0.00187747,0.000323621,8.86068e-05,6.19074e-06,8.60222e-05,0.000111758,5.01861e-05,0.000132378,0.000295648,0.000829821,0.00158731,0.000833726,0.000133335,5.79183e-05,0.000267961,9.80755e-05,1.19676e-05,0.000206432,0.000622777,0.00133602,0.00127189,0.000370983,3.21294e-05,9.07379e-05,0.00039889,0.000246898,2.8567e-05,1.17189e-05,8.41727e-05,0.000923854,0.00157917,0.000537848,6.64528e-05,0.000107252,0.00136384