TIME,VALUE,LABEL
0.000000000,0
0.023219955,0.96205
0.046439909,1.74549
0.069659864,0.242373
0.092879819,0
0.116099773,0
0.139319728,0
0.162539683,0
0.185759637,0
0.208979592,0
0.232199546,0
0.255419501,0
0.278639456,0
0.301859410,0
0.325079365,0
0.348299320,0
0.371519274,0
0.394739229,0
0.417959184,0
0.441179138,0
0.464399093,0
0.487619048,0
0.510839002,0
0.534058957,0
0.557278912,0
0.580498866,0
0.603718821,0.0019192
0.626938776,0.0583111
0.650158730,0.152994
0.673378685,1.42223
0.696598639,0
0.719818594,0
0.743038549,0
0.766258503,0
0.789478458,0
0.812698413,0
0.835918367,0
0.859138322,0.233844
0.882358277,2.02775
0.905578231,0.653301
0.928798186,0
0.952018141,0
0.975238095,0
0.998458050,0
1.021678005,0
1.044897959,0
1.068117914,0
1.091337868,0
1.114557823,0
1.137777778,0
1.160997732,0
1.184217687,0
1.207437642,0
1.230657596,0
1.253877551,0
1.277097506,0
1.300317460,0
1.323537415,0
1.346757370,0.274642
1.369977324,1.97884
1.393197279,0.459457
1.416417234,0
1.439637188,0
1.462857143,0
1.486077098,0
1.509297052,0
1.532517007,0
1.555736961,0
1.578956916,0
1.602176871,0
1.625396825,0
1.648616780,0
1.671836735,0
1.695056689,0
1.718276644,0
1.741496599,0
1.764716553,0
1.787936508,0.0327337
1.811156463,0
1.834376417,0.185917
1.857596372,0.960985
1.880816327,0.10525
1.904036281,0
1.927256236,0
1.950476190,0
1.973696145,0
1.996916100,0
2.020136054,0
2.043356009,0
2.066575964,0
2.089795918,0
2.113015873,0
2.136235828,0
2.159455782,0
2.182675737,0
2.205895692,0
2.229115646,0
2.252335601,0
2.275555556,0
2.298775510,0
2.321995465,0
2.345215420,0.700161
2.368435374,0.771359
2.391655329,0
2.414875283,0
2.438095238,0
2.461315193,0
2.484535147,0
2.507755102,0
2.530975057,0
2.554195011,0
2.577414966,0
2.600634921,0
2.623854875,0
2.647074830,0
2.670294785,0
2.693514739,0
2.716734694,0
2.739954649,0
2.763174603,0.0694136
2.786394558,0.101095
2.809614512,0.443218
2.832834467,0.922206
2.856054422,0
2.879274376,0
2.902494331,0
2.925714286,0
2.948934240,0
2.972154195,0
2.995374150,0
3.018594104,0
3.041814059,0
3.065034014,0
3.088253968,0
3.111473923,0
3.134693878,0
3.157913832,0
3.181133787,0
3.204353741,0
3.227573696,0
3.250793651,0
3.274013605,0.916923
3.297233560,0.549541
3.320453515,0
3.343673469,0
3.366893424,0
3.390113379,0
3.413333333,0
3.436553288,0
3.459773243,0
3.482993197,0
3.506213152,0.490063
3.529433107,0.16142
3.552653061,0
3.575873016,0
3.599092971,0
3.622312925,0
3.645532880,0
3.668752834,0
3.691972789,0
3.715192744,0
3.738412698,0.342461
3.761632653,2.13319
3.784852608,0.148698
3.808072562,0
3.831292517,0
3.854512472,0
3.877732426,0
3.900952381,0
3.924172336,0
3.947392290,0
3.970612245,0
3.993832200,0
4.017052154,0
4.040272109,0.053502
4.063492063,0
4.086712018,0
4.109931973,0
4.133151927,0
4.156371882,0
4.179591837,0
4.202811791,0
4.226031746,0
4.249251701,0.235765
4.272471655,0.903801
4.295691610,0
4.318911565,0
4.342131519,0
4.365351474,0
4.388571429,0
4.411791383,0
4.435011338,0
4.458231293,0
4.481451247,0
4.504671202,0
4.527891156,0
4.551111111,0
4.574331066,0
4.597551020,0
4.620770975,0
4.643990930,0
4.667210884,0
4.690430839,0
4.713650794,0.663684
4.736870748,1.53403
4.760090703,0.00957125
4.783310658,0
4.806530612,0
4.829750567,0
4.852970522,0
4.876190476,0
4.899410431,0
4.922630385,0
4.945850340,0
4.969070295,0
4.992290249,0
5.015510204,0
5.038730159,0
5.061950113,0
5.085170068,0
5.108390023,0
5.131609977,0
5.154829932,0
5.178049887,0.654714
5.201269841,1.2677
5.224489796,0
5.247709751,0
5.270929705,0
5.294149660,0
5.317369615,0
5.340589569,0
5.363809524,0
5.387029478,0
5.410249433,0
5.433469388,0
5.456689342,0
5.479909297,0
5.503129252,0
5.526349206,0
5.549569161,0
5.572789116,0
5.596009070,0
5.619229025,0
5.642448980,0.434553
5.665668934,0.744892
5.688888889,0
5.712108844,0
5.735328798,0
5.758548753,0
5.781768707,0
5.804988662,0
5.828208617,0
5.851428571,0
5.874648526,0
5.897868481,0
5.921088435,0
5.944308390,0
5.967528345,0
5.990748299,0
6.013968254,0
6.037188209,0
6.060408163,0
6.083628118,0
6.106848073,0.0273128
6.130068027,0.845046
6.153287982,0.320873
6.176507937,0
6.199727891,0
6.222947846,0
6.246167800,0
6.269387755,0
6.292607710,0
6.315827664,0
6.339047619,0
6.362267574,0
6.385487528,0
6.408707483,0
6.431927438,0
6.455147392,0
6.478367347,0
6.501587302,0
6.524807256,0
6.548027211,0
6.571247166,0.504019
6.594467120,2.95312
6.617687075,0.401593
6.640907029,0
6.664126984,0
6.687346939,0
6.710566893,0
6.733786848,0
6.757006803,0
6.780226757,0
6.803446712,0
6.826666667,0
6.849886621,0
6.873106576,0
6.896326531,0
6.919546485,0
6.942766440,0
6.965986395,0
6.989206349,0
7.012426304,0
7.035646259,0.10203
7.058866213,4.07351
7.082086168,0.354433
7.105306122,0
7.128526077,0
7.151746032,0
7.174965986,0
7.198185941,0
7.221405896,0
7.244625850,0
7.267845805,0
7.291065760,0.147602
7.314285714,0.799193
7.337505669,0
7.360725624,0
7.383945578,0
7.407165533,0
7.430385488,0
7.453605442,0
7.476825397,0
7.500045351,0.409757
7.523265306,2.72566
7.546485261,0.30898
7.569705215,0
7.592925170,0
7.616145125,0
7.639365079,0
7.662585034,0
7.685804989,0
7.709024943,0
7.732244898,0
7.755464853,0
7.778684807,0
7.801904762,0
7.825124717,0
7.848344671,0
7.871564626,0
7.894784580,0
7.918004535,0
7.941224490,0
7.964444444,0
7.987664399,0.449078
8.010884354,0.151596
8.034104308,0
8.057324263,0
8.080544218,0
8.103764172,0.469057
8.126984127,0.0883265
8.150204082,0
8.173424036,0
8.196643991,0
8.219863946,0
8.243083900,0
8.266303855,0
8.289523810,0
8.312743764,0
8.335963719,0
8.359183673,0
8.382403628,0
8.405623583,0
8.428843537,0
8.452063492,0
8.475283447,0.956214
8.498503401,1.84776
8.521723356,0.545681
8.544943311,0.019212
8.568163265,0
8.591383220,0
8.614603175,0
8.637823129,0
8.661043084,0
8.684263039,0.163153
8.707482993,1.10331
8.730702948,1.00179
8.753922902,0.528022
8.777142857,0.678541
8.800362812,0
8.823582766,0
8.846802721,0
8.870022676,0
8.893242630,0
8.916462585,0
8.939682540,0
8.962902494,1.6247
8.986122449,1.69328
9.009342404,0
9.032562358,0
9.055782313,0
9.079002268,0
9.102222222,0
9.125442177,0
9.148662132,1.07683
9.171882086,2.8289
9.195102041,0.301592
9.218321995,0
9.241541950,0
9.264761905,0
9.287981859,0
9.311201814,0
9.334421769,0
9.357641723,0.169086
9.380861678,0.119694
9.404081633,0.228543
9.427301587,0.427881
9.450521542,0
9.473741497,0
9.496961451,0
9.520181406,0
9.543401361,0
9.566621315,0
9.589841270,0
9.613061224,0
9.636281179,0
9.659501134,0
9.682721088,0
9.705941043,0
9.729160998,0
9.752380952,0
9.775600907,0.00268689
9.798820862,0.373333
9.822040816,0.0210326
9.845260771,0
9.868480726,0
9.891700680,0.450826
9.914920635,0.347419
9.938140590,0
9.961360544,0
9.984580499,0
10.007800454,0
10.031020408,0
10.054240363,0
10.077460317,0
10.100680272,0
10.123900227,0
10.147120181,0
10.170340136,0
10.193560091,0
10.216780045,0
10.240000000,0
10.263219955,0.101427
10.286439909,0.210644
10.309659864,0.0897033
10.332879819,0.264022
10.356099773,0.743457
10.379319728,0.616833
10.402539683,0.0797711
10.425759637,1.21433
10.448979592,0.847031
10.472199546,0
10.495419501,0
10.518639456,0
10.541859410,0.145151
10.565079365,0.0987604
10.588299320,0.2543
10.611519274,0
10.634739229,0
10.657959184,0
10.681179138,0
10.704399093,0
10.727619048,0
10.750839002,0.006235
10.774058957,0
10.797278912,0
10.820498866,0
10.843718821,0.0375889
10.866938776,0.122977
10.890158730,0.665123
10.913378685,0.0723057
10.936598639,0
10.959818594,0
10.983038549,0
11.006258503,0
11.029478458,0
11.052698413,0
11.075918367,0
11.099138322,0
11.122358277,0.121619
11.145578231,0.253931
11.168798186,0
11.192018141,0
11.215238095,0
11.238458050,0
11.261678005,0
11.284897959,0
11.308117914,0
11.331337868,0
11.354557823,0.998855
11.377777778,1.17624
11.400997732,0
11.424217687,0
11.447437642,0
11.470657596,0
11.493877551,0
11.517097506,0
11.540317460,0
11.563537415,0
11.586757370,0
11.609977324,0
11.633197279,0
11.656417234,0
11.679637188,0
11.702857143,0
11.726077098,0
11.749297052,0
11.772517007,0
11.795736961,0
11.818956916,0
11.842176871,0.0970517
11.865396825,0.653267
11.888616780,0
11.911836735,0
11.935056689,0
11.958276644,0.98476
11.981496599,0.00510199
12.004716553,0
12.027936508,0
12.051156463,0
12.074376417,0
12.097596372,0
12.120816327,0
12.144036281,0
12.167256236,0
12.190476190,0
12.213696145,0
12.236916100,0
12.260136054,0
12.283356009,0
12.306575964,0
12.329795918,0.259525
12.353015873,0.152268
12.376235828,0
12.399455782,0
12.422675737,0
12.445895692,0
12.469115646,0
12.492335601,0
12.515555556,0
12.538775510,0
12.561995465,0.286971
12.585215420,1.7584
12.608435374,1.71386
12.631655329,0
12.654875283,0
12.678095238,0
12.701315193,0
12.724535147,0
12.747755102,0.00949752
12.770975057,0.89764
12.794195011,0
12.817414966,0
12.840634921,0
12.863854875,0
12.887074830,0.581383
12.910294785,7.51976
12.933514739,1.42368
12.956734694,0
12.979954649,0
13.003174603,0
13.026394558,0
13.049614512,0
13.072834467,0
13.096054422,0
13.119274376,0
13.142494331,0
13.165714286,0
13.188934240,0
13.212154195,0
13.235374150,0.410657
13.258594104,0.477221
13.281814059,0.513446
13.305034014,0.223005
13.328253968,0
13.351473923,0
13.374693878,0
13.397913832,0
13.421133787,0
13.444353741,0
13.467573696,0
13.490793651,0
13.514013605,0
13.537233560,0
13.560453515,0
13.583673469,0
13.606893424,0
13.630113379,0
13.653333333,0
13.676553288,0
13.699773243,0
13.722993197,0
13.746213152,0.319793
13.769433107,0.613537
13.792653061,1.77771
13.815873016,5.64487
13.839092971,0.19993
13.862312925,0
13.885532880,0
13.908752834,0
13.931972789,0
13.955192744,0
13.978412698,0
14.001632653,0
14.024852608,0
14.048072562,0
14.071292517,0
14.094512472,0
14.117732426,0
14.140952381,0
14.164172336,0
14.187392290,0
14.210612245,0
14.233832200,0
14.257052154,0
14.280272109,0
14.303492063,0
14.326712018,0
14.349931973,0
14.373151927,0.807584
14.396371882,12.6381
14.419591837,5.97877
14.442811791,0
14.466031746,0
14.489251701,0
14.512471655,0
14.535691610,0
14.558911565,0
14.582131519,0
14.605351474,0
14.628571429,0
14.651791383,0
14.675011338,0
14.698231293,0
14.721451247,0
14.744671202,0
14.767891156,0
14.791111111,0
14.814331066,0
14.837551020,0
14.860770975,0
14.883990930,0
14.907210884,0
14.930430839,0
14.953650794,0.341104
14.976870748,1.96485
15.000090703,1.32905
15.023310658,0
15.046530612,0.0551824
15.069750567,0.0222017
15.092970522,0
15.116190476,0.402046
15.139410431,0
15.162630385,0
15.185850340,0
15.209070295,0
15.232290249,0
15.255510204,0
15.278730159,0
15.301950113,1.47572
15.325170068,4.24565
15.348390023,0.546588
15.371609977,0
15.394829932,0
15.418049887,0
15.441269841,0
15.464489796,0
15.487709751,0
15.510929705,0.154406
15.534149660,0
15.557369615,0
15.580589569,0
15.603809524,0
15.627029478,0.699411
15.650249433,0
15.673469388,0
15.696689342,0
15.719909297,0
15.743129252,0
15.766349206,0.726924
15.789569161,1.22118
15.812789116,0.728163
15.836009070,0.0446497
15.859229025,0
15.882448980,0
15.905668934,0
15.928888889,0
15.952108844,0.726295
15.975328798,0
15.998548753,0
16.021768707,0
16.044988662,0
16.068208617,0
16.091428571,0
16.114648526,0
16.137868481,0.768061
16.161088435,0
16.184308390,0
16.207528345,0
16.230748299,0
16.253968254,0
16.277188209,0
16.300408163,0
16.323628118,0
16.346848073,0
16.370068027,0
16.393287982,0
16.416507937,0
16.439727891,0
16.462947846,0
16.486167800,0
16.509387755,0
16.532607710,0
16.555827664,0
16.579047619,0.0155808
16.602267574,0.477777
16.625487528,0.576939
16.648707483,0
16.671927438,0
16.695147392,0
16.718367347,0
16.741587302,0
16.764807256,0
16.788027211,0.0269914
16.811247166,0.0972151
16.834467120,0
16.857687075,0
16.880907029,0
16.904126984,0
16.927346939,0.0265773
16.950566893,0
16.973786848,0
16.997006803,0
17.020226757,0
17.043446712,0.0655351
17.066666667,0.529183
17.089886621,0.47457
17.113106576,0.0782451
17.136326531,0.0086396
17.159546485,0
17.182766440,0
17.205986395,0
17.229206349,0.0547009
17.252426304,0.00074394
17.275646259,0
17.298866213,0.0217846
17.322086168,0
17.345306122,0
17.368526077,0
17.391746032,0
17.414965986,0
17.438185941,0
17.461405896,0
17.484625850,0
17.507845805,0
17.531065760,0
17.554285714,0.0846655
17.577505669,0.884857
17.600725624,0.232061
17.623945578,0
17.647165533,0
17.670385488,0
17.693605442,0
17.716825397,0
17.740045351,0
17.763265306,0
17.786485261,0
17.809705215,0
17.832925170,0
17.856145125,0
17.879365079,0
17.902585034,0
17.925804989,0
17.949024943,0
17.972244898,0
17.995464853,0
18.018684807,0.104963
18.041904762,0
18.065124717,0.874048
18.088344671,0.638733
18.111564626,0
18.134784580,0
18.158004535,0
18.181224490,0
18.204444444,0
18.227664399,0
18.250884354,0
18.274104308,0
18.297324263,0
18.320544218,0
18.343764172,0
18.366984127,0
18.390204082,0
18.413424036,0
18.436643991,0
18.459863946,0
18.483083900,0
18.506303855,0.525036
18.529523810,0.527194
18.552743764,0.905177
18.575963719,1.59562
18.599183673,0.0517948
18.622403628,0
18.645623583,0
18.668843537,0
18.692063492,0
18.715283447,0
18.738503401,0
18.761723356,0
18.784943311,0.224264
18.808163265,0.361709
18.831383220,0
18.854603175,0
18.877823129,0
18.901043084,0
18.924263039,0
18.947482993,0
18.970702948,0
18.993922902,0.233204
19.017142857,1.13425
19.040362812,0.478246
19.063582766,0
19.086802721,0
19.110022676,0
19.133242630,0
19.156462585,0
19.179682540,0
19.202902494,0
19.226122449,0
19.249342404,0
19.272562358,0
19.295782313,0
19.319002268,0.112328
19.342222222,0.776346
19.365442177,1.12866
19.388662132,0.238932
19.411882086,0
19.435102041,0
19.458321995,0.17551
19.481541950,0.720211
19.504761905,0.239172
19.527981859,0
19.551201814,0.184045
19.574421769,0.122376
19.597641723,0
19.620861678,0
19.644081633,0.197309
19.667301587,0.0650384
19.690521542,0
19.713741497,0
19.736961451,0
19.760181406,0
19.783401361,0
19.806621315,0
19.829841270,0
19.853061224,0
19.876281179,0
19.899501134,0
19.922721088,0
19.945941043,0
19.969160998,0.0652094
19.992380952,0
20.015600907,0
20.038820862,0.00767621
20.062040816,0
20.085260771,0.263375
20.108480726,0.273269
20.131700680,0.24293
20.154920635,0.0322621
20.178140590,0
20.201360544,0.00614344
20.224580499,0
20.247800454,0
20.271020408,0
20.294240363,0
20.317460317,0
20.340680272,0
20.363900227,0
20.387120181,0
20.410340136,0
20.433560091,0.153083
20.456780045,2.1077
20.480000000,0.446809
20.503219955,0
20.526439909,0
20.549659864,0
20.572879819,0
20.596099773,0
20.619319728,0
20.642539683,0
20.665759637,0
20.688979592,0
20.712199546,0
20.735419501,0
20.758639456,0
20.781859410,0
20.805079365,0
20.828299320,0
20.851519274,0.479491
20.874739229,0
20.897959184,0.330623
20.921179138,0.235833
20.944399093,0
20.967619048,0
20.990839002,0
21.014058957,0
21.037278912,0
21.060498866,0
21.083718821,0
21.106938776,0
21.130158730,0
21.153378685,0
21.176598639,0
21.199818594,0
21.223038549,0.0376955
21.246258503,0
21.269478458,0
21.292698413,0
21.315918367,0
21.339138322,0.0234379
21.362358277,0.845131
21.385578231,0.282906
21.408798186,0
21.432018141,0
21.455238095,0
21.478458050,0
21.501678005,0
21.524897959,0
21.548117914,0
21.571337868,0
21.594557823,0
21.617777778,0
21.640997732,0
21.664217687,0
21.687437642,0
21.710657596,0
21.733877551,0
21.757097506,0
21.780317460,0
21.803537415,0.768695
21.826757370,1.23951
21.849977324,0
21.873197279,0
21.896417234,0
21.919637188,0
21.942857143,0
21.966077098,0
21.989297052,0
22.012517007,0
22.035736961,0
22.058956916,0.0913978
22.082176871,0.0739346
22.105396825,0
22.128616780,0
22.151836735,0
22.175056689,0
22.198276644,0
22.221496599,0
22.244716553,0
22.267936508,3.08172
22.291156463,1.48483
22.314376417,0
22.337596372,0
22.360816327,0
22.384036281,0
22.407256236,0
22.430476190,0
22.453696145,0
22.476916100,0
22.500136054,0
22.523356009,0.283252
22.546575964,1.24579
22.569795918,0
22.593015873,0
22.616235828,0
22.639455782,0
22.662675737,0
22.685895692,0
22.709115646,0
22.732335601,0.197265
22.755555556,2.53242
22.778775510,0.260708
22.801995465,0
22.825215420,0
22.848435374,0
22.871655329,0
22.894875283,0
22.918095238,0
22.941315193,0
22.964535147,0
22.987755102,0.0334319
23.010975057,0
23.034195011,0
23.057414966,0
23.080634921,0
23.103854875,0
23.127074830,0
23.150294785,0
23.173514739,0
23.196734694,0
23.219954649,0
23.243174603,1.38985
23.266394558,0.136533
23.289614512,0
23.312834467,2.57012
23.336054422,0
23.359274376,0
23.382494331,0
23.405714286,0
23.428934240,0
23.452154195,0
23.475374150,0
23.498594104,0
23.521814059,0
23.545034014,0
23.568253968,0
23.591473923,0
23.614693878,0
23.637913832,0
23.661133787,0
23.684353741,0
23.707573696,0.268071
23.730793651,0.0271423
23.754013605,1.11256
23.777233560,1.76795
23.800453515,0.241822
23.823673469,0
23.846893424,0
23.870113379,0
23.893333333,0
23.916553288,0.224656
23.939773243,1.14298
23.962993197,0.675938
23.986213152,0.942823
24.009433107,1.84937
24.032653061,0.304126
24.055873016,0
24.079092971,0
24.102312925,0
24.125532880,0.873157
24.148752834,0
24.171972789,0
24.195192744,0.110544
24.218412698,1.05635
24.241632653,0
24.264852608,0
24.288072562,0
24.311292517,0
24.334512472,0
24.357732426,0
24.380952381,0
24.404172336,0
24.427392290,0
24.450612245,1.01366
24.473832200,0.32011
24.497052154,0
24.520272109,0
24.543492063,0
24.566712018,0
24.589931973,0.399739
24.613151927,0
24.636371882,0.399347
24.659591837,0.792661
24.682811791,0.373784
24.706031746,0
24.729251701,0
24.752471655,0
24.775691610,0
24.798911565,0
24.822131519,0
24.845351474,0
24.868571429,0.150856
24.891791383,0.0710643
24.915011338,0
24.938231293,0
24.961451247,0
24.984671202,0.0203895
25.007891156,0.32184
25.031111111,0.489452
25.054331066,0.0954499
25.077551020,0
25.100770975,0
25.123990930,0
25.147210884,0.263974
25.170430839,0
25.193650794,0
25.216870748,0.132684
25.240090703,0
25.263310658,0
25.286530612,0
25.309750567,0
25.332970522,0
25.356190476,0
25.379410431,0
25.402630385,0
25.425850340,0
25.449070295,0
25.472290249,0
25.495510204,0
25.518730159,0
25.541950113,0.00649562
25.565170068,0.384497
25.588390023,0.221504
25.611609977,0.625069
25.634829932,0.722752
25.658049887,0.103429
25.681269841,0.174924
25.704489796,0
25.727709751,0
25.750929705,0
25.774149660,0.216692
25.797369615,0
25.820589569,0.00649512
25.843809524,0.0986561
25.867029478,0
25.890249433,0.0672776
25.913469388,0.111186
25.936689342,0
25.959909297,0
25.983129252,0.250622
26.006349206,0.185497
26.029569161,0
26.052789116,0
26.076009070,0
26.099229025,0.00969908
26.122448980,0.340492
26.145668934,0
26.168888889,0
26.192108844,0
26.215328798,0
26.238548753,0
26.261768707,0
26.284988662,0.443059
26.308208617,0
26.331428571,0
26.354648526,0
26.377868481,0
26.401088435,0
26.424308390,0
26.447528345,0
26.470748299,0
26.493968254,0
26.517188209,0
26.540408163,0
26.563628118,0
26.586848073,0.353211
26.610068027,1.56028
26.633287982,0.103385
26.656507937,0
26.679727891,0
26.702947846,0
26.726167800,0
26.749387755,0
26.772607710,0
26.795827664,0
26.819047619,0
26.842267574,0
26.865487528,0
26.888707483,0
26.911927438,0
26.935147392,0
26.958367347,0
26.981587302,0
27.004807256,0
27.028027211,0
27.051247166,0.528997
27.074467120,0.823614
27.097687075,0.982838
27.120907029,0
27.144126984,0
27.167346939,0
27.190566893,0
27.213786848,0
27.237006803,0
27.260226757,0
27.283446712,0
27.306666667,0
27.329886621,0.00954056
27.353106576,0
27.376326531,0
27.399546485,0
27.422766440,0
27.445986395,0
27.469206349,0
27.492426304,0
27.515646259,0.137409
27.538866213,0
27.562086168,0
27.585306122,0
27.608526077,0
27.631746032,0
27.654965986,0
27.678185941,0
27.701405896,0
27.724625850,0.124935
27.747845805,0.752881
27.771065760,2.04007
27.794285714,0.868641
27.817505669,0.373013
27.840725624,0.239749
27.863945578,0
27.887165533,0
27.910385488,0
27.933605442,0.214628
27.956825397,0.462832
27.980045351,0.728141
28.003265306,0.399951
28.026485261,0
28.049705215,0
28.072925170,0
28.096145125,0
28.119365079,0
28.142585034,0
28.165804989,0
28.189024943,0.0218882
28.212244898,0
28.235464853,0
28.258684807,0
28.281904762,0
28.305124717,0
28.328344671,0.652594
28.351564626,0.0261104
28.374784580,0
28.398004535,0
28.421224490,0
28.444444444,0
28.467664399,0
28.490884354,0
28.514104308,0
28.537324263,0
28.560544218,0
28.583764172,0
28.606984127,0
28.630204082,0.107845
28.653424036,3.65959
28.676643991,4.68301
28.699863946,0
28.723083900,0
28.746303855,0
28.769523810,0
28.792743764,0
28.815963719,0
28.839183673,0
28.862403628,0
28.885623583,0
28.908843537,0
28.932063492,0
28.955283447,0
28.978503401,0.387714
29.001723356,0.167417
29.024943311,0
29.048163265,0
29.071383220,0
29.094603175,0
29.117823129,0
29.141043084,0
29.164263039,0
29.187482993,0
29.210702948,0
29.233922902,0
29.257142857,0
29.280362812,0
29.303582766,0
29.326802721,0.531462
29.350022676,1.30433
29.373242630,1.11196
29.396462585,0.454257
29.419682540,0
29.442902494,0
29.466122449,0
29.489342404,0
29.512562358,0
29.535782313,0.195309
29.559002268,1.67093
29.582222222,1.66655
29.605442177,0.993332
29.628662132,0
29.651882086,0
29.675102041,0
29.698321995,0
29.721541950,0
29.744761905,0
29.767981859,0
29.791201814,0
29.814421769,0
29.837641723,0
29.860861678,0
29.884081633,0
29.907301587,0
29.930521542,0.111148
29.953741497,0
29.976961451,0
30.000181406,0
30.023401361,0
30.046621315,0
30.069841270,3.93926
30.093061224,8.38802
30.116281179,0
30.139501134,0
30.162721088,0
30.185941043,0
30.209160998,0
30.232380952,0
30.255600907,0
30.278820862,0
30.302040816,0
30.325260771,0
30.348480726,0
30.371700680,0
30.394920635,0.170573
30.418140590,0
30.441360544,0
30.464580499,0
30.487800454,0
30.511020408,0
30.534240363,0
30.557460317,0
30.580680272,0
30.603900227,0
30.627120181,0.299353
30.650340136,0.91994
30.673560091,0.388203
30.696780045,0.0859485
30.720000000,0.0432797
30.743219955,0
30.766439909,0.0270832
30.789659864,0
30.812879819,0
30.836099773,0
30.859319728,0
30.882539683,0.0672554
30.905759637,0
30.928979592,0
30.952199546,0
30.975419501,0
30.998639456,0
31.021859410,0
31.045079365,0.023817
31.068299320,0.547509
31.091519274,0.0634562
31.114739229,0.0586433
31.137959184,0
31.161179138,0
31.184399093,0.0426923
31.207619048,0
31.230839002,0
31.254058957,0
31.277278912,0.0137705
31.300498866,0
31.323718821,0
31.346938776,0.22421
31.370158730,0.568441
31.393378685,0.000415102
31.416598639,0
31.439818594,0.203209
31.463038549,0.116319
31.486258503,0
31.509478458,0
31.532698413,0
31.555918367,0
31.579138322,0.0171518
31.602358277,0.0802526
31.625578231,0
31.648798186,0
31.672018141,0
31.695238095,0.0300552
31.718458050,0.0181233
31.741678005,0
31.764897959,0.0231859
31.788117914,0.219408
31.811337868,0
31.834557823,0.178131
31.857777778,0.106944
31.880997732,0
31.904217687,0
31.927437642,0
31.950657596,0
31.973877551,0
31.997097506,0.0708577
32.020317460,0.124036
32.043537415,0.273915
32.066757370,0
32.089977324,0
32.113197279,0
32.136417234,0
32.159637188,0
32.182857143,0.0126607
32.206077098,0
32.229297052,0
32.252517007,0
32.275736961,0.120637
32.298956916,0.269312
32.322176871,0
32.345396825,0
32.368616780,0.0133375
32.391836735,0
32.415056689,0
32.438276644,0.271353
32.461496599,0.0870388
32.484716553,0.131591
32.507936508,0.00370003
32.531156463,0
32.554376417,0
32.577596372,0
32.600816327,0
32.624036281,0
32.647256236,0
32.670476190,0
32.693696145,0
32.716916100,0.0820484
32.740136054,0.264261
32.763356009,0.239996
32.786575964,0.160753
32.809795918,0.00175059
32.833015873,0
32.856235828,0
32.879455782,0
32.902675737,0
32.925895692,0
32.949115646,0
32.972335601,0
32.995555556,0
33.018775510,0
33.041995465,0
33.065215420,0
33.088435374,0
33.111655329,0
33.134875283,0
33.158095238,0
33.181315193,0
33.204535147,0
33.227755102,0
33.250975057,0.87386
33.274195011,0.168293
33.297414966,0
33.320634921,0
33.343854875,0.193627
33.367074830,0.0787877
33.390294785,0
33.413514739,0
33.436734694,0
33.459954649,0
33.483174603,0
33.506394558,0.0426145
33.529614512,0.0404901
33.552834467,0
33.576054422,0
33.599274376,0
33.622494331,0
33.645714286,0
33.668934240,0
33.692154195,0
33.715374150,0.397313
33.738594104,1.41853
33.761814059,0.565671
33.785034014,0.55382
33.808253968,0.249215
33.831473923,0.440488
33.854693878,0.559164
33.877913832,0
33.901133787,0
33.924353741,0.587533
33.947573696,1.0406
33.970793651,0.0452831
33.994013605,0.365988
34.017233560,0.00741142
34.040453515,0
34.063673469,0
34.086893424,0
34.110113379,0
34.133333333,0
34.156553288,0
34.179773243,0
34.202993197,0.0226167
34.226213152,0
34.249433107,0
34.272653061,0
34.295873016,0
34.319092971,0
34.342312925,0
34.365532880,0
34.388752834,0
34.411972789,0
34.435192744,1.02787
34.458412698,1.93771
34.481632653,0.244942
34.504852608,0
34.528072562,0.0511182
34.551292517,0.408359
34.574512472,0.536267
34.597732426,0
34.620952381,0
34.644172336,0
34.667392290,0
34.690612245,0.200394
34.713832200,0.291205
34.737052154,0
34.760272109,0
34.783492063,0
34.806712018,0
34.829931973,0
34.853151927,0
34.876371882,0
34.899591837,0
34.922811791,0
34.946031746,0
34.969251701,0
34.992471655,0
35.015691610,0
35.038911565,0
35.062131519,0
35.085351474,0.196442
35.108571429,9.27429
35.131791383,8.05395
35.155011338,0.408149
35.178231293,0
35.201451247,0
35.224671202,0
35.247891156,0
35.271111111,0
35.294331066,0
35.317551020,0
35.340770975,0
35.363990930,0
35.387210884,0
35.410430839,0
35.433650794,0
35.456870748,0.427805
35.480090703,0.520182
35.503310658,0
35.526530612,0
35.549750567,0
35.572970522,0
35.596190476,0
35.619410431,0
35.642630385,0
35.665850340,0
35.689070295,0
35.712290249,0
35.735510204,0
35.758730159,0
35.781950113,0
35.805170068,0
35.828390023,0
35.851609977,0
35.874829932,0
35.898049887,0
35.921269841,0
35.944489796,0
35.967709751,0
35.990929705,0
36.014149660,0
36.037369615,0
36.060589569,0
36.083809524,0.371481
36.107029478,1.45726
36.130249433,0.0436637
36.153469388,0
36.176689342,0
36.199909297,0
36.223129252,0
36.246349206,0
36.269569161,0
36.292789116,0
36.316009070,0
36.339229025,0
36.362448980,0
36.385668934,0
36.408888889,0
36.432108844,0
36.455328798,0
36.478548753,0
36.501768707,0
36.524988662,0
36.548208617,1.4221
36.571428571,1.42976
36.594648526,0
36.617868481,0
36.641088435,0
36.664308390,0
36.687528345,0
36.710748299,0
36.733968254,0
36.757188209,0
36.780408163,0
36.803628118,0
36.826848073,0
36.850068027,0
36.873287982,0
36.896507937,0
36.919727891,0
36.942947846,0
36.966167800,0
36.989387755,0
37.012607710,0
37.035827664,1.33104
37.059047619,2.01902
37.082267574,0
37.105487528,0
37.128707483,0
37.151927438,0
37.175147392,0
37.198367347,0
37.221587302,0
37.244807256,0
37.268027211,0
37.291247166,0
37.314467120,0
37.337687075,0
37.360907029,0
37.384126984,0
37.407346939,0
37.430566893,0
37.453786848,0
37.477006803,0
37.500226757,0.631514
37.523446712,1.81617
37.546666667,0.144391
37.569886621,0
37.593106576,0
37.616326531,0
37.639546485,0
37.662766440,0
37.685986395,0
37.709206349,0
37.732426304,0
37.755646259,0
37.778866213,0
37.802086168,0
37.825306122,0
37.848526077,0
37.871746032,0
37.894965986,0
37.918185941,0
37.941405896,0
37.964625850,0.318852
37.987845805,0.739761
38.011065760,0
38.034285714,0
38.057505669,0
38.080725624,0
38.103945578,0
38.127165533,0
38.150385488,0
38.173605442,0.221466
38.196825397,2.1564
38.220045351,4.39452
38.243265306,3.26308
38.266485261,0
38.289705215,0
38.312925170,0
38.336145125,0
38.359365079,0
38.382585034,0
38.405804989,0.0135043
38.429024943,0
38.452244898,0
38.475464853,0
38.498684807,0
38.521904762,0
38.545124717,0
38.568344671,0
38.591564626,0
38.614784580,0
38.638004535,0
38.661224490,0
38.684444444,2.67011
38.707664399,4.83459
38.730884354,0.247419
38.754104308,0
38.777324263,0
38.800544218,0.200152
38.823764172,0.851484
38.846984127,0
38.870204082,0
38.893424036,0
38.916643991,0.439809
38.939863946,0.916254
38.963083900,0
38.986303855,0
39.009523810,0
39.032743764,0
39.055963719,0
39.079183673,0
39.102403628,0.248251
39.125623583,0.579581
39.148843537,0
39.172063492,0.0605205
39.195283447,0
39.218503401,0
39.241723356,0
39.264943311,0
39.288163265,0
39.311383220,0
39.334603175,0
39.357823129,0
39.381043084,1.28347
39.404263039,0.187775
39.427482993,0
39.450702948,0.232373
39.473922902,0.438955
39.497142857,0
39.520362812,0
39.543582766,0
39.566802721,0
39.590022676,0
39.613242630,0.117399
39.636462585,0.179402
39.659682540,0.221215
39.682902494,0
39.706122449,0
39.729342404,0
39.752562358,0
39.775782313,0
39.799002268,0
39.822222222,0
39.845442177,0.432325
39.868662132,0
39.891882086,0
39.915102041,0.282643
39.938321995,0.367994
39.961541950,0.153627
39.984761905,0
40.007981859,0
40.031201814,0
40.054421769,0
40.077641723,0.242077
40.100861678,0.0400411
40.124081633,0
40.147301587,0
40.170521542,0.0521641
40.193741497,1.87622
40.216961451,2.11549
40.240181406,2.1194
40.263401361,0.711075
40.286621315,0
40.309841270,0
40.333061224,0
40.356281179,0
40.379501134,0
40.402721088,0
40.425941043,0
40.449160998,0
40.472380952,0
40.495600907,0
40.518820862,0.014089
40.542040816,0.0501743
40.565260771,0.190127
40.588480726,0
40.611700680,0
40.634920635,0.112072
40.658140590,0
40.681360544,0
40.704580499,0.333197
40.727800454,0.23515
40.751020408,0
40.774240363,0.0794859
40.797460317,0.346196
40.820680272,0
40.843900227,0
40.867120181,0
40.890340136,0
40.913560091,0
40.936780045,0
40.960000000,0
40.983219955,0
41.006439909,0
41.029659864,0
41.052879819,0
41.076099773,0
41.099319728,0
41.122539683,0
41.145759637,0
41.168979592,0
41.192199546,0
41.215419501,0
41.238639456,0.391267
41.261859410,0.140733
41.285079365,0
41.308299320,0
41.331519274,0
41.354739229,0
41.377959184,0
41.401179138,0
41.424399093,0
41.447619048,0
41.470839002,0
41.494058957,0
41.517278912,0
41.540498866,0
41.563718821,0
41.586938776,0
41.610158730,0
41.633378685,0
41.656598639,0
41.679818594,1.8593
41.703038549,1.39577
41.726258503,0
41.749478458,0
41.772698413,0
41.795918367,0
41.819138322,0
41.842358277,0
41.865578231,0
41.888798186,0
41.912018141,0
41.935238095,0
41.958458050,0
41.981678005,0
42.004897959,0
42.028117914,0
42.051337868,0
42.074557823,3.46601e-05
42.097777778,0
42.120997732,0
42.144217687,0.972438
42.167437642,1.69925
42.190657596,0.0457528
42.213877551,0
42.237097506,0
42.260317460,0
42.283537415,0
42.306757370,0
42.329977324,0
42.353197279,0
42.376417234,0.0433611
42.399637188,0.16187
42.422857143,0
42.446077098,0
42.469297052,0
42.492517007,0
42.515736961,0
42.538956916,0
42.562176871,0
42.585396825,0.0545372
42.608616780,0.972854
42.631836735,0
42.655056689,0
42.678276644,0.182482
42.701496599,0
42.724716553,0
42.747936508,0
42.771156463,0
42.794376417,0
42.817596372,0
42.840816327,0
42.864036281,0
42.887256236,0
42.910476190,0
42.933696145,0
42.956916100,0
42.980136054,0
43.003356009,0
43.026575964,0
43.049795918,7.32006
43.073015873,8.20041
43.096235828,0
43.119455782,0
43.142675737,0
43.165895692,0
43.189115646,0
43.212335601,0
43.235555556,0
43.258775510,0
43.281995465,0
43.305215420,0
43.328435374,0
43.351655329,0
43.374875283,0
43.398095238,0
43.421315193,0
43.444535147,0
43.467755102,3.6062
43.490975057,15.2378
43.514195011,3.42387
43.537414966,0
43.560634921,0
43.583854875,0
43.607074830,0
43.630294785,0
43.653514739,0
43.676734694,0
43.699954649,0
43.723174603,0
43.746394558,0
43.769614512,0
43.792834467,0
43.816054422,0
43.839274376,0
43.862494331,0.929796
43.885714286,7.22747
43.908934240,2.40942
43.932154195,0
43.955374150,0
43.978594104,0
44.001814059,0
44.025034014,0
44.048253968,0
44.071473923,0
44.094693878,0
44.117913832,0
44.141133787,0
44.164353741,0
44.187573696,0
44.210793651,0
44.234013605,0
44.257233560,0.206283
44.280453515,0.0175931
44.303673469,0
44.326893424,0
44.350113379,0
44.373333333,0
44.396553288,0
44.419773243,0
44.442993197,0
44.466213152,0.197867
44.489433107,0.623079
44.512653061,0
44.535873016,0
44.559092971,0
44.582312925,0
44.605532880,0
44.628752834,0
44.651972789,0
44.675192744,0
44.698412698,0
44.721632653,0
44.744852608,0
44.768072562,0
44.791292517,0
44.814512472,0
44.837732426,0
44.860952381,0
44.884172336,0.0366386
44.907392290,0.283401
44.930612245,0.086745
44.953832200,1.23279
44.977052154,0.127924
45.000272109,0
45.023492063,0
45.046712018,0
45.069931973,0
45.093151927,0
45.116371882,0
45.139591837,0
45.162811791,0
45.186031746,0
45.209251701,0
45.232471655,0
45.255691610,0
45.278911565,0
45.302131519,0
45.325351474,0
45.348571429,0.120911
45.371791383,0.300675
45.395011338,1.26376
45.418231293,1.20262
45.441451247,0
45.464671202,0
45.487891156,0
45.511111111,0
45.534331066,0
45.557551020,0
45.580770975,0
45.603990930,0
45.627210884,0
45.650430839,0
45.673650794,0
45.696870748,0
45.720090703,0
45.743310658,0
45.766530612,0
45.789750567,0
45.812970522,0
45.836190476,0.446653
45.859410431,1.36853
45.882630385,1.3621
45.905850340,0
45.929070295,0
45.952290249,0
45.975510204,0
45.998730159,0
46.021950113,0
46.045170068,0
46.068390023,0
46.091609977,0
46.114829932,0
46.138049887,0
46.161269841,0
46.184489796,0
46.207709751,0
46.230929705,0
46.254149660,0
46.277369615,0
46.300589569,0.259275
46.323809524,1.36499
46.347029478,2.48575
46.370249433,0.679492
46.393469388,0
46.416689342,0
46.439909297,0
46.463129252,0
46.486349206,0
46.509569161,0
46.532789116,0
46.556009070,0
46.579229025,0
46.602448980,0
46.625668934,0
46.648888889,0
46.672108844,0
46.695328798,0
46.718548753,0
46.741768707,0
46.764988662,0.22481
46.788208617,0.643164
46.811428571,2.44543
46.834648526,0.695385
46.857868481,0
46.881088435,0
46.904308390,0
46.927528345,0
46.950748299,0
46.973968254,0
46.997188209,0
47.020408163,0
47.043628118,0
47.066848073,0
47.090068027,0
47.113287982,0
47.136507937,0
47.159727891,0
47.182947846,0
47.206167800,0.036379
47.229387755,0.784474
47.252607710,0.330843
47.275827664,1.24107
47.299047619,0.517713
47.322267574,0
47.345487528,0
47.368707483,0
47.391927438,0
47.415147392,0
47.438367347,0
47.461587302,0
47.484807256,0
47.508027211,0
47.531247166,0
47.554467120,0
47.577687075,0
47.600907029,0
47.624126984,0
47.647346939,0
47.670566893,0
47.693786848,0
47.717006803,0.117996
47.740226757,1.89248
47.763446712,3.21328
47.786666667,1.14695
47.809886621,0
47.833106576,0
47.856326531,0.0359398
47.879546485,0.00817698
47.902766440,0
47.925986395,0
47.949206349,0.832307
47.972426304,0
47.995646259,0.209283
48.018866213,2.10829
48.042086168,1.51885
48.065306122,0.115441
48.088526077,0
48.111746032,0
48.134965986,0
48.158185941,0
48.181405896,0
48.204625850,0
48.227845805,0
48.251065760,0
48.274285714,1.80354
48.297505669,1.79036
48.320725624,0
48.343945578,0
48.367165533,0
48.390385488,0
48.413605442,0
48.436825397,0
48.460045351,0
48.483265306,0
48.506485261,0
48.529705215,0
48.552925170,0
48.576145125,0
48.599365079,0
48.622585034,0
48.645804989,0
48.669024943,0.201851
48.692244898,1.50223
48.715464853,1.8055
48.738684807,3.89308
48.761904762,0.452131
48.785124717,0
48.808344671,0
48.831564626,0
48.854784580,0
48.878004535,0
48.901224490,0.0385762
48.924444444,0.0237541
48.947664399,0
48.970884354,0
48.994104308,0
49.017324263,0.225335
49.040544218,0.42075
49.063764172,0
49.086984127,0
49.110204082,0.364015
49.133424036,0.373934
49.156643991,0
49.179863946,0
49.203083900,0
49.226303855,0
49.249523810,0
49.272743764,0
49.295963719,0
49.319183673,0
49.342403628,0
49.365623583,0.193792
49.388843537,0.575315
49.412063492,1.4861
49.435283447,0.344299
49.458503401,0
49.481723356,0
49.504943311,0
49.528163265,0
49.551383220,0.32681
49.574603175,0
49.597823129,0.0482958
49.621043084,1.54369
49.644263039,1.76477
49.667482993,0
49.690702948,0
49.713922902,0
49.737142857,0
49.760362812,0
49.783582766,0
49.806802721,0
49.830022676,0
49.853242630,0
49.876462585,0
49.899682540,0
49.922902494,0
49.946122449,0
49.969342404,0
49.992562358,0
50.015782313,0
50.039002268,0
50.062222222,0
50.085442177,0.895881
50.108662132,3.64349
50.131882086,0.615562
50.155102041,0
50.178321995,0
50.201541950,0
50.224761905,0.0309468
50.247981859,0
50.271201814,0
50.294421769,0
50.317641723,0
50.340861678,0
50.364081633,0
50.387301587,0
50.410521542,0
50.433741497,0
50.456961451,0
50.480181406,0
50.503401361,0
50.526621315,0
50.549841270,0.0989068
50.573061224,1.09896
50.596281179,0
50.619501134,0
50.642721088,0
50.665941043,0.148689
50.689160998,0
50.712380952,0.11715
50.735600907,0.40621
50.758820862,1.25187
50.782040816,0
50.805260771,0
50.828480726,0
50.851700680,0
50.874920635,0
50.898140590,0
50.921360544,0
50.944580499,0
50.967800454,2.21354
50.991020408,7.21226
51.014240363,4.6618
51.037460317,0
51.060680272,0
51.083900227,0
51.107120181,0
51.130340136,0
51.153560091,0.402506
51.176780045,0.979312
51.200000000,1.11872
51.223219955,0
51.246439909,0
51.269659864,0
51.292879819,0
51.316099773,0
51.339319728,0
51.362539683,0
51.385759637,0
51.408979592,0
51.432199546,0
51.455419501,0
51.478639456,0.875599
51.501859410,0.657195
51.525079365,0.051827
51.548299320,0
51.571519274,0
51.594739229,0
51.617959184,0
51.641179138,0
51.664399093,0
51.687619048,0.0521861
51.710839002,4.87398
51.734058957,1.57059
51.757278912,0
51.780498866,0
51.803718821,0
51.826938776,0
51.850158730,0
51.873378685,0
51.896598639,0
51.919818594,0.297379
51.943038549,0.547342
51.966258503,0.123346
51.989478458,0
52.012698413,0
52.035918367,0
52.059138322,0
52.082358277,0
52.105578231,0
52.128798186,0
52.152018141,0
52.175238095,0
52.198458050,0
52.221678005,0.399317
52.244897959,0.160003
52.268117914,0
52.291337868,0.0190751
52.314557823,0
52.337777778,0
52.360997732,0
52.384217687,0.127113
52.407437642,0.327453
52.430657596,0.374841
52.453877551,0
52.477097506,0.142559
52.500317460,0
52.523537415,0
52.546757370,0
52.569977324,0
52.593197279,0.125009
52.616417234,0.163711
52.639637188,0
52.662857143,0
52.686077098,0.352242
52.709297052,0
52.732517007,0
52.755736961,0.275714
52.778956916,0
52.802176871,0
52.825396825,0.721657
52.848616780,0
52.871836735,0.656514
52.895056689,2.24581
52.918276644,0
52.941496599,0
52.964716553,0
52.987936508,0
53.011156463,0
53.034376417,0
53.057596372,0
53.080816327,0
53.104036281,0
53.127256236,0.358928
53.150476190,0.54684
53.173696145,0.302207
53.196916100,0.0602807
53.220136054,0.00352389
53.243356009,0
53.266575964,0
53.289795918,0.0253795
53.313015873,0
53.336235828,0
53.359455782,0.334057
53.382675737,0
53.405895692,0
53.429115646,0
53.452335601,0
53.475555556,0
53.498775510,0
53.521995465,0
53.545215420,0
53.568435374,1.09764
53.591655329,0
53.614875283,0
53.638095238,0.720197
53.661315193,1.78646
53.684535147,0
53.707755102,0.327816
53.730975057,0.473836
53.754195011,0
53.777414966,0
53.800634921,0
53.823854875,0.066759
53.847074830,0.378353
53.870294785,0
53.893514739,0
53.916734694,0
53.939954649,0.0782638
53.963174603,0
53.986394558,0
54.009614512,0
54.032834467,0
54.056054422,0
54.079274376,0
54.102494331,0
54.125714286,0.625965
54.148934240,0.595765
54.172154195,0.778965
54.195374150,5.61302
54.218594104,4.23655
54.241814059,0
54.265034014,0
54.288253968,0
54.311473923,0
54.334693878,0
54.357913832,0
54.381133787,0
54.404353741,0
54.427573696,0
54.450793651,0
54.474013605,0.629571
54.497233560,1.64447
54.520453515,0.934468
54.543673469,0.743144
54.566893424,0
54.590113379,0
54.613333333,0
54.636553288,0.391472
54.659773243,0.113833
54.682993197,0.0435346
54.706213152,0.259704
54.729433107,0.0291445
54.752653061,0
54.775873016,0
54.799092971,0
54.822312925,0
54.845532880,0
54.868752834,0
54.891972789,0
54.915192744,0
54.938412698,0
54.961632653,0.127839
54.984852608,0.663042
55.008072562,0.222947
55.031292517,0
55.054512472,0
55.077732426,0
55.100952381,0.0224066
55.124172336,0.730121
55.147392290,1.00637
55.170612245,0.182196
55.193832200,0
55.217052154,0
55.240272109,0
55.263492063,0
55.286712018,0
55.309931973,0
55.333151927,0
55.356371882,0.636428
55.379591837,1.27737
55.402811791,0.649896
55.426031746,0.382608
55.449251701,0.516444
55.472471655,0
55.495691610,0
55.518911565,0.288811
55.542131519,0.0292359
55.565351474,0
55.588571429,0
55.611791383,0
55.635011338,0
55.658231293,0
55.681451247,0
55.704671202,0
55.727891156,0
55.751111111,0
55.774331066,0
55.797551020,0
55.820770975,0
55.843990930,0
55.867210884,0
55.890430839,0
55.913650794,0
55.936870748,0
55.960090703,0
55.983310658,0
56.006530612,0
56.029750567,0
56.052970522,3.79914
56.076190476,6.3337
56.099410431,0.792378
56.122630385,0
56.145850340,0
56.169070295,0
56.192290249,0.0037092
56.215510204,0.236881
56.238730159,0
56.261950113,0
56.285170068,0
56.308390023,0
56.331609977,0
56.354829932,0
56.378049887,0
56.401269841,0
56.424489796,0
56.447709751,0.849797
56.470929705,1.57248
56.494149660,0
56.517369615,0
56.540589569,0
56.563809524,0.374856
56.587029478,0.0703336
56.610249433,0
56.633469388,0
56.656689342,0
56.679909297,0
56.703129252,0.418471
56.726349206,0.457305
56.749569161,0.25378
56.772789116,0.502083
56.796009070,0.544107
56.819229025,0.0556269
56.842448980,0
56.865668934,0
56.888888889,0
56.912108844,0
56.935328798,0.111122
56.958548753,0.144394
56.981768707,0
57.004988662,0
57.028208617,0
57.051428571,0
57.074648526,0
57.097868481,0
57.121088435,0
57.144308390,0
57.167528345,0
57.190748299,0
57.213968254,0
57.237188209,0
57.260408163,0
57.283628118,0
57.306848073,0
57.330068027,0
57.353287982,0
57.376507937,0
57.399727891,0
57.422947846,0
57.446167800,0.126661
57.469387755,1.42605
57.492607710,0.7854
57.515827664,0
57.539047619,0
57.562267574,0
57.585487528,0
57.608707483,0
57.631927438,0
57.655147392,0
57.678367347,0
57.701587302,0
57.724807256,0
57.748027211,0
57.771247166,0
57.794467120,0
57.817687075,0
57.840907029,0
57.864126984,0
57.887346939,0
57.910566893,0
57.933786848,0
57.957006803,3.23897
57.980226757,1.06805
58.003446712,0
58.026666667,0
58.049886621,1.7449
58.073106576,4.64746
58.096326531,2.75782
58.119546485,0
58.142766440,0
58.165986395,0
58.189206349,0
58.212426304,0
58.235646259,0
58.258866213,0
58.282086168,0
58.305306122,0
58.328526077,0
58.351746032,0
58.374965986,0.363719
58.398185941,0.382899
58.421405896,0
58.444625850,0
58.467845805,0
58.491065760,0
58.514285714,0.616085
58.537505669,3.97588
58.560725624,0.450703
58.583945578,0
58.607165533,0
58.630385488,0
58.653605442,0
58.676825397,0
58.700045351,0
58.723265306,0
58.746485261,0
58.769705215,0
58.792925170,0.127176
58.816145125,1.62096
58.839365079,1.7587
58.862585034,0.904499
58.885804989,0
58.909024943,0
58.932244898,0
58.955464853,0
58.978684807,0
59.001904762,0
59.025124717,0
59.048344671,0
59.071564626,0
59.094784580,0
59.118004535,0
59.141224490,0
59.164444444,0
59.187664399,0
59.210884354,0
59.234104308,0
59.257324263,0
59.280544218,0
59.303764172,2.1352
59.326984127,1.02713
59.350204082,0
59.373424036,0
59.396643991,0
59.419863946,0.478611
59.443083900,0.197129
59.466303855,0
59.489523810,0
59.512743764,0
59.535963719,0
59.559183673,0
59.582403628,0
59.605623583,0
59.628843537,0
59.652063492,0
59.675283447,0
59.698503401,5.48453
59.721723356,4.76179
59.744943311,0
59.768163265,0
59.791383220,0
59.814603175,0
59.837823129,0
59.861043084,0
59.884263039,0
59.907482993,0
59.930702948,0
59.953922902,0
59.977142857,0
60.000362812,0
60.023582766,0.0198291
60.046802721,0.00558841
60.070022676,0
60.093242630,0
60.116462585,0
60.139682540,0
60.162902494,0
60.186122449,0
60.209342404,0.823704
60.232562358,0.301286
60.255782313,0
60.279002268,0
60.302222222,0
60.325442177,0.107937
60.348662132,0
60.371882086,0
60.395102041,0
60.418321995,0
60.441541950,0
60.464761905,0
60.487981859,0.0483824
60.511201814,0
60.534421769,0
60.557641723,0
60.580861678,0
60.604081633,0
60.627301587,0
60.650521542,0
60.673741497,0.15899
60.696961451,1.41824
60.720181406,0.374551
60.743401361,0
60.766621315,0
60.789841270,0
60.813061224,0
60.836281179,0
60.859501134,0.0963096
60.882721088,0
60.905941043,0
60.929160998,0
60.952380952,0
60.975600907,0
60.998820862,0
61.022040816,0
61.045260771,0
61.068480726,0
61.091700680,0
61.114920635,0
61.138140590,0.654843
61.161360544,0.0244345
61.184580499,0
61.207800454,0
61.231020408,0
61.254240363,0
61.277460317,0
61.300680272,0
61.323900227,0
61.347120181,0
61.370340136,0
61.393560091,0
61.416780045,0.595527
61.440000000,0.926111
61.463219955,5.12477
61.486439909,9.50371
61.509659864,0.607068
61.532879819,0
61.556099773,0
61.579319728,0
61.602539683,0
61.625759637,0.734686
61.648979592,0
61.672199546,0
61.695419501,0
61.718639456,0
61.741859410,0
61.765079365,0
61.788299320,0
61.811519274,0
61.834739229,0.624422
61.857959184,0.401152
61.881179138,0.0954376
61.904399093,0
61.927619048,0
61.950839002,0
61.974058957,0
61.997278912,0
62.020498866,0
62.043718821,0
62.066938776,0.953851
62.090158730,2.38753
62.113378685,0.608426
62.136598639,0
62.159818594,0
62.183038549,0
62.206258503,0
62.229478458,0
62.252698413,0
62.275918367,0.786209
62.299138322,0.422187
62.322358277,0.667358
62.345578231,0.047476
62.368798186,0
62.392018141,0
62.415238095,0
62.438458050,0
62.461678005,0
62.484897959,0.495186
62.508117914,0.077516
62.531337868,0
62.554557823,0
62.577777778,0
62.600997732,0.179173
62.624217687,0
62.647437642,0
62.670657596,0
62.693877551,0
62.717097506,0
62.740317460,0.708311
62.763537415,0.878717
62.786757370,4.37046
62.809977324,3.94987
62.833197279,0
62.856417234,0
62.879637188,0
62.902857143,0
62.926077098,1.29072
62.949297052,0.323629
62.972517007,0.350858
62.995736961,0
63.018956916,0
63.042176871,0
63.065396825,0
63.088616780,0
63.111836735,0
63.135056689,0
63.158276644,0
63.181496599,0
63.204716553,0
63.227936508,0
63.251156463,0
63.274376417,0
63.297596372,0
63.320816327,0
63.344036281,0
63.367256236,0.298286
63.390476190,0
63.413696145,0.0258513
63.436916100,0
63.460136054,0
63.483356009,0
63.506575964,0.00251019
63.529795918,1.93086
63.553015873,0.346019
63.576235828,0
63.599455782,0
63.622675737,0.743685
63.645895692,0
63.669115646,0
63.692335601,0.270334
63.715555556,0
63.738775510,0.810324
63.761995465,0.245364
63.785215420,0
63.808435374,0
63.831655329,0.683469
63.854875283,0.416885
63.878095238,0
63.901315193,0.751571
63.924535147,0.225109
63.947755102,0
63.970975057,0
63.994195011,0
64.017414966,0.131396
64.040634921,0
64.063854875,0
64.087074830,0
64.110294785,0.743053
64.133514739,0.348422
64.156734694,0.313726
64.179954649,0
64.203174603,0
64.226394558,0
64.249614512,0.0068208
64.272834467,0
64.296054422,0
64.319274376,0
64.342494331,0
64.365714286,0.609377
64.388934240,2.36359
64.412154195,0.891435
64.435374150,0.077933
64.458594104,0
64.481814059,0
64.505034014,0
64.528253968,0
64.551473923,0
64.574693878,0
64.597913832,0.162946
64.621133787,0
64.644353741,0
64.667573696,0
64.690793651,0
64.714013605,0
64.737233560,0
64.760453515,0
64.783673469,0
64.806893424,0
64.830113379,0.192309
64.853333333,0.415226
64.876553288,0
64.899773243,0
64.922993197,0
64.946213152,0
64.969433107,0
64.992653061,0
65.015873016,0
65.039092971,0
65.062312925,0
65.085532880,0
65.108752834,0
65.131972789,0
65.155192744,0
65.178412698,0
65.201632653,0
65.224852608,0
65.248072562,2.25431
65.271292517,2.61127
65.294512472,1.20829
65.317732426,1.30916
65.340952381,0
65.364172336,0
65.387392290,2.65505
65.410612245,5.93107
65.433832200,0
65.457052154,0
65.480272109,0
65.503492063,0
65.526712018,0
65.549931973,0
65.573151927,0
65.596371882,0
65.619591837,0
65.642811791,0
65.666031746,0
65.689251701,0.0941661
65.712471655,0
65.735691610,0
65.758911565,0.631575
65.782131519,0.494584
65.805351474,0.054424
65.828571429,0.0743347
65.851791383,0
65.875011338,0
65.898231293,0
65.921451247,0
65.944671202,0.653482
65.967891156,0.228036
65.991111111,0
66.014331066,0
66.037551020,0.00234121
66.060770975,0
66.083990930,0
66.107210884,0
66.130430839,0
66.153650794,0.00584954
66.176870748,0.6914
66.200090703,2.68404
66.223310658,0.698971
66.246530612,0
66.269750567,0
66.292970522,0
66.316190476,0
66.339410431,0
66.362630385,0
66.385850340,0.0522919
66.409070295,0
66.432290249,0
66.455510204,0.0867071
66.478730159,0
66.501950113,0
66.525170068,0
66.548390023,0.0917483
66.571609977,0.152789
66.594829932,0.163813
66.618049887,0
66.641269841,0
66.664489796,0.177383
66.687709751,0
66.710929705,1.54863
66.734149660,0.297657
66.757369615,0
66.780589569,0
66.803809524,0
66.827029478,0
66.850249433,0
66.873469388,0
66.896689342,0
66.919909297,0
66.943129252,0
66.966349206,0
66.989569161,0
67.012789116,0
67.036009070,0
67.059229025,0
67.082448980,0
67.105668934,0
67.128888889,0
67.152108844,0.323506
67.175328798,2.0791
67.198548753,0.380628
67.221768707,0
67.244988662,0
67.268208617,0.320597
67.291428571,0.0818634
67.314648526,0.479273
67.337868481,0.527216
67.361088435,0
67.384308390,0.354651
67.407528345,1.26419
67.430748299,1.20027
67.453968254,0
67.477188209,0.0118332
67.500408163,0
67.523628118,0
67.546848073,0.121165
67.570068027,1.15632
67.593287982,0
67.616507937,0
67.639727891,0.285786
67.662947846,0.239846
67.686167800,0
67.709387755,0
67.732607710,0
67.755827664,0
67.779047619,0
67.802267574,0
67.825487528,0
67.848707483,0
67.871927438,0
67.895147392,0
67.918367347,0
67.941587302,0.463353
67.964807256,0.907162
67.988027211,0.461571
68.011247166,0
68.034467120,0
68.057687075,0
68.080907029,0
68.104126984,0.00641125
68.127346939,0.828988
68.150566893,0.578068
68.173786848,0.0394492
68.197006803,0
68.220226757,0.376039
68.243446712,0
68.266666667,0
68.289886621,0
68.313106576,0
68.336326531,0
68.359546485,0
68.382766440,0
68.405986395,0.513612
68.429206349,0.429162
68.452426304,0
68.475646259,0
68.498866213,0
68.522086168,0
68.545306122,0
68.568526077,0
68.591746032,0.38281
68.614965986,2.92327
68.638185941,2.30251
68.661405896,0.750333
68.684625850,0
68.707845805,0
68.731065760,0
68.754285714,0
68.777505669,0.0676228
68.800725624,0
68.823945578,0
68.847165533,0
68.870385488,0.326568
68.893605442,0
68.916825397,0.255836
68.940045351,0.464933
68.963265306,0
68.986485261,0
69.009705215,0
69.032925170,0
69.056145125,0
69.079365079,0.0304096
69.102585034,0.32989
69.125804989,0
69.149024943,0
69.172244898,0
69.195464853,0
69.218684807,0
69.241904762,0
69.265124717,0
69.288344671,0
69.311564626,0.0360202
69.334784580,1.96715
69.358004535,1.62192
69.381224490,0.358795
69.404444444,0.656916
69.427664399,0
69.450884354,0
69.474104308,0.150012
69.497324263,0.756008
69.520544218,0.178097
69.543764172,0
69.566984127,0.399448
69.590204082,0.118994
69.613424036,0
69.636643991,0
69.659863946,0
69.683083900,0
69.706303855,0
69.729523810,0.351701
69.752743764,1.92149
69.775963719,0.157101
69.799183673,0
69.822403628,0
69.845623583,0
69.868843537,0
69.892063492,0
69.915283447,0
69.938503401,0
69.961723356,0.241728
69.984943311,0.757807
70.008163265,0.107435
70.031383220,0.0674248
70.054603175,0
70.077823129,0
70.101043084,0
70.124263039,0
70.147482993,0
70.170702948,0
70.193922902,0
70.217142857,0
70.240362812,0.891169
70.263582766,3.5608
70.286802721,0.201984
70.310022676,0
70.333242630,0
70.356462585,0
70.379682540,0
70.402902494,0
70.426122449,0
70.449342404,0
70.472562358,0
70.495782313,1.02702
70.519002268,1.10499
70.542222222,0
70.565442177,0
70.588662132,0
70.611882086,0
70.635102041,0
70.658321995,0
70.681541950,0
70.704761905,0
70.727981859,0
70.751201814,0
70.774421769,0
70.797641723,0
70.820861678,0
70.844081633,0
70.867301587,0
70.890521542,0
70.913741497,0.402354
70.936961451,3.97652
70.960181406,3.93235
70.983401361,0.872354
71.006621315,0
71.029841270,0
71.053061224,0
71.076281179,0
71.099501134,0
71.122721088,0
71.145941043,0
71.169160998,0
71.192380952,0
71.215600907,0
71.238820862,0
71.262040816,0
71.285260771,0
71.308480726,0.206803
71.331700680,0.612128
71.354920635,1.69172
71.378140590,0.26767
71.401360544,0.195163
71.424580499,0
71.447800454,0
71.471020408,0
71.494240363,0
71.517460317,0
71.540680272,0
71.563900227,0
71.587120181,0
71.610340136,0.0184989
71.633560091,0
71.656780045,0
71.680000000,0
71.703219955,0.0138651
71.726439909,0.223328
71.749659864,0
71.772879819,0.123373
71.796099773,0.170365
71.819319728,0.11768
71.842539683,0
71.865759637,0.00232509
71.888979592,0.301921
71.912199546,0
71.935419501,0
71.958639456,0
71.981859410,0
72.005079365,0
72.028299320,0
72.051519274,0
72.074739229,0
72.097959184,0
72.121179138,0
72.144399093,0
72.167619048,0
72.190839002,0
72.214058957,0
72.237278912,0
72.260498866,0
72.283718821,0.0106756
72.306938776,0.403535
72.330158730,2.46882
72.353378685,1.50924
72.376598639,0
72.399818594,0
72.423038549,0
72.446258503,0
72.469478458,0
72.492698413,0
72.515918367,0
72.539138322,0
72.562358277,0
72.585578231,0
72.608798186,0
72.632018141,0
72.655238095,0
72.678458050,0
72.701678005,0
72.724897959,0
72.748117914,0
72.771337868,0.0826834
72.794557823,1.2886
72.817777778,0
72.840997732,0
72.864217687,0
72.887437642,0
72.910657596,0
72.933877551,0
72.957097506,0
72.980317460,3.07415
73.003537415,5.27396
73.026757370,0.534584
73.049977324,0
73.073197279,0
73.096417234,0
73.119637188,0
73.142857143,0
73.166077098,0
73.189297052,0
73.212517007,0
73.235736961,0.163576
73.258956916,0.452236
73.282176871,0.435707
73.305396825,0
73.328616780,0
73.351836735,0
73.375056689,0
73.398276644,0
73.421496599,1.70167
73.444716553,1.36647
73.467936508,0
73.491156463,0
73.514376417,0
73.537596372,0
73.560816327,0
73.584036281,0
73.607256236,0
73.630476190,0
73.653696145,0
73.676916100,0
73.700136054,0.82487
73.723356009,1.38731
73.746575964,1.00061
73.769795918,0
73.793015873,0
73.816235828,0
73.839455782,0
73.862675737,0
73.885895692,0
73.909115646,0
73.932335601,0
73.955555556,0
73.978775510,0
74.001995465,0
74.025215420,0
74.048435374,0
74.071655329,0
74.094875283,0
74.118095238,0
74.141315193,0
74.164535147,0
74.187755102,1.62887
74.210975057,1.24349
74.234195011,0
74.257414966,0
74.280634921,0
74.303854875,0.0326424
74.327074830,0
74.350294785,0
74.373514739,0
74.396734694,0
74.419954649,0
74.443174603,0
74.466394558,0
74.489614512,0
74.512834467,0
74.536054422,0
74.559274376,0
74.582494331,3.24627
74.605714286,4.86908
74.628934240,0.506204
74.652154195,0
74.675374150,0
74.698594104,0
74.721814059,0
74.745034014,0
74.768253968,0
74.791473923,0
74.814693878,0
74.837913832,0
74.861133787,0
74.884353741,0
74.907573696,0.200042
74.930793651,0
74.954013605,0
74.977233560,0.16096
75.000453515,0
75.023673469,0
75.046893424,0
75.070113379,0
75.093333333,0
75.116553288,1.10842
75.139773243,1.00723
75.162993197,0
75.186213152,0
75.209433107,0
75.232653061,0.0457666
75.255873016,0
75.279092971,0
75.302312925,0
75.325532880,0
75.348752834,0
75.371972789,0
75.395192744,0
75.418412698,0
75.441632653,0
75.464852608,0
75.488072562,0.0540365
75.511292517,0
75.534512472,0
75.557732426,0
75.580952381,0.501534
75.604172336,0.449267
75.627392290,0
75.650612245,0
75.673832200,0
75.697052154,0
75.720272109,0
75.743492063,0
75.766712018,0
75.789931973,0
75.813151927,0
75.836371882,0
75.859591837,0
75.882811791,0
75.906031746,0
75.929251701,0
75.952471655,0
75.975691610,0
75.998911565,0
76.022131519,0
76.045351474,1.26682
76.068571429,1.52558
76.091791383,0
76.115011338,0
76.138231293,0
76.161451247,0
76.184671202,0
76.207891156,0
76.231111111,0
76.254331066,0
76.277551020,0
76.300770975,0
76.323990930,0
76.347210884,1.50575
76.370430839,6.65503
76.393650794,3.12174
76.416870748,0
76.440090703,0
76.463310658,0
76.486530612,0
76.509750567,0
76.532970522,0.117257
76.556190476,0
76.579410431,0
76.602630385,0
76.625850340,0
76.649070295,0
76.672290249,0
76.695510204,0
76.718730159,1.5077
76.741950113,0.485445
76.765170068,0.730364
76.788390023,0
76.811609977,0
76.834829932,0
76.858049887,0
76.881269841,0
76.904489796,0
76.927709751,0
76.950929705,0
76.974149660,1.69453
76.997369615,1.36524
77.020589569,0
77.043809524,0
77.067029478,0
77.090249433,0
77.113469388,0
77.136689342,0
77.159909297,0
77.183129252,0.73606
77.206349206,0.744068
77.229569161,0.624214
77.252789116,0.453979
77.276009070,0
77.299229025,0
77.322448980,0
77.345668934,0
77.368888889,0
77.392108844,0.447028
77.415328798,0.629006
77.438548753,0.646895
77.461768707,0.124074
77.484988662,0
77.508208617,0
77.531428571,0
77.554648526,0
77.577868481,0
77.601088435,0
77.624308390,0
77.647528345,0.0891241
77.670748299,0.502028
77.693968254,0.609735
77.717188209,0.0484146
77.740408163,0
77.763628118,0
77.786848073,0
77.810068027,0
77.833287982,0
77.856507937,0
77.879727891,0.0123807
77.902947846,0.311468
77.926167800,0.366266
77.949387755,0
77.972607710,0.255142
77.995827664,0.0432638
78.019047619,0
78.042267574,0
78.065487528,0
78.088707483,0
78.111927438,0
78.135147392,0.289366
78.158367347,0.0768945
78.181587302,0.348016
78.204807256,0.425633
78.228027211,0.180571
78.251247166,0
78.274467120,0
78.297687075,0
78.320907029,0
78.344126984,0.0393966
78.367346939,0.698026
78.390566893,0.967579
78.413786848,0
78.437006803,0
78.460226757,0
78.483446712,0
78.506666667,0
78.529886621,0
78.553106576,0
78.576326531,0
78.599546485,0
78.622766440,0
78.645986395,0
78.669206349,0
78.692426304,0
78.715646259,0
78.738866213,0
78.762086168,0
78.785306122,0
78.808526077,0
78.831746032,0.0239683
78.854965986,0.860161
78.878185941,0.804565
78.901405896,0
78.924625850,0
78.947845805,0
78.971065760,0
78.994285714,0
79.017505669,0
79.040725624,0
79.063945578,0
79.087165533,0
79.110385488,0
79.133605442,0
79.156825397,0
79.180045351,0
79.203265306,0
79.226485261,0
79.249705215,0.622765
79.272925170,0.751586
79.296145125,0
79.319365079,0
79.342585034,0.323725
79.365804989,0.380867
79.389024943,0
79.412244898,0
79.435464853,0
79.458684807,0
79.481904762,0
79.505124717,0
79.528344671,0
79.551564626,0
79.574784580,0
79.598004535,0
79.621224490,0
79.644444444,0
79.667664399,0
79.690884354,0
79.714104308,0
79.737324263,0
79.760544218,0
79.783764172,0.593654
79.806984127,1.72262
79.830204082,0.150896
79.853424036,0
79.876643991,0
79.899863946,0
79.923083900,0
79.946303855,0
79.969523810,0
79.992743764,0
80.015963719,0
80.039183673,0
80.062403628,0
80.085623583,0
80.108843537,0
80.132063492,0
80.155283447,0
80.178503401,0
80.201723356,0
80.224943311,0
80.248163265,0
80.271383220,2.52788
80.294603175,0.965046
80.317823129,0
80.341043084,0
80.364263039,0
80.387482993,0
80.410702948,0
80.433922902,0
80.457142857,0
80.480362812,0
80.503582766,0
80.526802721,0.966707
80.550022676,0
80.573242630,0
80.596462585,0
80.619682540,0
80.642902494,0
80.666122449,0
80.689342404,0
80.712562358,0.365883
80.735782313,2.25958
80.759002268,0.309004
80.782222222,0
80.805442177,0
80.828662132,0
80.851882086,0
80.875102041,0
80.898321995,0
80.921541950,0
80.944761905,0
80.967981859,0
80.991201814,0
81.014421769,0
81.037641723,0
81.060861678,0
81.084081633,0
81.107301587,0
81.130521542,0
81.153741497,0
81.176961451,0.224437
81.200181406,2.27848
81.223401361,0.256204
81.246621315,0
81.269841270,0
81.293061224,0
81.316281179,0
81.339501134,0
81.362721088,0
81.385941043,0
81.409160998,0
81.432380952,0.796482
81.455600907,0
81.478820862,0
81.502040816,0
81.525260771,0
81.548480726,0
81.571700680,0
81.594920635,0
81.618140590,0.172024
81.641360544,0.55261
81.664580499,0.929277
81.687800454,0
81.711020408,0
81.734240363,0
81.757460317,0
81.780680272,0
81.803900227,0
81.827120181,0
81.850340136,0
81.873560091,0
81.896780045,0
81.920000000,0
81.943219955,0
81.966439909,0
81.989659864,0
82.012879819,0
82.036099773,0
82.059319728,0
82.082539683,0.13687
82.105759637,0.954688
82.128979592,2.02781
82.152199546,0.817768
82.175419501,0
82.198639456,0
82.221859410,0
82.245079365,0
82.268299320,0
82.291519274,0
82.314739229,0
82.337959184,0
82.361179138,0
82.384399093,0
82.407619048,0
82.430839002,0
82.454058957,0
82.477278912,0
82.500498866,0
82.523718821,0
82.546938776,0
82.570158730,0.740126
82.593378685,1.83776
82.616598639,0.525978
82.639818594,0
82.663038549,0
82.686258503,0
82.709478458,0
82.732698413,0
82.755918367,0
82.779138322,0
82.802358277,0
82.825578231,0
82.848798186,0
82.872018141,0
82.895238095,0
82.918458050,0
82.941678005,0
82.964897959,0
82.988117914,0
83.011337868,0
83.034557823,0.114465
83.057777778,0.890872
83.080997732,1.15327
83.104217687,0.201614
83.127437642,0
83.150657596,0
83.173877551,0
83.197097506,0
83.220317460,0
83.243537415,0
83.266757370,0
83.289977324,0
83.313197279,0
83.336417234,0
83.359637188,0
83.382857143,0
83.406077098,0
83.429297052,0
83.452517007,0
83.475736961,0.22727
83.498956916,1.37761
83.522176871,1.87343
83.545396825,2.08095
83.568616780,0
83.591836735,0
83.615056689,0
83.638276644,0
83.661496599,0
83.684716553,0
83.707936508,0
83.731156463,0
83.754376417,0
83.777596372,0
83.800816327,0
83.824036281,0
83.847256236,0
83.870476190,0
83.893696145,0
83.916916100,0
83.940136054,0
83.963356009,0.363264
83.986575964,1.33641
84.009795918,0.219853
84.033015873,0
84.056235828,0
84.079455782,0
84.102675737,0
84.125895692,0
84.149115646,0
84.172335601,0
84.195555556,0.0574624
84.218775510,0.627484
84.241995465,0
84.265215420,0
84.288435374,0
84.311655329,0
84.334875283,0
84.358095238,0
84.381315193,0
84.404535147,0
84.427755102,0.459869
84.450975057,0.476106
84.474195011,1.92666
84.497414966,0.279753
84.520634921,0
84.543854875,0
84.567074830,0
84.590294785,0
84.613514739,0
84.636734694,0
84.659954649,0
84.683174603,0
84.706394558,0.0619549
84.729614512,0
84.752834467,0
84.776054422,0
84.799274376,0
84.822494331,0
84.845714286,0
84.868934240,0
84.892154195,0
84.915374150,0.129684
84.938594104,2.55278
84.961814059,0.472703
84.985034014,0
85.008253968,0
85.031473923,0
85.054693878,0
85.077913832,0
85.101133787,0
85.124353741,0
85.147573696,0
85.170793651,0.438599
85.194013605,0
85.217233560,0
85.240453515,0
85.263673469,0
85.286893424,0
85.310113379,0
85.333333333,0
85.356553288,0
85.379773243,0
85.402993197,0
85.426213152,0.887539
85.449433107,0
85.472653061,0
85.495873016,0
85.519092971,0
85.542312925,0
85.565532880,0
85.588752834,0.0330602
85.611972789,1.10813
85.635192744,4.2025
85.658412698,2.0191
85.681632653,0
85.704852608,0
85.728072562,0
85.751292517,0
85.774512472,0
85.797732426,0
85.820952381,0
85.844172336,0
85.867392290,2.26036
85.890612245,0.305496
85.913832200,0
85.937052154,0.230322
85.960272109,1.5337
85.983492063,0
86.006712018,0
86.029931973,0
86.053151927,0
86.076371882,0
86.099591837,0
86.122811791,0
86.146031746,0
86.169251701,0
86.192471655,0
86.215691610,0
86.238911565,0
86.262131519,0
86.285351474,0.155995
86.308571429,0.174708
86.331791383,0
86.355011338,0
86.378231293,0
86.401451247,0
86.424671202,3.23696
86.447891156,6.13949
86.471111111,0.176891
86.494331066,0
86.517551020,0
86.540770975,0
86.563990930,0
86.587210884,0
86.610430839,0
86.633650794,0
86.656870748,0
86.680090703,0
86.703310658,0
86.726530612,0
86.749750567,0
86.772970522,0
86.796190476,0
86.819410431,0
86.842630385,0
86.865850340,0
86.889070295,0
86.912290249,0
86.935510204,0
86.958730159,0
86.981950113,0
87.005170068,0
87.028390023,0
87.051609977,0
87.074829932,0.0547313
87.098049887,1.02325
87.121269841,0.35507
87.144489796,0.219174
87.167709751,0.566428
87.190929705,0
87.214149660,0
87.237369615,0.264317
87.260589569,0.579356
87.283809524,0.00452408
87.307029478,0
87.330249433,0
87.353469388,0
87.376689342,0
87.399909297,0
87.423129252,0
87.446349206,0
87.469569161,0
87.492789116,0.9419
87.516009070,3.09934
87.539229025,0.308292
87.562448980,0.550233
87.585668934,0.0413232
87.608888889,0
87.632108844,0
87.655328798,0
87.678548753,0
87.701768707,0
87.724988662,0
87.748208617,0
87.771428571,0
87.794648526,0
87.817868481,0
87.841088435,0
87.864308390,0
87.887528345,0
87.910748299,0
87.933968254,0
87.957188209,0
87.980408163,0
88.003628118,0
88.026848073,0
88.050068027,0.222459
88.073287982,0.502906
88.096507937,0.413649
88.119727891,0.349355
88.142947846,0.183406
88.166167800,0.303236
88.189387755,0.0264919
88.212607710,0.000459015
88.235827664,0.576955
88.259047619,0
88.282267574,0
88.305487528,0
88.328707483,0
88.351927438,0
88.375147392,0
88.398367347,0
88.421587302,0.87463
88.444807256,0
88.468027211,0.060631
88.491247166,0
88.514467120,0.680749
88.537687075,0.602055
88.560907029,0.209378
88.584126984,0.141949
88.607346939,0
88.630566893,0
88.653786848,0
88.677006803,0
88.700226757,0
88.723446712,0
88.746666667,0
88.769886621,0
88.793106576,0
88.816326531,0
88.839546485,1.17072
88.862766440,2.63043
88.885986395,1.45562
88.909206349,0.772359
88.932426304,0.138624
88.955646259,0
88.978866213,0
89.002086168,0
89.025306122,0
89.048526077,0
89.071746032,0
89.094965986,0
89.118185941,0
89.141405896,0
89.164625850,0
89.187845805,0
89.211065760,0
89.234285714,0
89.257505669,0
89.280725624,0
89.303945578,0
89.327165533,0
89.350385488,0
89.373605442,1.92372
89.396825397,6.82498
89.420045351,3.22345
89.443265306,1.12017
89.466485261,0
89.489705215,0
89.512925170,0
89.536145125,0
89.559365079,0
89.582585034,0
89.605804989,0
89.629024943,1.07626
89.652244898,0
89.675464853,0
89.698684807,0
89.721904762,0
89.745124717,0
89.768344671,0
89.791564626,0
89.814784580,0
89.838004535,0
89.861224490,0.244734
89.884444444,1.30356
89.907664399,0
89.930884354,0
89.954104308,0
89.977324263,0
90.000544218,0
90.023764172,0.0250316
90.046984127,0.6609
90.070204082,0.217371
90.093424036,0
90.116643991,0
90.139863946,0
90.163083900,0.840794
90.186303855,2.37126
90.209523810,0.106456
90.232743764,0
90.255963719,0
90.279183673,0
90.302403628,0
90.325623583,0
90.348843537,0
90.372063492,0
90.395283447,0
90.418503401,0
90.441723356,0
90.464943311,0
90.488163265,0
90.511383220,0
90.534603175,0.218719
90.557823129,0.563501
90.581043084,0.134994
90.604263039,0
90.627482993,0
90.650702948,0
90.673922902,0
90.697142857,0
90.720362812,0
90.743582766,0.15503
90.766802721,2.52753
90.790022676,1.88448
90.813242630,0
90.836462585,0
90.859682540,0.153302
90.882902494,0.113369
90.906122449,0
90.929342404,0.366743
90.952562358,0.399626
90.975782313,0.00672776
90.999002268,0.0708362
91.022222222,0
91.045442177,0
91.068662132,0
91.091882086,0
91.115102041,0
91.138321995,0
91.161541950,0
91.184761905,0
91.207981859,0.104959
91.231201814,0.686198
91.254421769,0.159088
91.277641723,0
91.300861678,0
91.324081633,0
91.347301587,0
91.370521542,0
91.393741497,0
91.416961451,0
91.440181406,0
91.463401361,0.0786625
91.486621315,0.235036
91.509841270,0.0825797
91.533061224,0
91.556281179,0
91.579501134,0
91.602721088,0
91.625941043,0
91.649160998,0
91.672380952,0
91.695600907,0
91.718820862,0.960037
91.742040816,1.37687
91.765260771,0.343282
91.788480726,0
91.811700680,0
91.834920635,0
91.858140590,0
91.881360544,0
91.904580499,0
91.927800454,0.0091266
91.951020408,0
91.974240363,0
91.997460317,0
92.020680272,0
92.043900227,0
92.067120181,0.482325
92.090340136,0
92.113560091,0
92.136780045,5.99791
92.160000000,5.5702
92.183219955,0
92.206439909,0
92.229659864,0
92.252879819,0
92.276099773,0
92.299319728,0
92.322539683,0
92.345759637,0
92.368979592,0
92.392199546,0
92.415419501,0
92.438639456,0
92.461859410,0
92.485079365,0
92.508299320,2.39128
92.531519274,4.46847
92.554739229,0.392115
92.577959184,0
92.601179138,0
92.624399093,0
92.647619048,0
92.670839002,0
92.694058957,0
92.717278912,0
92.740498866,0
92.763718821,0
92.786938776,0
92.810158730,0
92.833378685,0
92.856598639,0
92.879818594,0.399249
92.903038549,0.564226
92.926258503,0
92.949478458,0
92.972698413,0
92.995918367,0
93.019138322,0
93.042358277,0
93.065578231,0
93.088798186,0
93.112018141,0
93.135238095,0
93.158458050,0
93.181678005,0
93.204897959,0
93.228117914,0
93.251337868,0.0767793
93.274557823,0
93.297777778,0
93.320997732,0
93.344217687,0
93.367437642,0.148063
93.390657596,1.97745
93.413877551,0.730182
93.437097506,0
93.460317460,0
93.483537415,0
93.506757370,0
93.529977324,0
93.553197279,0
93.576417234,0
93.599637188,0
93.622857143,0
93.646077098,0
93.669297052,0
93.692517007,0
93.715736961,0
93.738956916,0
93.762176871,0
93.785396825,0
93.808616780,0
93.831836735,0.258847
93.855056689,0.399329
93.878276644,1.0053
93.901496599,0.236093
93.924716553,0
93.947936508,0
93.971156463,0.079921
93.994376417,0
94.017596372,0
94.040816327,0
94.064036281,0
94.087256236,0
94.110476190,0
94.133696145,0
94.156916100,0
94.180136054,0
94.203356009,0
94.226575964,0
94.249795918,0
94.273015873,0
94.296235828,0
94.319455782,0.0586505
94.342675737,0.767661
94.365895692,1.50277
94.389115646,0
94.412335601,0
94.435555556,0
94.458775510,0
94.481995465,0
94.505215420,0
94.528435374,0
94.551655329,0
94.574875283,0
94.598095238,0
94.621315193,0
94.644535147,0
94.667755102,0
94.690975057,0
94.714195011,0
94.737414966,0
94.760634921,0
94.783854875,0
94.807074830,0
94.830294785,0.245833
94.853514739,1.54032
94.876734694,0
94.899954649,0
94.923174603,0
94.946394558,0
94.969614512,0
94.992834467,0
95.016054422,0
95.039274376,0
95.062494331,0
95.085714286,0
95.108934240,0
95.132154195,0
95.155374150,0
95.178594104,0
95.201814059,0
95.225034014,0
95.248253968,5.63749
95.271473923,14.0744
95.294693878,3.13392
95.317913832,0
95.341133787,0
95.364353741,0
95.387573696,0
95.410793651,2.14015
95.434013605,0
95.457233560,0
95.480453515,0
95.503673469,0
95.526893424,0
95.550113379,0
95.573333333,0
95.596553288,0
95.619773243,0
95.642993197,0
95.666213152,0
95.689433107,0.0579823
95.712653061,0.660256
95.735873016,0.0394588
95.759092971,0
95.782312925,0
95.805532880,0
95.828752834,0
95.851972789,0
95.875192744,0
95.898412698,0.105027
95.921632653,5.44628
95.944852608,4.19091
95.968072562,0
95.991292517,0
96.014512472,0
96.037732426,0
96.060952381,0
96.084172336,0
96.107392290,0
96.130612245,0
96.153832200,0
96.177052154,0
96.200272109,0
96.223492063,0
96.246712018,0.299112
96.269931973,0.665626
96.293151927,0.297145
96.316371882,0.000894427
96.339591837,0
96.362811791,0
96.386031746,0
96.409251701,0
96.432471655,0
96.455691610,0
96.478911565,0
96.502131519,0
96.525351474,0
96.548571429,0
96.571791383,0
96.595011338,0
96.618231293,0
96.641451247,0
96.664671202,0
96.687891156,0
96.711111111,0
96.734331066,0.0167465
96.757551020,0.388134
96.780770975,0
96.803990930,0.070513
96.827210884,1.16961
96.850430839,1.301
96.873650794,0.665256
96.896870748,0
96.920090703,0
96.943310658,0
96.966530612,0
96.989750567,0
97.012970522,0
97.036190476,0
97.059410431,0
97.082630385,0.0790695
97.105850340,0
97.129070295,0
97.152290249,0
97.175510204,0
97.198730159,0
97.221950113,0
97.245170068,1.39259
97.268390023,0.634008
97.291609977,0
97.314829932,0
97.338049887,0
97.361269841,0
97.384489796,0
97.407709751,0
97.430929705,0
97.454149660,0
97.477369615,0
97.500589569,0
97.523809524,0
97.547029478,0
97.570249433,0
97.593469388,0
97.616689342,0
97.639909297,0
97.663129252,0.151069
97.686349206,0.835355
97.709569161,1.40187
97.732789116,0.880287
97.756009070,0
97.779229025,0
97.802448980,0
97.825668934,0
97.848888889,0
97.872108844,0
97.895328798,0
97.918548753,0
97.941768707,0
97.964988662,0
97.988208617,0
98.011428571,0
98.034648526,0
98.057868481,0
98.081088435,0
98.104308390,0
98.127528345,0.183229
98.150748299,0.542914
98.173968254,1.15916
98.197188209,0.924666
98.220408163,0
98.243628118,0
98.266848073,0
98.290068027,0
98.313287982,0
98.336507937,0
98.359727891,0
98.382947846,0
98.406167800,0
98.429387755,0
98.452607710,0
98.475827664,0
98.499047619,0
98.522267574,0
98.545487528,0
98.568707483,0
98.591927438,0.456743
98.615147392,1.74787
98.638367347,1.70987
98.661587302,0.104565
98.684807256,0
98.708027211,0
98.731247166,0
98.754467120,0
98.777687075,0
98.800907029,0
98.824126984,0
98.847346939,0
98.870566893,0
98.893786848,0
98.917006803,0
98.940226757,0
98.963446712,0
98.986666667,0
99.009886621,0
99.033106576,0
99.056326531,0.274725
99.079546485,0.54266
99.102766440,1.93652
99.125986395,1.81657
99.149206349,0
99.172426304,0
99.195646259,0
99.218866213,0
99.242086168,0
99.265306122,0
99.288526077,0
99.311746032,0
99.334965986,0
99.358185941,0
99.381405896,0
99.404625850,0
99.427845805,0
99.451065760,0
99.474285714,0
99.497505669,0
99.520725624,0
99.543945578,0
99.567165533,1.89983
99.590385488,1.78988
99.613605442,0
99.636825397,0
99.660045351,0
99.683265306,0
99.706485261,0
99.729705215,0
99.752925170,0.575999
99.776145125,1.87169
99.799365079,2.2833
99.822585034,1.57919
99.845804989,0.189982
99.869024943,0
99.892244898,0
99.915464853,0
99.938684807,0
99.961904762,0
99.985124717,0
100.008344671,0
100.031564626,0
100.054784580,0.620393
100.078004535,0.204442
100.101224490,0
100.124444444,0
100.147664399,0
100.170884354,0
100.194104308,0
100.217324263,0
100.240544218,0
100.263764172,2.61794
100.286984127,3.22257
100.310204082,0
100.333424036,0
100.356643991,0
100.379863946,0
100.403083900,0.176367
100.426303855,0
100.449523810,0
100.472743764,0.744912
100.495963719,0.237263
100.519183673,0.0333216
100.542403628,0.483908
100.565623583,0
100.588843537,0
100.612063492,0
100.635283447,0
100.658503401,0
100.681723356,0
100.704943311,0.468865
100.728163265,0.91487
100.751383220,0.299975
100.774603175,0
100.797823129,0
100.821043084,0
100.844263039,0
100.867482993,0
100.890702948,0
100.913922902,0
100.937142857,0
100.960362812,0.358071
100.983582766,1.21324
101.006802721,1.17451
101.030022676,0
101.053242630,0
101.076462585,0
101.099682540,0.022964
101.122902494,0.419309
101.146122449,0.823743
101.169342404,0.107635
101.192562358,0
101.215782313,0
101.239002268,0.163946
101.262222222,0.00231123
101.285442177,0
101.308662132,0
101.331882086,0
101.355102041,0
101.378321995,0
101.401541950,0
101.424761905,0
101.447981859,0
101.471201814,1.34858
101.494421769,0.51543
101.517641723,0
101.540861678,0
101.564081633,0
101.587301587,0
101.610521542,0.268197
101.633741497,0
101.656961451,0.173593
101.680181406,0
101.703401361,0
101.726621315,0
101.749841270,0.277763
101.773061224,1.78502
101.796281179,2.13296
101.819501134,1.42411
101.842721088,0.194813
101.865941043,0
101.889160998,0
101.912380952,0
101.935600907,0
101.958820862,0
101.982040816,0
102.005260771,0
102.028480726,0
102.051700680,0
102.074920635,0
102.098140590,0
102.121360544,0.0168042
102.144580499,0
102.167800454,0
102.191020408,0.160649
102.214240363,0
102.237460317,0
102.260680272,0
102.283900227,0.0356299
102.307120181,0
102.330340136,0
102.353560091,0
102.376780045,0
102.400000000,0.101042
102.423219955,0.862079
102.446439909,0.300636
102.469659864,0
102.492879819,0
102.516099773,0
102.539319728,0
102.562539683,0
102.585759637,0
102.608979592,0
102.632199546,0
102.655419501,0
102.678639456,0
102.701859410,0
102.725079365,0
102.748299320,0
102.771519274,0
102.794739229,0
102.817959184,0
102.841179138,0
102.864399093,0
102.887619048,3.66609
102.910839002,2.02683
102.934058957,0
102.957278912,0
102.980498866,0
103.003718821,0
103.026938776,0
103.050158730,0
103.073378685,0
103.096598639,0
103.119818594,0
103.143038549,0
103.166258503,0
103.189478458,0
103.212698413,0
103.235918367,0
103.259138322,0
103.282358277,0
103.305578231,0
103.328798186,0.134926
103.352018141,2.34199
103.375238095,1.51115
103.398458050,0
103.421678005,0
103.444897959,0
103.468117914,0
103.491337868,0
103.514557823,0
103.537777778,0
103.560997732,0
103.584217687,0
103.607437642,0
103.630657596,0
103.653877551,0
103.677097506,0
103.700317460,0
103.723537415,0
103.746757370,0
103.769977324,0
103.793197279,0
103.816417234,0
103.839637188,1.66684
103.862857143,2.19527
103.886077098,0
103.909297052,0
103.932517007,0
103.955736961,0
103.978956916,0
104.002176871,0
104.025396825,0
104.048616780,0.261554
104.071836735,0.182365
104.095056689,0
104.118276644,0
104.141496599,0
104.164716553,0
104.187936508,0
104.211156463,0
104.234376417,0
104.257596372,1.10199
104.280816327,3.4426
104.304036281,0.290847
104.327256236,0
104.350476190,0.0882697
104.373696145,0.0194339
104.396916100,0
104.420136054,0
104.443356009,0.192777
104.466575964,0
104.489795918,0
104.513015873,0
104.536235828,0
104.559455782,0
104.582675737,0
104.605895692,0
104.629115646,0
104.652335601,0
104.675555556,0
104.698775510,0
104.721995465,0
104.745215420,0
104.768435374,0
104.791655329,0.478515
104.814875283,0.861524
104.838095238,0.00744021
104.861315193,0
104.884535147,0
104.907755102,0
104.930975057,0
104.954195011,0
104.977414966,0
105.000634921,0.137412
105.023854875,0.522757
105.047074830,0
105.070294785,0
105.093514739,0
105.116734694,0
105.139954649,0
105.163174603,0.101691
105.186394558,0
105.209614512,0
105.232834467,0.475089
105.256054422,0.954365
105.279274376,0.355789
105.302494331,0.00162563
105.325714286,0
105.348934240,0
105.372154195,0
105.395374150,0
105.418594104,0
105.441814059,0
105.465034014,0
105.488253968,0
105.511473923,0
105.534693878,0
105.557913832,0
105.581133787,0
105.604353741,0
105.627573696,0
105.650793651,0
105.674013605,0
105.697233560,0
105.720453515,2.49621
105.743673469,3.97331
105.766893424,0.0204279
105.790113379,0
105.813333333,0
105.836553288,0
105.859773243,0
105.882993197,0
105.906213152,0
105.929433107,0
105.952653061,0
105.975873016,0
105.999092971,0
106.022312925,0
106.045532880,0
106.068752834,0.174184
106.091972789,0.377042
106.115192744,0.119762
106.138412698,0
106.161632653,0
106.184852608,0
106.208072562,0
106.231292517,0.116654
106.254512472,0.234175
106.277732426,0
106.300952381,0
106.324172336,0
106.347392290,0
106.370612245,0
106.393832200,0
106.417052154,0
106.440272109,0
106.463492063,0
106.486712018,0
106.509931973,0
106.533151927,0
106.556371882,0
106.579591837,0
106.602811791,0
106.626031746,0
106.649251701,0
106.672471655,0.372376
106.695691610,0.106197
106.718911565,0.438416
106.742131519,0.919663
106.765351474,0
106.788571429,0
106.811791383,0
106.835011338,0
106.858231293,0
106.881451247,0
106.904671202,0
106.927891156,0
106.951111111,0
106.974331066,0
106.997551020,0
107.020770975,0
107.043990930,0
107.067210884,0
107.090430839,0
107.113650794,0
107.136870748,0
107.160090703,0.0121703
107.183310658,0.0962097
107.206530612,0.554947
107.229750567,0.437437
107.252970522,0
107.276190476,0
107.299410431,0
107.322630385,0
107.345850340,0
107.369070295,0
107.392290249,0
107.415510204,0
107.438730159,0
107.461950113,0
107.485170068,0
107.508390023,0
107.531609977,0
107.554829932,0
107.578049887,0
107.601269841,0
107.624489796,0
107.647709751,0.94385
107.670929705,0.946851
107.694149660,0.00415346
107.717369615,0
107.740589569,0
107.763809524,0
107.787029478,0
107.810249433,0
107.833469388,0
107.856689342,0
107.879909297,0
107.903129252,0
107.926349206,0
107.949569161,0
107.972789116,0
107.996009070,0
108.019229025,0
108.042448980,0
108.065668934,0
108.088888889,0.0579816
108.112108844,0.0826359
108.135328798,0.667098
108.158548753,0.224314
108.181768707,0
108.204988662,0
108.228208617,0
108.251428571,0
108.274648526,0
108.297868481,0
108.321088435,0
108.344308390,0
108.367528345,0
108.390748299,0
108.413968254,0
108.437188209,0
108.460408163,0
108.483628118,0
108.506848073,0
108.530068027,0
108.553287982,0
108.576507937,0
108.599727891,0.694353
108.622947846,1.72932
108.646167800,0.0700337
108.669387755,0
108.692607710,0
108.715827664,0
108.739047619,0
108.762267574,0
108.785487528,0
108.808707483,0
108.831927438,0
108.855147392,0
108.878367347,0
108.901587302,0
108.924807256,0
108.948027211,0
108.971247166,0
108.994467120,0
109.017687075,0
109.040907029,0.601074
109.064126984,0.357496
109.087346939,0.751577
109.110566893,0.00706586
109.133786848,0
109.157006803,0
109.180226757,0
109.203446712,0
109.226666667,0
109.249886621,0
109.273106576,0
109.296326531,0
109.319546485,0
109.342766440,0
109.365986395,0
109.389206349,0
109.412426304,0
109.435646259,0
109.458866213,0
109.482086168,0
109.505306122,0
109.528526077,3.81998
109.551746032,4.69013
109.574965986,0.751218
109.598185941,0
109.621405896,0
109.644625850,0
109.667845805,0
109.691065760,0
109.714285714,0
109.737505669,0.0305771
109.760725624,0.85078
109.783945578,0.285263
109.807165533,0
109.830385488,0
109.853605442,0
109.876825397,0
109.900045351,0
109.923265306,0
109.946485261,0
109.969705215,0
109.992925170,0.0842553
110.016145125,0.223732
110.039365079,0
110.062585034,0
110.085804989,2.11299
110.109024943,2.19248
110.132244898,0.100608
110.155464853,0
110.178684807,0
110.201904762,0
110.225124717,0
110.248344671,0
110.271564626,0
110.294784580,0
110.318004535,0
110.341224490,0
110.364444444,0
110.387664399,0
110.410884354,0
110.434104308,0
110.457324263,0
110.480544218,1.41999
110.503764172,6.58088
110.526984127,4.31445
110.550204082,0
110.573424036,0
110.596643991,0
110.619863946,0
110.643083900,0.345337
110.666303855,0.0759664
110.689523810,0
110.712743764,0
110.735963719,0
110.759183673,0.668978
110.782403628,0.129414
110.805623583,0
110.828843537,0.086898
110.852063492,0
110.875283447,0
110.898503401,0
110.921723356,0
110.944943311,0
110.968163265,0
110.991383220,0.405821
111.014603175,0.338485
111.037823129,0
111.061043084,0
111.084263039,0
111.107482993,0
111.130702948,0
111.153922902,0
111.177142857,0.103694
111.200362812,0
111.223582766,2.131
111.246802721,1.69903
111.270022676,0
111.293242630,0
111.316462585,0
111.339682540,0
111.362902494,0
111.386122449,0
111.409342404,0
111.432562358,1.4945
111.455782313,1.44729
111.479002268,0
111.502222222,0
111.525442177,0
111.548662132,0
111.571882086,0
111.595102041,0
111.618321995,0
111.641541950,0
111.664761905,0.042762
111.687981859,0
111.711201814,0
111.734421769,0
111.757641723,0
111.780861678,0
111.804081633,0
111.827301587,0
111.850521542,0.293249
111.873741497,0.851921
111.896961451,1.45662
111.920181406,1.6999
111.943401361,0.201477
111.966621315,0.0954733
111.989841270,0
112.013061224,0
112.036281179,0
112.059501134,0
112.082721088,0
112.105941043,0
112.129160998,0
112.152380952,0
112.175600907,0
112.198820862,0
112.222040816,0
112.245260771,0
112.268480726,0
112.291700680,0
112.314920635,0
112.338140590,0
112.361360544,0
112.384580499,0.512013
112.407800454,0.234018
112.431020408,0
112.454240363,0
112.477460317,0
112.500680272,0
112.523900227,0
112.547120181,0
112.570340136,0
112.593560091,0.911948
112.616780045,0.318922
112.640000000,0
112.663219955,0
112.686439909,0
112.709659864,0
112.732879819,0
112.756099773,0
112.779319728,2.25555
112.802539683,8.52821
112.825759637,3.60396
112.848979592,0
112.872199546,0
112.895419501,0
112.918639456,0
112.941859410,0
112.965079365,0.184216
112.988299320,1.48714
113.011519274,1.40792
113.034739229,0
113.057959184,0
113.081179138,0
113.104399093,0
113.127619048,0
113.150839002,0
113.174058957,0
113.197278912,0
113.220498866,0
113.243718821,0
113.266938776,0
113.290158730,0.371898
113.313378685,0
113.336598639,0
113.359818594,0.714538
113.383038549,0.333547
113.406258503,0
113.429478458,0
113.452698413,0
113.475918367,0
113.499138322,0
113.522358277,0
113.545578231,6.11941
113.568798186,3.09143
113.592018141,0
113.615238095,0
113.638458050,0
113.661678005,0.277614
113.684897959,0.028401
113.708117914,0
113.731337868,0
113.754557823,0
113.777777778,0
113.800997732,0
113.824217687,0
113.847437642,0
113.870657596,0
113.893877551,0
113.917097506,0
113.940317460,0
113.963537415,0
113.986757370,0
114.009977324,0
114.033197279,0
114.056417234,0
114.079637188,0.150603
114.102857143,0
114.126077098,0
114.149297052,0
114.172517007,0.439265
114.195736961,0.403286
114.218956916,0.359544
114.242176871,0.184308
114.265396825,0.665713
114.288616780,0.575488
114.311836735,0
114.335056689,0
114.358276644,0
114.381496599,0
114.404716553,0.313304
114.427936508,0
114.451156463,0.00774568
114.474376417,0.0713431
114.497596372,0
114.520816327,0.615423
114.544036281,0
114.567256236,0.161238
114.590476190,0.453372
114.613696145,0
114.636916100,0.233639
114.660136054,0.186557
114.683356009,0
114.706575964,1.08218
114.729795918,0.192468
114.753015873,0
114.776235828,0
114.799455782,0
114.822675737,0
114.845895692,0
114.869115646,0
114.892335601,0
114.915555556,0
114.938775510,0
114.961995465,0.0790925
114.985215420,0.709486
115.008435374,1.11973
115.031655329,0
115.054875283,0
115.078095238,0
115.101315193,0.135366
115.124535147,0
115.147755102,0
115.170975057,0
115.194195011,0.137444
115.217414966,1.87575
115.240634921,0.304651
115.263854875,0
115.287074830,0
115.310294785,0
115.333514739,0
115.356734694,0
115.379954649,0.13124
115.403174603,0
115.426394558,0
115.449614512,0
115.472834467,0
115.496054422,0.889572
115.519274376,2.36253
115.542494331,0.312783
115.565714286,0
115.588934240,0
115.612154195,0
115.635374150,0
115.658594104,0
115.681814059,0.590109
115.705034014,0
115.728253968,0
115.751473923,0
115.774693878,0
115.797913832,0
115.821133787,0
115.844353741,0
115.867573696,0
115.890793651,0
115.914013605,0
115.937233560,0
115.960453515,0
115.983673469,0.598256
116.006893424,0.497954
116.030113379,0.585367
116.053333333,5.84482
116.076553288,6.7253
116.099773243,0
116.122993197,0
116.146213152,0
116.169433107,0
116.192653061,0
116.215873016,0
116.239092971,0
116.262312925,0
116.285532880,0
116.308752834,0
116.331972789,0
116.355192744,0.578331
116.378412698,2.04749
116.401632653,0.214018
116.424852608,0
116.448072562,0
116.471292517,0
116.494512472,0
116.517732426,0
116.540952381,0.0100894
116.564172336,0.230528
116.587392290,0.537351
116.610612245,0
116.633832200,0
116.657052154,0
116.680272109,0
116.703492063,0
116.726712018,0
116.749931973,0
116.773151927,0
116.796371882,0
116.819591837,0.862537
116.842811791,1.06537
116.866031746,0
116.889251701,0
116.912471655,0
116.935691610,0
116.958911565,0.292163
116.982131519,0.946184
117.005351474,0.9097
117.028571429,0.164468
117.051791383,0.0600659
117.075011338,0
117.098231293,0
117.121451247,0
117.144671202,0
117.167891156,0
117.191111111,0
117.214331066,0
117.237551020,0.336934
117.260770975,1.16929
117.283990930,0.890405
117.307210884,1.16096
117.330430839,0.266278
117.353650794,0
117.376870748,0
117.400090703,0.0115694
117.423310658,0.202457
117.446530612,0
117.469750567,0
117.492970522,0
117.516190476,0.51478
117.539410431,0.286607
117.562630385,0
117.585850340,0
117.609070295,0
117.632290249,0
117.655510204,0
117.678730159,0
117.701950113,0
117.725170068,0
117.748390023,0
117.771609977,0
117.794829932,0
117.818049887,0
117.841269841,0
117.864489796,0
117.887709751,0
117.910929705,0
117.934149660,2.94769
117.957369615,4.97648
117.980589569,1.81267
118.003809524,0
118.027029478,0
118.050249433,0
118.073469388,0
118.096689342,0
118.119909297,0
118.143129252,0
118.166349206,0
118.189569161,0
118.212789116,0
118.236009070,0
118.259229025,0.542642
118.282448980,0
118.305668934,0
118.328888889,0.548574
118.352108844,0.863997
118.375328798,1.00139
118.398548753,0
118.421768707,0
118.444988662,0.134167
118.468208617,0
118.491428571,0
118.514648526,0
118.537868481,0
118.561088435,0
118.584308390,0.0758815
118.607528345,0.264033
118.630748299,0.9488
118.653968254,0
118.677188209,0
118.700408163,0
118.723628118,0.0765005
118.746848073,0.121001
118.770068027,0.00410044
118.793287982,0
118.816507937,0
118.839727891,0
118.862947846,0.0886485
118.886167800,0
118.909387755,0.133924
118.932607710,0
118.955827664,0
118.979047619,0
119.002267574,0
119.025487528,0
119.048707483,0
119.071927438,0
119.095147392,0
119.118367347,0
119.141587302,0
119.164807256,0
119.188027211,0
119.211247166,0
119.234467120,0
119.257687075,0
119.280907029,0
119.304126984,0
119.327346939,0.141551
119.350566893,0.126679
119.373786848,0.0473983
119.397006803,1.26111
119.420226757,0.500918
119.443446712,0
119.466666667,0
119.489886621,0
119.513106576,0
119.536326531,0
119.559546485,0
119.582766440,0
119.605986395,0
119.629206349,0
119.652426304,0
119.675646259,0
119.698866213,0
119.722086168,0
119.745306122,0
119.768526077,0
119.791746032,0
119.814965986,0
119.838185941,1.61938
119.861405896,0.566996
119.884625850,0
119.907845805,0
119.931065760,0
119.954285714,0.143672
119.977505669,7.46539
120.000725624,7.72242
120.023945578,0.374388
120.047165533,0
120.070385488,0
120.093605442,0
120.116825397,0
120.140045351,0
120.163265306,0
120.186485261,0
120.209705215,0
120.232925170,0
120.256145125,0
120.279365079,0
120.302585034,0.035833
120.325804989,0.759676
120.349024943,0
120.372244898,0
120.395464853,0
120.418684807,0
120.441904762,2.16443
120.465124717,3.7671
120.488344671,0.0793642
120.511564626,0
120.534784580,0
120.558004535,0
120.581224490,0
120.604444444,0
120.627664399,0
120.650884354,0
120.674104308,0
120.697324263,0
120.720544218,0.635097
120.743764172,0.994936
120.766984127,0.30114
120.790204082,0.380749
120.813424036,0
120.836643991,0
120.859863946,0
120.883083900,0
120.906303855,0
120.929523810,0
120.952743764,0
120.975963719,0
120.999183673,0
121.022403628,0
121.045623583,0
121.068843537,0
121.092063492,0
121.115283447,0
121.138503401,0
121.161723356,0
121.184943311,0
121.208163265,0
121.231383220,0.965129
121.254603175,1.94856
121.277823129,0
121.301043084,0
121.324263039,0
121.347482993,0
121.370702948,0
121.393922902,0
121.417142857,0
121.440362812,0
121.463582766,0
121.486802721,0
121.510022676,0
121.533242630,0
121.556462585,0
121.579682540,0
121.602902494,0
121.626122449,0
121.649342404,0
121.672562358,4.9564
121.695782313,8.17199
121.719002268,1.30944
121.742222222,0
121.765442177,0
121.788662132,0
121.811882086,0
121.835102041,0
121.858321995,0
121.881541950,0
121.904761905,0
121.927981859,0
121.951201814,0
121.974421769,0
121.997641723,0
122.020861678,0
122.044081633,0
122.067301587,0
122.090521542,0
122.113741497,0
122.136961451,0
122.160181406,0.250123
122.183401361,0.735917
122.206621315,0
122.229841270,0
122.253061224,0
122.276281179,0
122.299501134,0
122.322721088,0
122.345941043,0
122.369160998,0
122.392380952,0
122.415600907,0
122.438820862,0
122.462040816,0.0211954
122.485260771,0
122.508480726,0
122.531700680,0
122.554920635,0
122.578140590,0
122.601360544,0
122.624580499,0
122.647800454,0.465797
122.671020408,1.60249
122.694240363,0.564368
122.717460317,0
122.740680272,0
122.763900227,0
122.787120181,0
122.810340136,0
122.833560091,0
122.856780045,0
122.880000000,0
122.903219955,0
122.926439909,0
122.949659864,0
122.972879819,0
122.996099773,0
123.019319728,0
123.042539683,0
123.065759637,0
123.088979592,0
123.112199546,0.0294081
123.135419501,0
123.158639456,0
123.181859410,0
123.205079365,0
123.228299320,0
123.251519274,0
123.274739229,0
123.297959184,0
123.321179138,1.13822
123.344399093,7.90862
123.367619048,6.24188
123.390839002,0
123.414058957,0
123.437278912,0
123.460498866,0
123.483718821,0
123.506938776,0
123.530158730,0.130317
123.553378685,0
123.576598639,0
123.599818594,0
123.623038549,0
123.646258503,0
123.669478458,0
123.692698413,0
123.715918367,0
123.739138322,1.91848
123.762358277,0
123.785578231,0
123.808798186,0
123.832018141,0
123.855238095,0
123.878458050,0
123.901678005,0
123.924897959,0
123.948117914,0
123.971337868,0.849109
123.994557823,0.599127
124.017777778,0.450469
124.040997732,0.293816
124.064217687,0
124.087437642,0
124.110657596,0
124.133877551,0
124.157097506,0.0710551
124.180317460,0.696175
124.203537415,0.689996
124.226757370,0.856523
124.249977324,0.458258
124.273197279,0
124.296417234,0
124.319637188,0
124.342857143,0
124.366077098,0
124.389297052,0.304541
124.412517007,0.0287241
124.435736961,0
124.458956916,0.134535
124.482176871,0.869329
124.505396825,0
124.528616780,0
124.551836735,0
124.575056689,0
124.598276644,0
124.621496599,0.249492
124.644716553,0
124.667936508,2.31287
124.691156463,6.1946
124.714376417,0.151488
124.737596372,0
124.760816327,0
124.784036281,0
124.807256236,0.375333
124.830476190,0
124.853696145,0
124.876916100,0
124.900136054,0
124.923356009,0
124.946575964,0
124.969795918,0
124.993015873,0
125.016235828,0
125.039455782,0
125.062675737,0
125.085895692,0
125.109115646,0
125.132335601,0
125.155555556,0
125.178775510,0
125.201995465,0
125.225215420,0
125.248435374,0
125.271655329,1.12738
125.294875283,0.515693
125.318095238,0
125.341315193,0
125.364535147,0
125.387755102,2.37903
125.410975057,1.24473
125.434195011,0.152325
125.457414966,0
125.480634921,0.960993
125.503854875,0.296707
125.527074830,0
125.550294785,0.00928444
125.573514739,0
125.596734694,0
125.619954649,0.41463
125.643174603,0.0332749
125.666394558,0
125.689614512,0.228523
125.712834467,0
125.736054422,0
125.759274376,0.801243
125.782494331,0
125.805714286,0
125.828934240,0.659346
125.852154195,0.0427818
125.875374150,0
125.898594104,0
125.921814059,0
125.945034014,0
125.968253968,0
125.991473923,0
126.014693878,0
126.037913832,0.945695
126.061133787,0.351396
126.084353741,0.224467
126.107573696,0.861426
126.130793651,0
126.154013605,0
126.177233560,0
126.200453515,0
126.223673469,0
126.246893424,0.0385275
126.270113379,0.44349
126.293333333,0.798092
126.316553288,2.78053
126.339773243,0.0758582
126.362993197,0
126.386213152,0
126.409433107,0
126.432653061,0
126.455873016,0
126.479092971,0
126.502312925,0
126.525532880,0
126.548752834,0
126.571972789,0
126.595192744,0
126.618412698,0
126.641632653,0
126.664852608,0
126.688072562,0
126.711292517,0
126.734512472,0
126.757732426,0.0522062
126.780952381,0.582474
126.804172336,0
126.827392290,0
126.850612245,0
126.873832200,0
126.897052154,0
126.920272109,0
126.943492063,0
126.966712018,0
126.989931973,0
127.013151927,0
127.036371882,0
127.059591837,0
127.082811791,0
127.106031746,0
127.129251701,0
127.152471655,0
127.175691610,0.646885
127.198911565,5.24042
127.222131519,3.34938
127.245351474,0.232583
127.268571429,0
127.291791383,0.672439
127.315011338,0
127.338231293,0
127.361451247,4.62838
127.384671202,4.2934
127.407891156,0
127.431111111,0
127.454331066,0
127.477551020,0
127.500770975,0
127.523990930,0
127.547210884,0
127.570430839,0
127.593650794,0
127.616870748,0
127.640090703,0
127.663310658,0
127.686530612,0
127.709750567,0.439772
127.732970522,1.22711
127.756190476,0.24523
127.779410431,0
127.802630385,0
127.825850340,0
127.849070295,0
127.872290249,0
127.895510204,0
127.918730159,0.386661
127.941950113,0.412748
127.965170068,1.46603
127.988390023,0.880153
128.011609977,0
128.034829932,0
128.058049887,0
128.081269841,0
128.104489796,0.247598
128.127709751,0.756995
128.150929705,0
128.174149660,0
128.197369615,0
128.220589569,0
128.243809524,0
128.267029478,0
128.290249433,0
128.313469388,0
128.336689342,0
128.359909297,0.223978
128.383129252,0.367868
128.406349206,0.423262
128.429569161,0.266908
128.452789116,0
128.476009070,0.272092
128.499229025,0
128.522448980,0
128.545668934,0
128.568888889,0.0718048
128.592108844,0.364944
128.615328798,0.495981
128.638548753,0.239456
128.661768707,0
128.684988662,0
128.708208617,0
128.731428571,0
128.754648526,0
128.777868481,0
128.801088435,0
128.824308390,0
128.847528345,0
128.870748299,0
128.893968254,0
128.917188209,0
128.940408163,0
128.963628118,0
128.986848073,0
129.010068027,0
129.033287982,0
129.056507937,0.848766
129.079727891,2.2181
129.102947846,0.409494
129.126167800,0
129.149387755,0
129.172607710,0.381502
129.195827664,0.0961319
129.219047619,0.791914
129.242267574,0.671797
129.265487528,0
129.288707483,0.717659
129.311927438,0.779405
129.335147392,0.0901105
129.358367347,0
129.381587302,0
129.404807256,0
129.428027211,0
129.451247166,0
129.474467120,0
129.497687075,0.128867
129.520907029,0.797789
129.544126984,0.0686116
129.567346939,0
129.590566893,0.212093
129.613786848,0
129.637006803,0
129.660226757,0
129.683446712,0
129.706666667,0
129.729886621,0
129.753106576,0
129.776326531,0
129.799546485,0
129.822766440,0
129.845986395,0
129.869206349,0.107727
129.892426304,0.253989
129.915646259,0.304783
129.938866213,0.572078
129.962086168,0.213933
129.985306122,0
130.008526077,0
130.031746032,0.167749
130.054965986,1.51884
130.078185941,0.358185
130.101405896,0
130.124625850,0
130.147845805,0.476609
130.171065760,0.0499007
130.194285714,0
130.217505669,0
130.240725624,0
130.263945578,0
130.287165533,1.24257
130.310385488,0.845859
130.333605442,0
130.356825397,0
130.380045351,0
130.403265306,0
130.426485261,0
130.449705215,0
130.472925170,0
130.496145125,2.08845
130.519365079,3.22404
130.542585034,1.12763
130.565804989,0.431736
130.589024943,0
130.612244898,0
130.635464853,0
130.658684807,0
130.681904762,0.538992
130.705124717,0
130.728344671,0
130.751564626,0.0587273
130.774784580,0.148033
130.798004535,0
130.821224490,0.00114053
130.844444444,0
130.867664399,0
130.890884354,0
130.914104308,0
130.937324263,0
130.960544218,0
130.983764172,0
131.006984127,0.593627
131.030204082,1.12838
131.053424036,0
131.076643991,0
131.099863946,0
131.123083900,0
131.146303855,0
131.169523810,0
131.192743764,0
131.215963719,1.84807
131.239183673,3.26357
131.262403628,1.02199
131.285623583,0
131.308843537,0
131.332063492,0
131.355283447,0
131.378503401,0
131.401723356,0
131.424943311,0.00388652
131.448163265,0
131.471383220,0.318005
131.494603175,0.0636697
131.517823129,0
131.541043084,0
131.564263039,0
131.587482993,0
131.610702948,0
131.633922902,0
131.657142857,0
131.680362812,0
131.703582766,0
131.726802721,0.390419
131.750022676,0.0701635
131.773242630,0
131.796462585,0
131.819682540,0
131.842902494,0
131.866122449,0.679861
131.889342404,0.640078
131.912562358,0
131.935782313,0
131.959002268,0.101642
131.982222222,0
132.005442177,0
132.028662132,0
132.051882086,0
132.075102041,0
132.098321995,0
132.121541950,0
132.144761905,4.17341
132.167981859,7.29591
132.191201814,0
132.214421769,0
132.237641723,0
132.260861678,0
132.284081633,0
132.307301587,0
132.330521542,0
132.353741497,0
132.376961451,0.274967
132.400181406,0.255527
132.423401361,0
132.446621315,0
132.469841270,0
132.493061224,0
132.516281179,0
132.539501134,0
132.562721088,0
132.585941043,0
132.609160998,0
132.632380952,0
132.655600907,0
132.678820862,0
132.702040816,0
132.725260771,0
132.748480726,0
132.771700680,0
132.794920635,0.0432583
132.818140590,2.812
132.841360544,5.08819
132.864580499,2.01739
132.887800454,0.0770398
132.911020408,0
132.934240363,0
132.957460317,0.16148
132.980680272,0
133.003900227,0
133.027120181,0
133.050340136,0
133.073560091,0
133.096780045,0
133.120000000,0
133.143219955,0
133.166439909,0.851471
133.189659864,0.49247
133.212879819,0.472492
133.236099773,0
133.259319728,0
133.282539683,0
133.305759637,0
133.328979592,0
133.352199546,0
133.375419501,0
133.398639456,0
133.421859410,0
133.445079365,0
133.468299320,0
133.491519274,0.046846
133.514739229,0.154933
133.537959184,0.608692
133.561179138,0.782153
133.584399093,0.42703
133.607619048,0
133.630839002,0
133.654058957,0
133.677278912,0
133.700498866,0
133.723718821,0
133.746938776,0.0649815
133.770158730,0.0306886
133.793378685,0.00723842
133.816598639,0.038436
133.839818594,0
133.863038549,0
133.886258503,0
133.909478458,0
133.932698413,0
133.955918367,0
133.979138322,0
134.002358277,0
134.025578231,0
134.048798186,0.0262024
134.072018141,0
134.095238095,0
134.118458050,0
134.141678005,0
134.164897959,0
134.188117914,0
134.211337868,0
134.234557823,0.275661
134.257777778,0.911464
134.280997732,1.36255
134.304217687,0.274525
134.327437642,0
134.350657596,0
134.373877551,0
134.397097506,0
134.420317460,0
134.443537415,0
134.466757370,0
134.489977324,0
134.513197279,0
134.536417234,0
134.559637188,0
134.582857143,0
134.606077098,0
134.629297052,0
134.652517007,0
134.675736961,0
134.698956916,0
134.722176871,0.462871
134.745396825,2.60519
134.768616780,0.0178828
134.791836735,0
134.815056689,0
134.838276644,0.172301
134.861496599,1.45439
134.884716553,3.36944
134.907936508,2.52251
134.931156463,0
134.954376417,0
134.977596372,0
135.000816327,0
135.024036281,0
135.047256236,0
135.070476190,0
135.093696145,0
135.116916100,0
135.140136054,0
135.163356009,0
135.186575964,0.706102
135.209795918,1.00337
135.233015873,0
135.256235828,0
135.279455782,0
135.302675737,0
135.325895692,2.50857
135.349115646,2.00009
135.372335601,0.0453275
135.395555556,0
135.418775510,0
135.441995465,0
135.465215420,0
135.488435374,0
135.511655329,0
135.534875283,0
135.558095238,0
135.581315193,0
135.604535147,0.854747
135.627755102,0.32252
135.650975057,0.0861194
135.674195011,0.304335
135.697414966,0
135.720634921,0
135.743854875,0
135.767074830,0
135.790294785,0
135.813514739,0
135.836734694,0
135.859954649,0
135.883174603,0
135.906394558,0
135.929614512,0
135.952834467,0
135.976054422,0
135.999274376,0
136.022494331,0
136.045714286,0
136.068934240,0
136.092154195,0.269237
136.115374150,1.6018
136.138594104,0.999038
136.161814059,0
136.185034014,0
136.208253968,0
136.231473923,0
136.254693878,0
136.277913832,0
136.301133787,0
136.324353741,0
136.347573696,0
136.370793651,0
136.394013605,0
136.417233560,0
136.440453515,0
136.463673469,0
136.486893424,1.39906
136.510113379,5.6396
136.533333333,1.8426
136.556553288,0
136.579773243,0
136.602993197,0
136.626213152,0
136.649433107,0
136.672653061,0
136.695873016,0
136.719092971,0
136.742312925,0
136.765532880,0.00234145
136.788752834,0.346938
136.811972789,0.311103
136.835192744,0
136.858412698,0.00356764
136.881632653,0.135993
136.904852608,0
136.928072562,0
136.951292517,0
136.974512472,0
136.997732426,0
137.020952381,0
137.044172336,1.04517
137.067392290,0.0855593
137.090612245,0
137.113832200,0
137.137052154,0
137.160272109,0
137.183492063,0
137.206712018,0
137.229931973,0
137.253151927,0.0177591
137.276371882,0
137.299591837,0
137.322811791,0
137.346031746,0
137.369251701,0
137.392471655,0
137.415691610,0
137.438911565,0
137.462131519,0
137.485351474,1.06074
137.508571429,1.13436
137.531791383,0
137.555011338,0
137.578231293,0
137.601451247,0
137.624671202,0
137.647891156,0
137.671111111,0
137.694331066,0
137.717551020,0
137.740770975,0.0293584
137.763990930,0
137.787210884,0
137.810430839,0
137.833650794,0
137.856870748,0
137.880090703,0
137.903310658,0
137.926530612,0.583965
137.949750567,0.914243
137.972970522,0
137.996190476,0
138.019410431,0
138.042630385,0
138.065850340,0
138.089070295,0
138.112290249,0
138.135510204,0
138.158730159,0
138.181950113,0
138.205170068,0
138.228390023,0
138.251609977,1.72987
138.274829932,4.61247
138.298049887,1.36923
138.321269841,0
138.344489796,0
138.367709751,0
138.390929705,0
138.414149660,0
138.437369615,0
138.460589569,0
138.483809524,0
138.507029478,0
138.530249433,0
138.553469388,0
138.576689342,0
138.599909297,0.309934
138.623129252,1.16737
138.646349206,0.395713
138.669569161,0.0899934
138.692789116,0
138.716009070,0
138.739229025,0
138.762448980,0
138.785668934,0
138.808888889,0
138.832108844,0
138.855328798,1.99688
138.878548753,2.13954
138.901768707,0
138.924988662,0
138.948208617,0
138.971428571,0
138.994648526,0.0342971
139.017868481,0
139.041088435,0
139.064308390,0
139.087528345,0.750257
139.110748299,0.748708
139.133968254,0.159474
139.157188209,0
139.180408163,0
139.203628118,0
139.226848073,0
139.250068027,0
139.273287982,0
139.296507937,0
139.319727891,1.13549
139.342947846,1.86922
139.366167800,0.540124
139.389387755,0
139.412607710,0
139.435827664,0
139.459047619,0
139.482267574,0
139.505487528,0
139.528707483,0
139.551927438,0
139.575147392,0
139.598367347,0.0258518
139.621587302,0
139.644807256,0
139.668027211,0
139.691247166,0
139.714467120,0
139.737687075,0
139.760907029,0
139.784126984,0.168062
139.807346939,1.51349
139.830566893,0.932716
139.853786848,0
139.877006803,0
139.900226757,0
139.923446712,0
139.946666667,0
139.969886621,0
139.993106576,0
140.016326531,0.0241483
140.039546485,0.0135611
140.062766440,0
140.085986395,0
140.109206349,0
140.132426304,0
140.155646259,0
140.178866213,0
140.202086168,0
140.225306122,0
140.248526077,0
140.271746032,0.550583
140.294965986,2.41297
140.318185941,0.260297
140.341405896,0
140.364625850,0
140.387845805,0
140.411065760,0
140.434285714,0
140.457505669,0
140.480725624,0
140.503945578,0.0108553
140.527165533,0
140.550385488,0
140.573605442,0
140.596825397,0.134176
140.620045351,0.253017
140.643265306,0
140.666485261,0
140.689705215,0
140.712925170,0
140.736145125,0
140.759365079,0
140.782585034,0.778324
140.805804989,1.9875
140.829024943,1.61529e-05
140.852244898,0
140.875464853,0
140.898684807,0
140.921904762,0
140.945124717,0
140.968344671,0
140.991564626,0
141.014784580,0
141.038004535,0
141.061224490,0
141.084444444,0
141.107664399,0
141.130884354,0
141.154104308,0
141.177324263,0
141.200544218,0.260746
141.223764172,0.810819
141.246984127,1.39966
141.270204082,0.550419
141.293424036,0
141.316643991,0
141.339863946,0
141.363083900,0
141.386303855,0
141.409523810,0
141.432743764,0.19327
141.455963719,0
141.479183673,0
141.502403628,0
141.525623583,0
141.548843537,0
141.572063492,0
141.595283447,0
141.618503401,0
141.641723356,0
141.664943311,0
141.688163265,0.0708736
141.711383220,1.79058
141.734603175,0.478896
141.757823129,0
141.781043084,0
141.804263039,0
141.827482993,0
141.850702948,0
141.873922902,0
141.897142857,0
141.920362812,0
141.943582766,0
141.966802721,0.102771
141.990022676,0
142.013242630,0
142.036462585,0
142.059682540,0
142.082902494,0
142.106122449,0
142.129342404,0
142.152562358,0.0306564
142.175782313,3.85153
142.199002268,0.479641
142.222222222,0
142.245442177,0
142.268662132,0
142.291882086,0
142.315102041,0
142.338321995,0
142.361541950,0
142.384761905,1.55774
142.407981859,0
142.431201814,0
142.454421769,0
142.477641723,0
142.500861678,0
142.524081633,0
142.547301587,0
142.570521542,0
142.593741497,0.0981629
142.616961451,2.199
142.640181406,2.69803
142.663401361,0.152085
142.686621315,0
142.709841270,0
142.733061224,0
142.756281179,0
142.779501134,0
142.802721088,0
142.825941043,0
142.849160998,0
142.872380952,0
142.895600907,0
142.918820862,0
142.942040816,0
142.965260771,0
142.988480726,0
143.011700680,0
143.034920635,0
143.058140590,0
143.081360544,0.734401
143.104580499,1.72206
143.127800454,0.00878997
143.151020408,0
143.174240363,0
143.197460317,0
143.220680272,0
143.243900227,0
143.267120181,0
143.290340136,0
143.313560091,0
143.336780045,0.189543
143.360000000,0.0243302
143.383219955,0
143.406439909,0
143.429659864,0
143.452879819,0
143.476099773,0
143.499319728,0
143.522539683,0
143.545759637,0.142876
143.568979592,0.140555
143.592199546,0
143.615419501,0
143.638639456,0
143.661859410,0
143.685079365,0
143.708299320,0
143.731519274,0
143.754739229,0.00727683
143.777959184,0
143.801179138,0
143.824399093,0
143.847619048,0
143.870839002,0
143.894058957,0
143.917278912,0
143.940498866,0
143.963718821,0
143.986938776,0.31518
144.010158730,0.530257
144.033378685,0.301608
144.056598639,0.382378
144.079818594,0
144.103038549,0
144.126258503,0
144.149478458,0
144.172698413,0
144.195918367,0
144.219138322,0
144.242358277,0
144.265578231,0
144.288798186,0.011326
144.312018141,0
144.335238095,0
144.358458050,0
144.381678005,0
144.404897959,0
144.428117914,0
144.451337868,0
144.474557823,0
144.497777778,0.300513
144.520997732,0.840814
144.544217687,0.0570395
144.567437642,0
144.590657596,0
144.613877551,0
144.637097506,0
144.660317460,0
144.683537415,0
144.706757370,0
144.729977324,0
144.753197279,0
144.776417234,0
144.799637188,0
144.822857143,0
144.846077098,0
144.869297052,0
144.892517007,0
144.915736961,0.280167
144.938956916,0.815156
144.962176871,2.60212
144.985396825,0.80669
145.008616780,0
145.031836735,0
145.055056689,0
145.078276644,0
145.101496599,0
145.124716553,0
145.147936508,0
145.171156463,0
145.194376417,0
145.217596372,0
145.240816327,0
145.264036281,0
145.287256236,0
145.310476190,0
145.333696145,0
145.356916100,0
145.380136054,0
145.403356009,0.0712079
145.426575964,0.198736
145.449795918,1.19148
145.473015873,0.859334
145.496235828,0
145.519455782,0
145.542675737,0
145.565895692,0
145.589115646,0
145.612335601,0
145.635555556,0
145.658775510,0
145.681995465,0
145.705215420,0
145.728435374,0
145.751655329,0
145.774875283,1.03465
145.798095238,0.087361
145.821315193,0
145.844535147,0
145.867755102,0.0457351
145.890975057,0.483266
145.914195011,1.80698
145.937414966,0.609954
145.960634921,0
145.983854875,0
146.007074830,0
146.030294785,0
146.053514739,0
146.076734694,0
146.099954649,0
146.123174603,0
146.146394558,0
146.169614512,0
146.192834467,0
146.216054422,0
146.239274376,0
146.262494331,0
146.285714286,0
146.308934240,0
146.332154195,0
146.355374150,0
146.378594104,0.454796
146.401814059,0
146.425034014,0
146.448253968,0
146.471473923,0
146.494693878,0
146.517913832,0
146.541133787,0
146.564353741,0
146.587573696,0
146.610793651,0.3621
146.634013605,1.77011
146.657233560,3.76468
146.680453515,1.47341
146.703673469,0
146.726893424,0
146.750113379,0
146.773333333,0
146.796553288,0
146.819773243,0
146.842993197,0.0060761
146.866213152,0.0679734
146.889433107,0
146.912653061,0
146.935873016,0
146.959092971,0
146.982312925,0
147.005532880,0
147.028752834,0
147.051972789,0
147.075192744,0
147.098412698,0.0367092
147.121632653,3.10398
147.144852608,1.6567
147.168072562,0
147.191292517,0
147.214512472,0
147.237732426,0
147.260952381,0.057656
147.284172336,0.431865
147.307392290,0
147.330612245,0
147.353832200,0.0664411
147.377052154,0
147.400272109,0
147.423492063,0
147.446712018,0.0663168
147.469931973,0
147.493151927,0
147.516371882,0
147.539591837,0
147.562811791,0.916778
147.586031746,0.589878
147.609251701,0
147.632471655,0
147.655691610,0
147.678911565,0.122068
147.702131519,0.280385
147.725351474,0
147.748571429,0
147.771791383,0
147.795011338,0.0267656
147.818231293,0.113581
147.841451247,0
147.864671202,0
147.887891156,0
147.911111111,0
147.934331066,0.0523887
147.957551020,0.236252
147.980770975,0
148.003990930,0
148.027210884,0
148.050430839,0
148.073650794,0.265428
148.096870748,0
148.120090703,0
148.143310658,0
148.166530612,0
148.189750567,0
148.212970522,0
148.236190476,0
148.259410431,0
148.282630385,0
148.305850340,1.28019
148.329070295,5.21352
148.352290249,3.18827
148.375510204,0.136335
148.398730159,0
148.421950113,0
148.445170068,0
148.468390023,0
148.491609977,0.334498
148.514829932,0
148.538049887,0
148.561269841,0
148.584489796,0
148.607709751,0
148.630929705,0
148.654149660,0.0386276
148.677369615,0.00931132
148.700589569,0
148.723809524,0
148.747029478,0
148.770249433,0
148.793469388,0
148.816689342,0
148.839909297,0
148.863129252,0.914169
148.886349206,0
148.909569161,0
148.932789116,0.0306368
148.956009070,0.205006
148.979229025,0.0117536
149.002448980,0.277026
149.025668934,1.16335
149.048888889,0.166741
149.072108844,0
149.095328798,0.0670067
149.118548753,0.112991
149.141768707,0
149.164988662,0
149.188208617,0
149.211428571,0
149.234648526,0.0336089
149.257868481,0.0246656
149.281088435,0.0322192
149.304308390,0
149.327528345,0
149.350748299,0
149.373968254,0
149.397188209,0
149.420408163,0
149.443628118,0
149.466848073,0
149.490068027,0
149.513287982,0
149.536507937,0
149.559727891,0
149.582947846,0
149.606167800,0
149.629387755,0
149.652607710,0
149.675827664,0
149.699047619,0
149.722267574,0
149.745487528,0
149.768707483,0
149.791927438,0.0350347
149.815147392,0
149.838367347,0
149.861587302,0
149.884807256,0
149.908027211,0
149.931247166,0.0545195
149.954467120,0.0154362
149.977687075,0
150.000907029,0
150.024126984,0
150.047346939,0
150.070566893,0.0458877
150.093786848,0.00285294
150.117006803,0
150.140226757,0
150.163446712,0
150.186666667,0
150.209886621,0.117875
150.233106576,0.102191
150.256326531,0
150.279546485,0
150.302766440,0
150.325986395,0.0175296
150.349206349,0
150.372426304,0
150.395646259,0.029113
150.418866213,0
150.442086168,0
150.465306122,0
150.488526077,0.00895227
150.511746032,0
150.534965986,0
150.558185941,0
150.581405896,0
150.604625850,0
150.627845805,0
150.651065760,0
150.674285714,0
150.697505669,0
150.720725624,0
150.743945578,0
150.767165533,0
150.790385488,0
150.813605442,0
150.836825397,0
150.860045351,0
150.883265306,0
150.906485261,0
150.929705215,0.716788
150.952925170,3.20007
150.976145125,1.66396
150.999365079,0.219476
151.022585034,0
151.045804989,0
151.069024943,0
151.092244898,0
151.115464853,0
151.138684807,0
151.161904762,0
151.185124717,0
151.208344671,0
151.231564626,0
151.254784580,0
151.278004535,0
151.301224490,0.0454855
151.324444444,0.42618
151.347664399,0.897134
151.370884354,0.180181
151.394104308,1.11635
151.417324263,0.514248
151.440544218,0
151.463764172,0
151.486984127,0
151.510204082,0
151.533424036,0
151.556643991,0.0891092
151.579863946,0
151.603083900,0
151.626303855,0
151.649523810,0
151.672743764,0
151.695963719,0
151.719183673,0
151.742403628,0
151.765623583,0.146243
151.788843537,0
151.812063492,0
151.835283447,0
151.858503401,0
151.881723356,0
151.904943311,0
151.928163265,0
151.951383220,0
151.974603175,0
151.997823129,0
152.021043084,1.1201
152.044263039,2.32277
152.067482993,0.888316
152.090702948,0
152.113922902,0
152.137142857,0
152.160362812,0.0237757
152.183582766,0
152.206802721,0
152.230022676,0.0900705
152.253242630,0
152.276462585,0.0259029
152.299682540,0
152.322902494,0
152.346122449,0
152.369342404,0
152.392562358,0
152.415782313,0
152.439002268,0
152.462222222,0
152.485442177,0
152.508662132,0
152.531882086,0
152.555102041,0
152.578321995,0
152.601541950,0
152.624761905,0
152.647981859,0
152.671201814,0
152.694421769,0
152.717641723,0
152.740861678,1.52116
152.764081633,5.13761
152.787301587,0.514116
152.810521542,0
152.833741497,0
152.856961451,0.0195106
152.880181406,0
152.903401361,0
152.926621315,0
152.949841270,0
152.973061224,0
152.996281179,0
153.019501134,0
153.042721088,0
153.065941043,0
153.089160998,0
153.112380952,0.0727542
153.135600907,0
153.158820862,0
153.182040816,0.0418722
153.205260771,0
153.228480726,0
153.251700680,0.00938258
153.274920635,0
153.298140590,0.786556
153.321360544,0.603409
153.344580499,0
153.367800454,0
153.391020408,0
153.414240363,0
153.437460317,0
153.460680272,0
153.483900227,0
153.507120181,0
153.530340136,0
153.553560091,0
153.576780045,0
153.600000000,0
153.623219955,0
153.646439909,0
153.669659864,0.25329
153.692879819,1.1807
153.716099773,0.978404
153.739319728,0
153.762539683,0
153.785759637,0.454788
153.808979592,0.450069
153.832199546,0
153.855419501,0
153.878639456,0
153.901859410,0
153.925079365,0
153.948299320,0
153.971519274,0
153.994739229,0
154.017959184,0
154.041179138,0
154.064399093,0
154.087619048,0
154.110839002,0.0338184
154.134058957,0
154.157278912,0
154.180498866,0
154.203718821,0
154.226938776,0
154.250158730,0.245513
154.273378685,0.87622
154.296598639,0.140945
154.319818594,0
154.343038549,0
154.366258503,0
154.389478458,0
154.412698413,0
154.435918367,0
154.459138322,0
154.482358277,0
154.505578231,0
154.528798186,0
154.552018141,0
154.575238095,0
154.598458050,0
154.621678005,0
154.644897959,0
154.668117914,0
154.691337868,0
154.714557823,0
154.737777778,2.51968
154.760997732,4.94607
154.784217687,0.304391
154.807437642,0
154.830657596,0
154.853877551,0
154.877097506,0
154.900317460,0
154.923537415,0
154.946757370,0.0510744
154.969977324,0.0626443
154.993197279,0
155.016417234,0
155.039637188,0
155.062857143,0
155.086077098,0.343111
155.109297052,3.79331
155.132517007,3.66835
155.155736961,0
155.178956916,0
155.202176871,0
155.225396825,0
155.248616780,0
155.271836735,0
155.295056689,0
155.318276644,0
155.341496599,0
155.364716553,0
155.387936508,0
155.411156463,0
155.434376417,0
155.457596372,0
155.480816327,0
155.504036281,0
155.527256236,0
155.550476190,0
155.573696145,0
155.596916100,0
155.620136054,0
155.643356009,0
155.666575964,0.28999
155.689795918,0.781356
155.713015873,0.31447
155.736235828,0.335494
155.759455782,0.50708
155.782675737,0.326309
155.805895692,0.217277
155.829115646,0
155.852335601,0
155.875555556,0
155.898775510,0
155.921995465,0
155.945215420,0.058255
155.968435374,0.10891
155.991655329,0
156.014875283,0
156.038095238,0
156.061315193,0
156.084535147,0
156.107755102,0
156.130975057,0
156.154195011,0
156.177414966,0
156.200634921,0
156.223854875,0
156.247074830,0
156.270294785,0
156.293514739,0
156.316734694,0
156.339954649,0
156.363174603,0
156.386394558,0
156.409614512,0
156.432834467,0
156.456054422,0.766345
156.479274376,3.9233
156.502494331,1.4927
156.525714286,0
156.548934240,0
156.572154195,0
156.595374150,0
156.618594104,0
156.641814059,0
156.665034014,0
156.688253968,0
156.711473923,0
156.734693878,0
156.757913832,0
156.781133787,0.000349939
156.804353741,0
156.827573696,0.0464843
156.850793651,0.0621205
156.874013605,0
156.897233560,0
156.920453515,0
156.943673469,0
156.966893424,0
156.990113379,0.139582
157.013333333,0
157.036553288,0
157.059773243,0
157.082993197,0
157.106213152,0.0396336
157.129433107,0.388069
157.152653061,0
157.175873016,0
157.199092971,0
157.222312925,0
157.245532880,0
157.268752834,0
157.291972789,0
157.315192744,0
157.338412698,0
157.361632653,0
157.384852608,0
157.408072562,0
157.431292517,0
157.454512472,0
157.477732426,0
157.500952381,0
157.524172336,0
157.547392290,0
157.570612245,5.35288
157.593832200,6.76678
157.617052154,0
157.640272109,0
157.663492063,0
157.686712018,0
157.709931973,0
157.733151927,0
157.756371882,0
157.779591837,0
157.802811791,0
157.826031746,0
157.849251701,0
157.872471655,0
157.895691610,0
157.918911565,0
157.942131519,0
157.965351474,0
157.988571429,0
158.011791383,1.06353
158.035011338,1.74677
158.058231293,1.33802
158.081451247,0
158.104671202,0
158.127891156,0
158.151111111,0
158.174331066,0
158.197551020,0
158.220770975,0
158.243990930,0
158.267210884,0
158.290430839,0
158.313650794,0
158.336870748,0
158.360090703,0
158.383310658,0
158.406530612,0
158.429750567,0
158.452970522,0
158.476190476,0.441721
158.499410431,3.80687
158.522630385,1.97929
158.545850340,0
158.569070295,0
158.592290249,0
158.615510204,0
158.638730159,0
158.661950113,0
158.685170068,0
158.708390023,0
158.731609977,0
158.754829932,0
158.778049887,0
158.801269841,0
158.824489796,0
158.847709751,0
158.870929705,0
158.894149660,0
158.917369615,0.0186847
158.940589569,1.1433
158.963809524,2.94334
158.987029478,1.27987
159.010249433,0
159.033469388,0
159.056689342,0
159.079909297,0
159.103129252,0
159.126349206,0
159.149569161,0
159.172789116,0
159.196009070,0
159.219229025,0
159.242448980,0
159.265668934,0
159.288888889,0
159.312108844,0
159.335328798,0
159.358548753,0
159.381768707,0
159.404988662,0.205212
159.428208617,2.19991
159.451428571,3.76662
159.474648526,0
159.497868481,0
159.521088435,0
159.544308390,0
159.567528345,0
159.590748299,0
159.613968254,0
159.637188209,0
159.660408163,0.195966
159.683628118,0.520814
159.706848073,0
159.730068027,0
159.753287982,0
159.776507937,0
159.799727891,0
159.822947846,0
159.846167800,0
159.869387755,0.0463389
159.892607710,2.58916
159.915827664,2.49069
159.939047619,0
159.962267574,0
159.985487528,0
160.008707483,0
160.031927438,0
160.055147392,0
160.078367347,0
160.101587302,0
160.124807256,0
160.148027211,0.0878361
160.171247166,0.142777
160.194467120,0
160.217687075,0
160.240907029,0
160.264126984,0
160.287346939,0
160.310566893,0
160.333786848,0
160.357006803,3.53172
160.380226757,4.98819
160.403446712,0.621496
160.426666667,0
160.449886621,0
160.473106576,0
160.496326531,0
160.519546485,0
160.542766440,0.0422853
160.565986395,0.522843
160.589206349,0.734828
160.612426304,0
160.635646259,0
160.658866213,0
160.682086168,0
160.705306122,0
160.728526077,0
160.751746032,0
160.774965986,0
160.798185941,0
160.821405896,0
160.844625850,1.02478
160.867845805,1.98666
160.891065760,1.27239
160.914285714,1.65252
160.937505669,0
160.960725624,0
160.983945578,0
161.007165533,0
161.030385488,0
161.053605442,0
161.076825397,0
161.100045351,0
161.123265306,0
161.146485261,0
161.169705215,0
161.192925170,0
161.216145125,0
161.239365079,0
161.262585034,0
161.285804989,1.37182
161.309024943,10.1251
161.332244898,4.12777
161.355464853,0
161.378684807,0
161.401904762,0
161.425124717,0
161.448344671,0
161.471564626,0
161.494784580,0.161353
161.518004535,0
161.541224490,0
161.564444444,0.013572
161.587664399,0
161.610884354,0
161.634104308,0
161.657324263,0
161.680544218,0.167408
161.703764172,0
161.726984127,0
161.750204082,0.263797
161.773424036,0.204552
161.796643991,0
161.819863946,0
161.843083900,0
161.866303855,0
161.889523810,0
161.912743764,0
161.935963719,0.204884
161.959183673,0
161.982403628,0.737029
162.005623583,0.574609
162.028843537,0
162.052063492,0
162.075283447,0
162.098503401,0
162.121723356,0.19033
162.144943311,0
162.168163265,0
162.191383220,0.398409
162.214603175,2.99372
162.237823129,0.0310563
162.261043084,0
162.284263039,0
162.307482993,0
162.330702948,0
162.353922902,0
162.377142857,0
162.400362812,0
162.423582766,0
162.446802721,0
162.470022676,0
162.493242630,0
162.516462585,0
162.539682540,0
162.562902494,0
162.586122449,0
162.609342404,0
162.632562358,0
162.655782313,1.49814
162.679002268,6.59832
162.702222222,3.8807
162.725442177,0
162.748662132,0
162.771882086,0
162.795102041,0
162.818321995,0
162.841541950,0
162.864761905,0
162.887981859,0
162.911201814,0
162.934421769,0
162.957641723,0
162.980861678,0
163.004081633,0
163.027301587,0
163.050521542,0
163.073741497,0
163.096961451,0
163.120181406,0.000566721
163.143401361,0.0659712
163.166621315,0
163.189841270,0
163.213061224,0
163.236281179,0
163.259501134,0.849688
163.282721088,2.07984
163.305941043,1.02609
163.329160998,0
163.352380952,0.0658315
163.375600907,0.907114
163.398820862,0
163.422040816,0
163.445260771,0
163.468480726,0
163.491700680,0.0518674
163.514920635,0
163.538140590,0
163.561360544,3.98334
163.584580499,3.81895
163.607800454,0
163.631020408,0
163.654240363,0
163.677460317,0
163.700680272,0
163.723900227,0
163.747120181,0.894824
163.770340136,1.6035
163.793560091,0
163.816780045,0
163.840000000,0
163.863219955,0
163.886439909,0
163.909659864,0
163.932879819,0
163.956099773,0
163.979319728,0
164.002539683,0
164.025759637,0
164.048979592,0.67964
164.072199546,0.507576
164.095419501,0.391394
164.118639456,0
164.141859410,0
164.165079365,0
164.188299320,0
164.211519274,0
164.234739229,0
164.257959184,0.128031
164.281179138,7.46595
164.304399093,0.693753
164.327619048,0
164.350839002,0
164.374058957,0
164.397278912,0
164.420498866,0.063949
164.443718821,0
164.466938776,0
164.490158730,0
164.513378685,0.245567
164.536598639,0.228271
164.559818594,0
164.583038549,0
164.606258503,0
164.629478458,0
164.652698413,0
164.675918367,0.0641907
164.699138322,0.0917096
164.722358277,0
164.745578231,0
164.768798186,0
164.792018141,0
164.815238095,0
164.838458050,0
164.861678005,0
164.884897959,0
164.908117914,0
164.931337868,0.550476
164.954557823,0.770118
164.977777778,0.126742
165.000997732,0
165.024217687,0.612194
165.047437642,0.203614
165.070657596,0.0949498
165.093877551,0
165.117097506,0.0484061
165.140317460,0.731053
165.163537415,0
165.186757370,0
165.209977324,0
165.233197279,0
165.256417234,0
165.279637188,0.0309134
165.302857143,0
165.326077098,0.0276006
165.349297052,0.186009
165.372517007,0
165.395736961,0
165.418956916,0.124529
165.442176871,0.142559
165.465396825,1.03902
165.488616780,0.161092
165.511836735,0
165.535056689,0
165.558276644,0
165.581496599,0
165.604716553,0.0153085
165.627936508,0.404144
165.651156463,0.553668
165.674376417,0
165.697596372,0
165.720816327,0.253549
165.744036281,0
165.767256236,0.953385
165.790476190,0.698238
165.813696145,0.243347
165.836916100,0.0318545
165.860136054,0
165.883356009,0
165.906575964,0
165.929795918,0
165.953015873,0
165.976235828,0
165.999455782,0.336268
166.022675737,0.04817
166.045895692,0
166.069115646,0
166.092335601,0.337968
166.115555556,0
166.138775510,0
166.161995465,0
166.185215420,0
166.208435374,0
166.231655329,0
166.254875283,1.30152
166.278095238,0
166.301315193,0
166.324535147,0
166.347755102,0
166.370975057,0
166.394195011,0
166.417414966,0
166.440634921,0.0916497
166.463854875,0
166.487074830,0
166.510294785,0
166.533514739,0
166.556734694,0.559783
166.579954649,0
166.603174603,0
166.626394558,0
166.649614512,0
166.672834467,0
166.696054422,0
166.719274376,0.299117
166.742494331,1.57143
166.765714286,0.686583
166.788934240,0.0726007
166.812154195,3.86102
166.835374150,4.16815
166.858594104,0
166.881814059,0
166.905034014,0
166.928253968,0
166.951473923,0
166.974693878,0
166.997913832,0
167.021133787,0
167.044353741,0
167.067573696,0
167.090793651,0.563036
167.114013605,2.25962
167.137233560,1.03603
167.160453515,0
167.183673469,0
167.206893424,0
167.230113379,0.215578
167.253333333,0.224248
167.276553288,0
167.299773243,0
167.322993197,0
167.346213152,0
167.369433107,0
167.392653061,0
167.415873016,0
167.439092971,0
167.462312925,0
167.485532880,0
167.508752834,0
167.531972789,0
167.555192744,0
167.578412698,0
167.601632653,0
167.624852608,0
167.648072562,0
167.671292517,0.162277
167.694512472,0.124236
167.717732426,0.575458
167.740952381,0.463152
167.764172336,1.0066
167.787392290,0.126048
167.810612245,0
167.833832200,0
167.857052154,0
167.880272109,0
167.903492063,0
167.926712018,0
167.949931973,0
167.973151927,0.0606858
167.996371882,0
168.019591837,0
168.042811791,1.28787
168.066031746,1.80309
168.089251701,0
168.112471655,0
168.135691610,0
168.158911565,0.0126551
168.182131519,0.0436646
168.205351474,0.0133495
168.228571429,0.300401
168.251791383,0.109478
168.275011338,0
168.298231293,0
168.321451247,0
168.344671202,0
168.367891156,0
168.391111111,0
168.414331066,0.185434
168.437551020,0
168.460770975,0
168.483990930,0
168.507210884,0
168.530430839,0
168.553650794,0
168.576870748,0
168.600090703,0
168.623310658,0
168.646530612,0
168.669750567,2.93037
168.692970522,8.32534
168.716190476,1.97574
168.739410431,0
168.762630385,0
168.785850340,0
168.809070295,0
168.832290249,0
168.855510204,0
168.878730159,0
168.901950113,0
168.925170068,0
168.948390023,0
168.971609977,0
168.994829932,0
169.018049887,0
169.041269841,0
169.064489796,0.313092
169.087709751,2.66111
169.110929705,0.670023
169.134149660,0
169.157369615,0
169.180589569,0
169.203809524,0
169.227029478,0
169.250249433,0.667348
169.273469388,0
169.296689342,0
169.319909297,0
169.343129252,0
169.366349206,0
169.389569161,0.483815
169.412789116,1.04904
169.436009070,1.04375
169.459229025,0.313363
169.482448980,0
169.505668934,0
169.528888889,0.149395
169.552108844,0.0434463
169.575328798,0
169.598548753,0
169.621768707,0
169.644988662,0
169.668208617,0.0847859
169.691428571,0
169.714648526,0
169.737868481,0
169.761088435,0
169.784308390,0
169.807528345,0
169.830748299,0
169.853968254,0
169.877188209,0
169.900408163,0.361737
169.923628118,0
169.946848073,0
169.970068027,0
169.993287982,0
170.016507937,0
170.039727891,0
170.062947846,0
170.086167800,0
170.109387755,2.17352
170.132607710,2.32479
170.155827664,0
170.179047619,0
170.202267574,0
170.225487528,0
170.248707483,0
170.271927438,0
170.295147392,0
170.318367347,0
170.341587302,0
170.364807256,0
170.388027211,0
170.411247166,0
170.434467120,0
170.457687075,0
170.480907029,0
170.504126984,0
170.527346939,0
170.550566893,1.00455
170.573786848,2.74481
170.597006803,0.474938
170.620226757,0
170.643446712,0
170.666666667,0.494339
170.689886621,4.83261
170.713106576,2.52169
170.736326531,0.893916
170.759546485,0.197581
170.782766440,0
170.805986395,0
170.829206349,0
170.852426304,0
170.875646259,0
170.898866213,0
170.922086168,0
170.945306122,0
170.968526077,0.407743
170.991746032,0.426343
171.014965986,0.800799
171.038185941,0.0642834
171.061405896,0
171.084625850,0
171.107845805,0
171.131065760,0.0663444
171.154285714,1.89759
171.177505669,3.30559
171.200725624,0
171.223945578,0
171.247165533,0
171.270385488,0
171.293605442,0
171.316825397,0
171.340045351,0
171.363265306,0
171.386485261,0
171.409705215,0
171.432925170,0.225264
171.456145125,1.57337
171.479365079,0.456261
171.502585034,0
171.525804989,0
171.549024943,0
171.572244898,0
171.595464853,0
171.618684807,0.0644378
171.641904762,0
171.665124717,0
171.688344671,0
171.711564626,0
171.734784580,0
171.758004535,0
171.781224490,0
171.804444444,0
171.827664399,0
171.850884354,0
171.874104308,0
171.897324263,0.183013
171.920544218,3.83343
171.943764172,1.16971
171.966984127,0
171.990204082,0
172.013424036,0
172.036643991,0
172.059863946,0
172.083083900,0
172.106303855,0
172.129523810,0
172.152743764,0
172.175963719,0
172.199183673,0
172.222403628,0
172.245623583,0
172.268843537,0
172.292063492,0
172.315283447,0
172.338503401,0.521617
172.361723356,4.57661
172.384943311,1.10105
172.408163265,0
172.431383220,0
172.454603175,0
172.477823129,0
172.501043084,0
172.524263039,0
172.547482993,0
172.570702948,0
172.593922902,0.151742
172.617142857,0.101466
172.640362812,0
172.663582766,0
172.686802721,0
172.710022676,0.0229443
172.733242630,0
172.756462585,0
172.779682540,0.352784
172.802902494,1.67703
172.826122449,0.788818
172.849342404,0
172.872562358,0
172.895782313,0
172.919002268,0
172.942222222,0
172.965442177,0
172.988662132,0
173.011882086,0
173.035102041,0
173.058321995,0
173.081541950,0
173.104761905,0
173.127981859,0
173.151201814,0
173.174421769,0
173.197641723,0
173.220861678,0
173.244081633,0.991555
173.267301587,1.50337
173.290521542,0
173.313741497,0
173.336961451,0
173.360181406,0
173.383401361,0
173.406621315,0
173.429841270,0
173.453061224,0
173.476281179,0
173.499501134,0.193804
173.522721088,0.1592
173.545941043,0
173.569160998,0
173.592380952,0
173.615600907,0
173.638820862,0
173.662040816,0
173.685260771,0
173.708480726,0.0455171
173.731700680,0.918108
173.754920635,0
173.778140590,0
173.801360544,0
173.824580499,0.428042
173.847800454,0
173.871020408,0
173.894240363,0
173.917460317,0
173.940680272,0
173.963900227,0
173.987120181,0
174.010340136,0
174.033560091,0
174.056780045,0.219621
174.080000000,5.52395
174.103219955,7.96559
174.126439909,1.06463
174.149659864,0
174.172879819,0
174.196099773,0
174.219319728,0
174.242539683,0
174.265759637,0
174.288979592,0
174.312199546,0
174.335419501,0
174.358639456,0
174.381859410,0
174.405079365,0
174.428299320,0.556133
174.451519274,1.70549
174.474739229,0
174.497959184,0
174.521179138,0
174.544399093,0
174.567619048,0
174.590839002,0
174.614058957,0
174.637278912,1.60812
174.660498866,0.48252
174.683718821,0
174.706938776,0
174.730158730,0
174.753378685,0
174.776598639,0
174.799818594,0
174.823038549,0
174.846258503,0.269924
174.869478458,1.62414
174.892698413,0.477981
174.915918367,0
174.939138322,0
174.962358277,0
174.985578231,0
175.008798186,0
175.032018141,0
175.055238095,0
175.078458050,0.930509
175.101678005,0.777732
175.124897959,0
175.148117914,0.319753
175.171337868,0
175.194557823,0
175.217777778,0
175.240997732,0
175.264217687,0
175.287437642,0.574172
175.310657596,3.44279
175.333877551,1.8595
175.357097506,0.588165
175.380317460,0.154622
175.403537415,0
175.426757370,0
175.449977324,0
175.473197279,0.334019
175.496417234,0.0225961
175.519637188,0.0991292
175.542857143,0
175.566077098,0.0207851
175.589297052,0
175.612517007,0
175.635736961,0
175.658956916,0
175.682176871,0
175.705396825,0
175.728616780,0
175.751836735,0
175.775056689,0
175.798276644,0
175.821496599,0
175.844716553,0.0207747
175.867936508,0
175.891156463,0
175.914376417,0.382224
175.937596372,1.40327
175.960816327,0
175.984036281,0
176.007256236,0
176.030476190,2.40444
176.053696145,1.63243
176.076916100,0.225626
176.100136054,0
176.123356009,0.187734
176.146575964,0
176.169795918,0
176.193015873,0.23177
176.216235828,0
176.239455782,0
176.262675737,0
176.285895692,0
176.309115646,0
176.332335601,0
176.355555556,0
176.378775510,0
176.401995465,0
176.425215420,0
176.448435374,0.049867
176.471655329,0
176.494875283,0
176.518095238,0
176.541315193,0
176.564535147,0.362873
176.587755102,0
176.610975057,0
176.634195011,0.0219206
176.657414966,1.25304
176.680634921,0.934809
176.703854875,0.179102
176.727074830,0.667233
176.750294785,0.172237
176.773514739,0
176.796734694,0
176.819954649,0
176.843174603,0
176.866394558,0
176.889614512,0
176.912834467,0.666302
176.936054422,3.51496
176.959274376,0.112428
176.982494331,0
177.005714286,0
177.028934240,0
177.052154195,0
177.075374150,0
177.098594104,0
177.121814059,0
177.145034014,0
177.168253968,0
177.191473923,0
177.214693878,0
177.237913832,0
177.261133787,0
177.284353741,0.039452
177.307573696,0.0926097
177.330793651,0.0103628
177.354013605,0.530911
177.377233560,0.410816
177.400453515,0
177.423673469,0
177.446893424,0
177.470113379,0
177.493333333,0
177.516553288,0
177.539773243,0
177.562993197,0
177.586213152,0
177.609433107,0
177.632653061,0
177.655873016,0
177.679092971,0
177.702312925,0
177.725532880,0
177.748752834,0
177.771972789,1.14497
177.795192744,4.78631
177.818412698,2.61657
177.841632653,0.896261
177.864852608,0.125819
177.888072562,0
177.911292517,0
177.934512472,0
177.957732426,4.16336
177.980952381,3.3838
178.004172336,0
178.027392290,0
178.050612245,0
178.073832200,0
178.097052154,0
178.120272109,0
178.143492063,0
178.166712018,0
178.189931973,0
178.213151927,0
178.236371882,0
178.259591837,0
178.282811791,0
178.306031746,0.933636
178.329251701,0.316813
178.352471655,0.271493
178.375691610,0
178.398911565,0
178.422131519,0
178.445351474,0
178.468571429,0
178.491791383,0
178.515011338,0.829
178.538231293,1.39827
178.561451247,0
178.584671202,0
178.607891156,0
178.631111111,0
178.654331066,0
178.677551020,0
178.700770975,0.516704
178.723990930,0.940518
178.747210884,0.066988
178.770430839,0
178.793650794,0
178.816870748,0
178.840090703,0
178.863310658,0
178.886530612,0
178.909750567,9.82881e-05
178.932970522,0
178.956190476,0.181897
178.979410431,0.437763
179.002630385,0.538342
179.025850340,0
179.049070295,0
179.072290249,0.448896
179.095510204,0.0492976
179.118730159,0
179.141950113,0
179.165170068,0.00538003
179.188390023,0.268868
179.211609977,0.642853
179.234829932,0.171861
179.258049887,0
179.281269841,0
179.304489796,0
179.327709751,0
179.350929705,0
179.374149660,0
179.397369615,0
179.420589569,0
179.443809524,0
179.467029478,0
179.490249433,0
179.513469388,0
179.536689342,0
179.559909297,0
179.583129252,0
179.606349206,0
179.629569161,0
179.652789116,1.55093
179.676009070,2.11587
179.699229025,0
179.722448980,0
179.745668934,0
179.768888889,0
179.792108844,1.01854
179.815328798,1.65624
179.838548753,0.262107
179.861768707,0.0903465
179.884988662,0.705355
179.908208617,0
179.931428571,0
179.954648526,0.37942
179.977868481,0.0356712
180.001088435,0
180.024308390,0
180.047528345,0.519787
180.070748299,0
180.093968254,0
180.117188209,0.660947
180.140408163,0.355216
180.163628118,0.0196925
180.186848073,0
180.210068027,0
180.233287982,0
180.256507937,0
180.279727891,0
180.302947846,0
180.326167800,0
180.349387755,0
180.372607710,0
180.395827664,0
180.419047619,0.58675
180.442267574,0.83176
180.465487528,0.454347
180.488707483,0
180.511927438,0
180.535147392,0.604358
180.558367347,0.028819
180.581587302,0
180.604807256,0
180.628027211,0.342903
180.651247166,0.0409051
180.674467120,0
180.697687075,0.332453
180.720907029,0
180.744126984,0.600782
180.767346939,0
180.790566893,0
180.813786848,0
180.837006803,0
180.860226757,0.198923
180.883446712,0.989069
180.906666667,0
180.929886621,0
180.953106576,0
180.976326531,0
180.999546485,0
181.022766440,0
181.045986395,2.20845
181.069206349,5.38208
181.092426304,2.55548
181.115646259,0.169874
181.138866213,0.136719
181.162086168,0.215759
181.185306122,0
181.208526077,0
181.231746032,0
181.254965986,0
181.278185941,0
181.301405896,0.0376119
181.324625850,0.0736977
181.347845805,0
181.371065760,0
181.394285714,0
181.417505669,0
181.440725624,0
181.463945578,0
181.487165533,0
181.510385488,0
181.533605442,0
181.556825397,0.776964
181.580045351,0
181.603265306,0
181.626485261,0
181.649705215,0
181.672925170,0
181.696145125,0
181.719365079,0
181.742585034,0.0712011
181.765804989,3.70539
181.789024943,3.11843
181.812244898,0.19553
181.835464853,0
181.858684807,0
181.881904762,0
181.905124717,0.733071
181.928344671,0.145785
181.951564626,0
181.974784580,0
181.998004535,0.0512553
182.021224490,0
182.044444444,0
182.067664399,0
182.090884354,0
182.114104308,0
182.137324263,0
182.160544218,0
182.183764172,0
182.206984127,0.700521
182.230204082,2.6292
182.253424036,0
182.276643991,0
182.299863946,0
182.323083900,0
182.346303855,0
182.369523810,0
182.392743764,0.0889088
182.415963719,0.325206
182.439183673,0.170452
182.462403628,0
182.485623583,0
182.508843537,0
182.532063492,0
182.555283447,0
182.578503401,0
182.601723356,0
182.624943311,0
182.648163265,0
182.671383220,2.0983
182.694603175,9.07596
182.717823129,0.0269416
182.741043084,0
182.764263039,0
182.787482993,0
182.810702948,0
182.833922902,0
182.857142857,0
182.880362812,0
182.903582766,0.120618
182.926802721,0.504089
182.950022676,0
182.973242630,0
182.996462585,0
183.019682540,0
183.042902494,0
183.066122449,0
183.089342404,0
183.112562358,0
183.135782313,0
183.159002268,0
183.182222222,0
183.205442177,0
183.228662132,0
183.251882086,0
183.275102041,0
183.298321995,0
183.321541950,0
183.344761905,2.76047
183.367981859,0.926127
183.391201814,0
183.414421769,1.05459
183.437641723,0.9781
183.460861678,0.274999
183.484081633,0
183.507301587,0
183.530521542,0
183.553741497,0.0839192
183.576961451,0
183.600181406,0
183.623401361,0
183.646621315,0.0316413
183.669841270,0.566029
183.693061224,0
183.716281179,0
183.739501134,0.079941
183.762721088,1.54867
183.785941043,0.0614038
183.809160998,0
183.832380952,0
183.855600907,0
183.878820862,0
183.902040816,0
183.925260771,0
183.948480726,0
183.971700680,0
183.994920635,0
184.018140590,0.361493
184.041360544,0.285386
184.064580499,0
184.087800454,0
184.111020408,0.0838819
184.134240363,0.0777061
184.157460317,0
184.180680272,0
184.203900227,0
184.227120181,0
184.250340136,0.335957
184.273560091,1.1638
184.296780045,0.472125
184.320000000,0
184.343219955,0
184.366439909,0
184.389659864,0
184.412879819,0
184.436099773,0
184.459319728,0
184.482539683,0
184.505759637,0
184.528979592,0
184.552199546,0
184.575419501,0
184.598639456,0
184.621859410,0
184.645079365,0
184.668299320,0
184.691519274,0.102038
184.714739229,0.0775393
184.737959184,1.55538
184.761179138,1.20765
184.784399093,0
184.807619048,0
184.830839002,0
184.854058957,0
184.877278912,0
184.900498866,0
184.923718821,0
184.946938776,0
184.970158730,0
184.993378685,0
185.016598639,0
185.039818594,0
185.063038549,0
185.086258503,0
185.109478458,0
185.132698413,0
185.155918367,0
185.179138322,0
185.202358277,0.326356
185.225578231,0.314927
185.248798186,0
185.272018141,0
185.295238095,0
185.318458050,0
185.341678005,0.289564
185.364897959,1.85751
185.388117914,1.71338
185.411337868,0
185.434557823,0
185.457777778,0
185.480997732,0
185.504217687,0
185.527437642,0
185.550657596,0
185.573877551,0
185.597097506,0
185.620317460,0.118973
185.643537415,0.192235
185.666757370,0.895657
185.689977324,1.30237
185.713197279,0
185.736417234,0
185.759637188,0
185.782857143,0
185.806077098,0
185.829297052,0.655701
185.852517007,2.23212
185.875736961,0
185.898956916,0
185.922176871,0
185.945396825,0
185.968616780,0
185.991836735,0
186.015056689,0
186.038276644,0.0561901
186.061496599,1.31051
186.084716553,1.68243
186.107936508,0.71198
186.131156463,0.280266
186.154376417,0
186.177596372,0
186.200816327,0
186.224036281,0
186.247256236,0
186.270476190,0
186.293696145,0
186.316916100,0.376085
186.340136054,1.96047
186.363356009,0
186.386575964,0
186.409795918,0
186.433015873,0
186.456235828,0
186.479455782,0
186.502675737,0
186.525895692,0
186.549115646,0
186.572335601,0.0907532
186.595555556,2.59253
186.618775510,0.574544
186.641995465,0
186.665215420,0
186.688435374,0
186.711655329,0
186.734875283,0
186.758095238,0
186.781315193,0
186.804535147,0
186.827755102,0
186.850975057,0
186.874195011,0
186.897414966,0
186.920634921,3.06745
186.943854875,3.73285
186.967074830,0.716633
186.990294785,0
187.013514739,0
187.036734694,0
187.059954649,0
187.083174603,0
187.106394558,0
187.129614512,0
187.152834467,0
187.176054422,0
187.199274376,0
187.222494331,0.321851
187.245714286,0.190724
187.268934240,0.137162
187.292154195,0.118901
187.315374150,0
187.338594104,0
187.361814059,0
187.385034014,0
187.408253968,0
187.431473923,0
187.454693878,0
187.477913832,0
187.501133787,1.18953
187.524353741,0.422658
187.547573696,0
187.570793651,0
187.594013605,0
187.617233560,0
187.640453515,0
187.663673469,0
187.686893424,0
187.710113379,0
187.733333333,0
187.756553288,0.0907845
187.779773243,0.0406039
187.802993197,0
187.826213152,0
187.849433107,0
187.872653061,0
187.895873016,0.00782186
187.919092971,0
187.942312925,0
187.965532880,0.556174
187.988752834,0.50371
188.011972789,0
188.035192744,0
188.058412698,0
188.081632653,0
188.104852608,0.00777093
188.128072562,0
188.151292517,0
188.174512472,0.170204
188.197732426,0.764236
188.220952381,0
188.244172336,0
188.267392290,0
188.290612245,0
188.313832200,0
188.337052154,0
188.360272109,0
188.383492063,0
188.406712018,0
188.429931973,0.821462
188.453151927,0.721255
188.476371882,0
188.499591837,0
188.522811791,0
188.546031746,0
188.569251701,0
188.592471655,0
188.615691610,0
188.638911565,0.78546
188.662131519,5.74403
188.685351474,4.14233
188.708571429,0.0835044
188.731791383,0
188.755011338,0
188.778231293,0
188.801451247,0
188.824671202,0.375726
188.847891156,0
188.871111111,0
188.894331066,0
188.917551020,0
188.940770975,0
188.963990930,0
188.987210884,0
189.010430839,0.357978
189.033650794,1.7462
189.056870748,0
189.080090703,0
189.103310658,0
189.126530612,0
189.149750567,0
189.172970522,0
189.196190476,0
189.219410431,0
189.242630385,0
189.265850340,0
189.289070295,1.78391
189.312290249,1.3262
189.335510204,0.992256
189.358730159,0.0138247
189.381950113,0
189.405170068,0
189.428390023,0
189.451609977,0.194234
189.474829932,0.368534
189.498049887,0.113245
189.521269841,0.0903434
189.544489796,0.578098
189.567709751,0.0530699
189.590929705,0
189.614149660,0
189.637369615,0
189.660589569,0
189.683809524,0
189.707029478,0.233769
189.730249433,0.163407
189.753469388,0
189.776689342,0.0271479
189.799909297,0.720978
189.823129252,0
189.846349206,0
189.869569161,0
189.892789116,0.0452839
189.916009070,0.0399995
189.939229025,0
189.962448980,0.182398
189.985668934,0.369129
190.008888889,0.358035
190.032108844,0
190.055328798,0
190.078548753,0
190.101768707,0
190.124988662,0
190.148208617,0
190.171428571,0
190.194648526,0
190.217868481,0
190.241088435,1.2362
190.264308390,1.59438
190.287528345,0.0224387
190.310748299,0
190.333968254,0
190.357188209,0
190.380408163,0
190.403628118,0
190.426848073,0.0496738
190.450068027,0.0447258
190.473287982,0
190.496507937,0
190.519727891,0
190.542947846,0
190.566167800,0
190.589387755,0
190.612607710,0
190.635827664,0
190.659047619,0
190.682267574,0
190.705487528,1.8411
190.728707483,1.26032
190.751927438,0
190.775147392,0
190.798367347,0
190.821587302,0
190.844807256,0
190.868027211,0
190.891247166,0
190.914467120,0
190.937687075,0
190.960907029,0
190.984126984,0
191.007346939,0
191.030566893,0
191.053786848,0
191.077006803,0
191.100226757,0
191.123446712,0
191.146666667,0
191.169886621,1.4196
191.193106576,2.10793
191.216326531,0.0200479
191.239546485,0
191.262766440,0
191.285986395,0
191.309206349,0
191.332426304,0
191.355646259,0
191.378866213,0
191.402086168,0
191.425306122,0
191.448526077,0
191.471746032,0
191.494965986,0
191.518185941,0
191.541405896,0
191.564625850,0
191.587845805,0
191.611065760,0.0458017
191.634285714,2.07197
191.657505669,1.98672
191.680725624,0
191.703945578,0
191.727165533,0
191.750385488,0
191.773605442,0
191.796825397,0
191.820045351,0
191.843265306,0
191.866485261,0
191.889705215,0
191.912925170,0
191.936145125,0
191.959365079,0
191.982585034,0
192.005804989,0
192.029024943,0
192.052244898,0
192.075464853,0
192.098684807,0.588498
192.121904762,0.554811
192.145124717,0
192.168344671,0
192.191564626,0
192.214784580,0
192.238004535,0
192.261224490,0
192.284444444,0
192.307664399,0
192.330884354,0
192.354104308,0
192.377324263,0
192.400544218,0
192.423764172,0
192.446984127,0
192.470204082,0
192.493424036,0
192.516643991,0
192.539863946,0
192.563083900,6.72355
192.586303855,10.1234
192.609523810,0.974044
192.632743764,0
192.655963719,0
192.679183673,0
192.702403628,0
192.725623583,0
192.748843537,0
192.772063492,1.28959
192.795283447,0.0568363
192.818503401,0
192.841723356,0
192.864943311,0
192.888163265,0
192.911383220,0
192.934603175,0
192.957823129,0
192.981043084,0
193.004263039,1.09474
193.027482993,2.73729
193.050702948,0
193.073922902,0
193.097142857,0
193.120362812,0
193.143582766,0
193.166802721,0
193.190022676,0
193.213242630,0
193.236462585,0.276637
193.259682540,0.665202
193.282902494,0.0468897
193.306122449,0.0104438
193.329342404,0
193.352562358,0
193.375782313,0
193.399002268,0
193.422222222,0
193.445442177,0
193.468662132,0.698403
193.491882086,2.31028
193.515102041,0.747167
193.538321995,0
193.561541950,0
193.584761905,0
193.607981859,0
193.631201814,0
193.654421769,0
193.677641723,0
193.700861678,0.270103
193.724081633,0.247722
193.747301587,0
193.770521542,0
193.793741497,0
193.816961451,0
193.840181406,0
193.863401361,0
193.886621315,0
193.909841270,0
193.933061224,0
193.956281179,0.435821
193.979501134,2.39329
194.002721088,0.921818
194.025941043,0
194.049160998,0
194.072380952,0
194.095600907,0
194.118820862,0
194.142040816,0.0862064
194.165260771,0.0350566
194.188480726,0
194.211700680,0
194.234920635,0
194.258140590,0
194.281360544,0
194.304580499,0
194.327800454,0
194.351020408,0
194.374240363,0
194.397460317,0
194.420680272,0.123926
194.443900227,0.274652
194.467120181,1.37599
194.490340136,0.446925
194.513560091,0
194.536780045,0
194.560000000,0
194.583219955,0
194.606439909,0
194.629659864,0
194.652879819,0
194.676099773,0.010759
194.699319728,0.292036
194.722539683,0.11015
194.745759637,0
194.768979592,0.0107803
194.792199546,0
194.815419501,0
194.838639456,0
194.861859410,0
194.885079365,0
194.908299320,0
194.931519274,0.0793903
194.954739229,0.135011
194.977959184,0.813695
195.001179138,0
195.024399093,0
195.047619048,0
195.070839002,0.0450048
195.094058957,0
195.117278912,0
195.140498866,0
195.163718821,0
195.186938776,0
195.210158730,0
195.233378685,0
195.256598639,0
195.279818594,0
195.303038549,0
195.326258503,0
195.349478458,0
195.372698413,0
195.395918367,0
195.419138322,0.034141
195.442358277,1.22226
195.465578231,1.19296
195.488798186,0
195.512018141,0
195.535238095,0
195.558458050,0
195.581678005,0
195.604897959,0
195.628117914,0
195.651337868,0
195.674557823,0
195.697777778,0
195.720997732,0
195.744217687,0
195.767437642,0
195.790657596,0
195.813877551,0
195.837097506,0
195.860317460,0
195.883537415,0
195.906757370,0
195.929977324,0.0876633
195.953197279,0.724405
195.976417234,3.14498
195.999637188,2.60623
196.022857143,0
196.046077098,0
196.069297052,0
196.092517007,0
196.115736961,0
196.138956916,0
196.162176871,0
196.185396825,0
196.208616780,0
196.231836735,0
196.255056689,0.125941
196.278276644,0
196.301496599,0
196.324716553,0
196.347936508,0
196.371156463,0
196.394376417,0
196.417596372,0
196.440816327,0
196.464036281,0
196.487256236,0
196.510476190,0.039326
196.533696145,1.18968
196.556916100,1.42277
196.580136054,0
196.603356009,0
196.626575964,0
196.649795918,0
196.673015873,0
196.696235828,0
196.719455782,0
196.742675737,0
196.765895692,0
196.789115646,0
196.812335601,0
196.835555556,0.378127
196.858775510,0.18134
196.881995465,0
196.905215420,0
196.928435374,0
196.951655329,0
196.974875283,0
196.998095238,0
197.021315193,0
197.044535147,0
197.067755102,0
197.090975057,0
197.114195011,0.221491
197.137414966,2.44301
197.160634921,0.471163
197.183854875,0
197.207074830,0
197.230294785,0
197.253514739,0
197.276734694,0
197.299954649,0
197.323174603,0
197.346394558,0
197.369614512,0
197.392834467,0
197.416054422,0.116786
197.439274376,0
197.462494331,0
197.485714286,0
197.508934240,0
197.532154195,0
197.555374150,0
197.578594104,0
197.601814059,0
197.625034014,0
197.648253968,0
197.671473923,0
197.694693878,0
197.717913832,1.20452
197.741133787,0.216415
197.764353741,0
197.787573696,0
197.810793651,0
197.834013605,0
197.857233560,0
197.880453515,0
197.903673469,0
197.926893424,0
197.950113379,0
197.973333333,0
197.996553288,0
198.019773243,0
198.042993197,0
198.066213152,0
198.089433107,0
198.112653061,0
198.135873016,0
198.159092971,0
198.182312925,0
198.205532880,0
198.228752834,0
198.251972789,0
198.275192744,0
198.298412698,0
198.321632653,0
198.344852608,0
198.368072562,0
198.391292517,0
198.414512472,0.343221
198.437732426,1.13633
198.460952381,2.65248
198.484172336,0.839814
198.507392290,0
198.530612245,0
198.553832200,0
198.577052154,0
198.600272109,0
198.623492063,0
198.646712018,0
198.669931973,0
198.693151927,0
198.716371882,0
198.739591837,0
198.762811791,0
198.786031746,0
198.809251701,0
198.832471655,0
198.855691610,0
198.878911565,0
198.902131519,0
198.925351474,0
198.948571429,0
198.971791383,0
198.995011338,0
199.018231293,0
199.041451247,0
199.064671202,0
199.087891156,0
199.111111111,0
199.134331066,1.63486
199.157551020,3.46576
199.180770975,0.286976
199.203990930,0
199.227210884,0
199.250430839,0
199.273650794,0
199.296870748,0
199.320090703,0
199.343310658,0
199.366530612,0
199.389750567,0
199.412970522,0
199.436190476,0
199.459410431,0
199.482630385,0
199.505850340,0
199.529070295,0
199.552290249,0
199.575510204,0
199.598730159,0
199.621950113,0
199.645170068,1.20139
199.668390023,0
199.691609977,0
199.714829932,0
199.738049887,0
199.761269841,1.8634
199.784489796,0.474389
199.807709751,0
199.830929705,0
199.854149660,0
199.877369615,0.366877
199.900589569,0
199.923809524,0
199.947029478,0
199.970249433,0
199.993469388,0
200.016689342,0
200.039909297,0
200.063129252,0
200.086349206,7.12129
200.109569161,3.72078
200.132789116,0
200.156009070,0
200.179229025,0
200.202448980,0
200.225668934,0
200.248888889,0
200.272108844,0
200.295328798,0
200.318548753,0
200.341768707,0
200.364988662,0
200.388208617,0
200.411428571,0
200.434648526,0
200.457868481,0
200.481088435,0
200.504308390,0
200.527528345,0
200.550748299,0
200.573968254,0
200.597188209,0
200.620408163,0
200.643628118,0
200.666848073,0
200.690068027,0
200.713287982,0
200.736507937,0
200.759727891,0
200.782947846,0.00429075
200.806167800,0.0144506
200.829387755,0.0204935
200.852607710,0
200.875827664,0
200.899047619,0.0104331
200.922267574,0
200.945487528,0.0620802
200.968707483,0
200.991927438,0
201.015147392,0
201.038367347,0
201.061587302,0
201.084807256,0
201.108027211,0
201.131247166,0
201.154467120,0.0391723
201.177687075,0.0305838
201.200907029,0.0315294
201.224126984,0
201.247346939,0.0129883
201.270566893,0
201.293786848,0
201.317006803,0
201.340226757,0
201.363446712,0.0347374
201.386666667,0.022373
201.409886621,0.010128
201.433106576,0.000834689
201.456326531,0
201.479546485,0
201.502766440,0
201.525986395,0
201.549206349,0
201.572426304,0.044122
201.595646259,0.00776438
201.618866213,0.00519781
201.642086168,0.0123497
201.665306122,0.00215556
201.688526077,0
201.711746032,0
201.734965986,0.0450389
201.758185941,0.00996432
201.781405896,0
201.804625850,0
201.827845805,0
201.851065760,0
201.874285714,0
201.897505669,0
201.920725624,0.00249137
201.943945578,0
201.967165533,0
201.990385488,0
202.013605442,0
202.036825397,0
202.060045351,0.00109901
202.083265306,0.00462976
202.106485261,0
202.129705215,0
202.152925170,0
202.176145125,0
202.199365079,0
202.222585034,0
202.245804989,0
202.269024943,0
202.292244898,0.0184363
202.315464853,0
202.338684807,0.00562822
202.361904762,0.0326977
202.385124717,0.0273961
202.408344671,0.0156362
202.431564626,0.00256279
202.454784580,0
202.478004535,0
202.501224490,0
202.524444444,0.00439849
202.547664399,0
202.570884354,0
202.594104308,0
202.617324263,0.00674612
202.640544218,0.00300651
202.663764172,0.0204704
202.686984127,0
202.710204082,0
202.733424036,0.0127112
202.756643991,0
202.779863946,0.00588042
202.803083900,0.0146179
202.826303855,0
202.849523810,0
202.872743764,0
202.895963719,0
202.919183673,4.48097e-05
202.942403628,0
202.965623583,0
202.988843537,0
203.012063492,0.00592898
203.035283447,0.00462195
203.058503401,0
203.081723356,0
203.104943311,0.00401897
203.128163265,0.0275828
203.151383220,0
203.174603175,0.00276238
203.197823129,0
203.221043084,0
203.244263039,0
203.267482993,0
203.290702948,0.0069472
203.313922902,0.0118641
203.337142857,0.0225272
203.360362812,0
203.383582766,0
203.406802721,0
203.430022676,0
203.453242630,0.00481283
203.476462585,0
203.499682540,0
203.522902494,0.0201435
203.546122449,0.0132017
203.569342404,0
203.592562358,0
203.615782313,0.02818
203.639002268,0
203.662222222,0.0166788
203.685442177,0.00485878
203.708662132,0
203.731882086,0
203.755102041,0
203.778321995,0
203.801541950,0.0137912
203.824761905,0.00843215
203.847981859,0
203.871201814,0
203.894421769,0.00669107
203.917641723,0
203.940861678,0.0164833
203.964081633,0.00674955
203.987301587,0
204.010521542,0.0133036
204.033741497,0.0183773
204.056961451,0
204.080181406,0
204.103401361,0
204.126621315,0
204.149841270,0
204.173061224,0
204.196281179,0