TIME,30.0463,30.3998,30.7617,31.1323,31.512,31.901,32.2998,32.7087,33.128,33.5582,33.9998,34.4531,34.9187,35.397,35.8887,36.3941,36.9141,37.449,37.9998,38.5669,39.1513,39.7536,40.3748,41.0156,41.6772,42.3604,43.0664,43.7963,44.5515,45.3331,46.1426,46.9815,47.8516,48.7544,49.692,50.6664,51.6797,52.7344,53.833,54.9784,56.1736,57.4219,58.7269,60.0927,61.5234,63.024,64.5996,66.256,67.9996,69.8374,71.7773,73.8281,75.9995,78.3026,80.7495,83.3543,86.1328,89.1029,92.2852,95.7031,99.384,103.359,107.666,112.347,117.454,123.047,129.199,135.999,143.555,151.999,161.499,172.266,184.57,198.768,215.332,234.908,258.398,287.109,322.998,369.141,430.664
0.000000000,0.00116622,0.00216601,0.00587564,0.0116345,0.0156646,0.0108051,0.0101592,0.00267873,0.00170741,0.00148231,0.00147359,0.00144574,0.00443221,0.00448387,0.00653117,0.00922204,0.00374067,0.00152958,0.00203138,0.00534865,0.00591031,0.00203232,0.00309082,0.0101015,0.013596,0.0117062,0.0110751,0.00323299,0.00182069,0.00254445,0.00166714,0.00234965,0.00391625,0.00416306,0.00535243,0.00627091,0.00274974,0.000896158,0.000709969,0.000969071,0.00258498,0.00437044,0.00168897,0.00480977,0.00928228,0.00931504,0.0144335,0.00489668,0.00114336,0.00228709,0.00258408,0.00112666,0.000722362,0.000971167,0.00224068,0.00400859,0.00459508,0.00442374,0.00337488,0.00291509,0.0016149,0.00163278,0.000624748,0.00129621,0.00494053,0.0136654,0.0248683,0.00858686,0.00222874,0.00207078,0.000945929,0.000110633,6.64815e-05,0.000594215,0.00235267,0.00611015,0.00576572,0.00810524,0.0049069,0.00131951,0.000359837
1.486077098,0.00133387,0.00216601,0.00587564,0.0116345,0.0156646,0.010989,0.0139518,0.010869,0.0186722,0.0133666,0.00246942,0.00218202,0.00532342,0.00522678,0.00687011,0.0120344,0.00947698,0.0018957,0.00203138,0.00534865,0.00766319,0.0284226,0.0562457,0.0228841,0.014391,0.011795,0.0110996,0.00323299,0.00193099,0.00279884,0.00190426,0.00258245,0.0049055,0.00956323,0.0118504,0.00961054,0.00758064,0.00588649,0.00481176,0.00258491,0.00279125,0.00690734,0.00248775,0.00508583,0.0101527,0.0131476,0.0172201,0.0267616,0.0119955,0.00593047,0.00421262,0.00179162,0.000729277,0.000971191,0.00227241,0.00427592,0.00529938,0.00533313,0.00497197,0.00412387,0.00198226,0.00389727,0.00300725,0.00343679,0.00645071,0.0143046,0.0251983,0.00873675,0.00236109,0.00311745,0.00346478,0.00464406,0.00969647,0.00771344,0.00306017,0.00646212,0.00593356,0.00825293,0.00568821,0.00274189,0.00367449
2.972154195,0.00476545,0.00640797,0.00808813,0.0117084,0.0156646,0.0111027,0.0141697,0.0115001,0.0206752,0.0134375,0.00280883,0.00714736,0.00778749,0.00566788,0.00688573,0.0120344,0.00947698,0.00198398,0.00318212,0.0120224,0.0156716,0.0418797,0.0608699,0.0230509,0.0149709,0.0170544,0.0213429,0.0115831,0.00423776,0.0031612,0.00305868,0.00265953,0.00551366,0.0148733,0.0157913,0.0152184,0.0135653,0.007108,0.00582105,0.00304603,0.00279125,0.00690734,0.00248775,0.00508583,0.0103726,0.0182953,0.0461482,0.0486691,0.0163829,0.00593047,0.00421262,0.00179162,0.000729277,0.000971191,0.00243339,0.00679381,0.00649882,0.00644061,0.00919756,0.0140368,0.039103,0.0567752,0.0144362,0.00452309,0.00645071,0.0143046,0.0251983,0.00873675,0.00236109,0.00311745,0.00346478,0.00464406,0.00969647,0.00771344,0.00306017,0.00646212,0.00593356,0.00825293,0.00568821,0.00274189,0.00367449
4.458231293,0.00480568,0.00664021,0.00879421,0.0121541,0.0157828,0.0111596,0.0141868,0.0116939,0.0213204,0.0146482,0.00463447,0.00851907,0.00808132,0.00570579,0.00699847,0.0127751,0.010687,0.00243361,0.00325297,0.0120834,0.0156905,0.0420855,0.0612305,0.0234163,0.0155406,0.0171323,0.0213441,0.0115862,0.00427958,0.00381292,0.0051712,0.00439154,0.0059216,0.0149133,0.0157927,0.0153867,0.0143762,0.00780696,0.0060676,0.0031494,0.00280097,0.0069426,0.00271076,0.00546551,0.0113017,0.0189636,0.0463505,0.0487141,0.0163985,0.00634106,0.00640016,0.00570967,0.00265815,0.00148705,0.00247516,0.00683602,0.00665182,0.00704618,0.0107344,0.0160858,0.0392992,0.0567943,0.0144699,0.00470536,0.00757934,0.0169482,0.0286635,0.0106487,0.00255672,0.00323976,0.00498002,0.00981112,0.0149292,0.0102221,0.00346139,0.0066034,0.00605741,0.00921667,0.00708162,0.003703,0.00456888
5.944308390,0.00493102,0.00732596,0.00994775,0.0130462,0.0165282,0.0114965,0.0142116,0.0117041,0.0214902,0.0152721,0.00523013,0.00882225,0.00828716,0.00580237,0.00700962,0.0127975,0.0106991,0.00244069,0.00327,0.0120915,0.0157571,0.0425624,0.0620562,0.0245108,0.0166744,0.0175438,0.0214247,0.0115899,0.00432344,0.00383837,0.00519523,0.00446655,0.00598963,0.0150904,0.015945,0.0154127,0.0143847,0.00781858,0.0060676,0.0031508,0.00280097,0.00696568,0.00299995,0.00665737,0.0124205,0.0196615,0.0466956,0.0487788,0.0163989,0.00635842,0.00642415,0.0057131,0.00269095,0.00154033,0.00247924,0.00683732,0.00665697,0.00705546,0.0107467,0.0161,0.0393148,0.0567943,0.0144775,0.00482393,0.00820759,0.0177799,0.0290829,0.0108681,0.0025903,0.00323976,0.00498655,0.00983532,0.0149395,0.0102429,0.00350051,0.00663112,0.00606693,0.00924485,0.00711922,0.00373124,0.00458885
7.430385488,0.00501672,0.00744882,0.0106368,0.013886,0.0181058,0.0135566,0.0145282,0.0119842,0.0216065,0.0152721,0.00523013,0.00882225,0.00828716,0.00585472,0.0073321,0.0132151,0.0108156,0.00262145,0.00365754,0.0125528,0.0161153,0.0428373,0.0622521,0.0251341,0.018135,0.018562,0.0218234,0.0116642,0.00441616,0.00405899,0.00585193,0.00521617,0.00628826,0.0151277,0.0159457,0.0154236,0.0144188,0.00793414,0.00632627,0.00353538,0.0032063,0.00711494,0.00313297,0.00696153,0.0130493,0.0206917,0.0477337,0.0495098,0.0166264,0.00675376,0.00706512,0.00664217,0.00400145,0.00228833,0.00277778,0.00707841,0.00685077,0.00721142,0.0108374,0.0162261,0.0393879,0.0569789,0.0149375,0.00530007,0.00944841,0.019485,0.0310168,0.0125355,0.00300889,0.00327312,0.00524933,0.0106099,0.0156503,0.0105811,0.0036783,0.00690241,0.00665913,0.0096562,0.00716624,0.00373124,0.00458885
8.916462585,0.00555626,0.00758765,0.0106615,0.0139238,0.0182885,0.0139174,0.0148178,0.0138716,0.025335,0.0160299,0.00523793,0.00902966,0.00865949,0.00614356,0.00745106,0.0132357,0.0109052,0.00275119,0.00379308,0.0128178,0.0163591,0.0430648,0.0625248,0.0252126,0.0182497,0.0187194,0.0220285,0.0132323,0.00561182,0.00425498,0.00593369,0.00541933,0.00648319,0.0152491,0.0160096,0.0154406,0.0144465,0.00823099,0.00740978,0.00484089,0.00354458,0.00713319,0.0031722,0.00730636,0.0138723,0.0210269,0.0481648,0.0506809,0.0169978,0.00677191,0.00714502,0.00696686,0.0042875,0.00269868,0.00313998,0.00731913,0.00689709,0.00724832,0.010958,0.0164004,0.0395533,0.0570424,0.0149804,0.0053416,0.00948747,0.0196191,0.0313341,0.0129667,0.00314008,0.00383364,0.00568807,0.0109699,0.0159716,0.0107461,0.00379902,0.00693864,0.00671653,0.00979954,0.00733645,0.00396831,0.00503613
10.402539683,0.00565096,0.00847705,0.0150714,0.0153575,0.0191697,0.0148731,0.0168939,0.0142163,0.0253586,0.0160299,0.0057136,0.011928,0.0102215,0.00761765,0.00934428,0.0138078,0.0111253,0.00278971,0.00379308,0.0128228,0.016783,0.0468104,0.0658569,0.0253076,0.0196497,0.02047,0.0233908,0.014364,0.00600488,0.00427856,0.00593905,0.00541933,0.00660094,0.0153621,0.0160524,0.0160646,0.0148385,0.00828184,0.00740978,0.00484089,0.00357253,0.0111435,0.0031722,0.00751611,0.0164023,0.0223582,0.0506688,0.0525804,0.0175214,0.00677329,0.00714673,0.00696686,0.0042875,0.00269868,0.00361562,0.00828711,0.00724379,0.00736273,0.0109652,0.0164004,0.0395764,0.0570567,0.0149804,0.00540856,0.0100837,0.0241523,0.0344623,0.0154535,0.00324987,0.00383364,0.00569696,0.0109699,0.0159777,0.0107505,0.00571165,0.00744639,0.00683864,0.00999143,0.00744809,0.00397354,0.00505173
11.888616780,0.00565131,0.00859482,0.0151809,0.0172642,0.02152,0.0159602,0.0173954,0.015864,0.025696,0.0163851,0.00597418,0.0123496,0.0127619,0.0102438,0.010707,0.0147921,0.0114047,0.00293177,0.00443438,0.0130184,0.016783,0.0470527,0.0677463,0.0288833,0.020934,0.0218546,0.0247064,0.016126,0.00743433,0.00488837,0.00607239,0.00681833,0.00966325,0.0183799,0.0185727,0.0177574,0.015872,0.00966991,0.00749365,0.00484089,0.00359634,0.0116281,0.00748031,0.00916878,0.0175012,0.0240058,0.0509858,0.0543752,0.0185404,0.00683794,0.00736766,0.00808514,0.0048879,0.00564347,0.00454913,0.0096777,0.0118712,0.00879415,0.01184,0.0178533,0.0398618,0.0573072,0.0183605,0.0069817,0.0114112,0.026525,0.0395044,0.0171055,0.00339947,0.00418437,0.00617479,0.0109699,0.01606,0.0109981,0.00602871,0.00952737,0.00827123,0.011983,0.00819452,0.00409594,0.00505173
13.374693878,0.00642446,0.00921211,0.0150687,0.0164639,0.0208831,0.0160273,0.0182338,0.0164361,0.0251946,0.0167415,0.00638247,0.0125674,0.0130124,0.0104108,0.0112605,0.0158972,0.0129572,0.00423701,0.0053823,0.0138641,0.0171373,0.0473233,0.0671152,0.0275327,0.0205845,0.0221702,0.0251788,0.0163412,0.00643694,0.00323643,0.00570599,0.00703932,0.0103614,0.0189521,0.0188628,0.0176381,0.016317,0.010255,0.00807917,0.0056222,0.00408022,0.0122545,0.00833406,0.00884014,0.0163262,0.0239219,0.051505,0.055219,0.019355,0.00595945,0.00561859,0.00830185,0.00511171,0.00590181,0.00497688,0.00986336,0.0115977,0.010552,0.0126235,0.0173865,0.0401077,0.0581137,0.0191095,0.00776146,0.0114291,0.0240846,0.0395266,0.0194637,0.00421486,0.00441473,0.00666856,0.0121205,0.0166708,0.0111317,0.00667955,0.0103403,0.0105909,0.013238,0.0098645,0.00558198,0.00606509
14.860770975,0.00679656,0.00935481,0.0151147,0.0156501,0.018633,0.0155909,0.0185223,0.0166462,0.0253843,0.0170826,0.00667644,0.0128061,0.0136688,0.0106465,0.0113857,0.0160543,0.013066,0.00427012,0.00539954,0.0139231,0.0174313,0.0477605,0.0680055,0.0281114,0.0202538,0.0211734,0.024749,0.0169288,0.00687673,0.00353636,0.00580668,0.00709814,0.0104524,0.0192666,0.0193565,0.0187222,0.017917,0.0108102,0.00833858,0.00582316,0.00424759,0.0126025,0.00859402,0.00923889,0.0165383,0.0232628,0.0501095,0.0548089,0.0193584,0.00597059,0.00578655,0.0085564,0.0053029,0.00609001,0.00497574,0.00995287,0.0115632,0.0104848,0.0127947,0.017612,0.0403328,0.0581346,0.0191628,0.00771141,0.0112899,0.0245162,0.0393943,0.0193797,0.00424798,0.00448743,0.00683615,0.012299,0.017065,0.0113275,0.00681515,0.0103822,0.0106664,0.0133671,0.00989854,0.00574073,0.00620853
16.346848073,0.0068113,0.00938101,0.015201,0.0151261,0.0173911,0.0149644,0.0186615,0.0184962,0.0282347,0.0198077,0.00804982,0.0134114,0.0139086,0.0103558,0.0112573,0.0166592,0.0162077,0.0102838,0.0123878,0.0175744,0.0181367,0.0480181,0.0680769,0.0272578,0.0182754,0.0206813,0.0251877,0.0175742,0.0073577,0.0036606,0.00581412,0.00729255,0.0108198,0.0195279,0.0195435,0.0188806,0.0183117,0.0111022,0.008355,0.0058339,0.00426553,0.0126827,0.0087428,0.00873092,0.0145159,0.0226275,0.0517515,0.0612608,0.025736,0.00884215,0.00717554,0.00905836,0.00538289,0.0060418,0.00582683,0.012468,0.0155141,0.014074,0.0139783,0.0176979,0.0403839,0.0584037,0.0198315,0.0078303,0.0103505,0.0231711,0.0380141,0.0190974,0.00435728,0.00457225,0.00699808,0.0125404,0.0172095,0.0113437,0.00680895,0.0101171,0.0108853,0.0143004,0.0108283,0.00633229,0.00647673
17.832925170,0.00999513,0.0123994,0.0159699,0.0151468,0.0172094,0.0116331,0.012653,0.0180562,0.0287608,0.0205093,0.0113673,0.015486,0.0148145,0.0107893,0.011441,0.016472,0.0162135,0.0103564,0.0124165,0.0176482,0.0183376,0.0486019,0.0686037,0.0280072,0.0336401,0.0449614,0.0302452,0.0172473,0.00754827,0.00427449,0.00679444,0.00865239,0.0120152,0.0201668,0.0196518,0.01891,0.0183697,0.011248,0.0104873,0.00846106,0.0059957,0.0138667,0.00942473,0.00895942,0.0143846,0.0230365,0.0547432,0.0676572,0.0299804,0.00931329,0.00731713,0.00919951,0.00546697,0.00827736,0.0131727,0.0227765,0.0245426,0.0190006,0.0153371,0.0178933,0.0408147,0.0589333,0.0208771,0.0151691,0.0204255,0.0295625,0.0378483,0.0183153,0.00444091,0.00483252,0.00743864,0.0146644,0.0196236,0.012317,0.0070695,0.0111874,0.0129286,0.0165493,0.0122343,0.00681035,0.00652015
19.319002268,0.0099557,0.0127324,0.0170556,0.0109341,0.0107254,0.00914185,0.0110548,0.0176257,0.0288687,0.0208745,0.0122394,0.016226,0.0138868,0.0104572,0.00865409,0.0135983,0.015947,0.0105065,0.0124357,0.0176451,0.0182641,0.0482737,0.0684644,0.0264868,0.0294258,0.0417807,0.0281387,0.0175749,0.00841907,0.0043102,0.00793497,0.0114941,0.0129699,0.0202111,0.0194376,0.0179375,0.0178851,0.0113734,0.0106413,0.00865647,0.00582342,0.013048,0.00972138,0.0103055,0.0167701,0.0215741,0.0479183,0.0657581,0.0298888,0.00931947,0.00733376,0.00934896,0.00571326,0.008378,0.0131014,0.0219791,0.0243764,0.0190319,0.015457,0.0182601,0.0419433,0.0623414,0.0252843,0.0164501,0.0203325,0.027107,0.0250312,0.015507,0.00453933,0.00498638,0.00752831,0.0146875,0.0199714,0.0131911,0.00714272,0.00967468,0.0122403,0.0154448,0.0121071,0.00727421,0.00673893
20.805079365,0.0103995,0.0127082,0.0160593,0.00960186,0.00973308,0.0080321,0.00966555,0.0167346,0.0284362,0.0205253,0.0120498,0.0158036,0.0129776,0.00964699,0.00672353,0.00846482,0.0133851,0.00973268,0.0119989,0.0175704,0.0182429,0.0484395,0.0683722,0.0241927,0.0269631,0.0411995,0.0278138,0.0175882,0.00856299,0.00418631,0.00783148,0.0113956,0.0120457,0.0192577,0.0175943,0.0151718,0.0167336,0.0110554,0.0104969,0.00843827,0.00507168,0.0126108,0.00943759,0.00887262,0.0136116,0.0198568,0.0474094,0.0654781,0.029284,0.0087266,0.0072785,0.00948302,0.00561864,0.00829015,0.0128585,0.0213226,0.022393,0.0154988,0.0132827,0.0175121,0.0413966,0.0616045,0.0252196,0.0163367,0.0190831,0.0238656,0.0207598,0.0130552,0.00315685,0.00338445,0.00688263,0.0147043,0.0200409,0.0128064,0.00529769,0.00694803,0.0095,0.0131589,0.0111726,0.00727303,0.00676918
22.291156463,0.010022,0.0118409,0.0152765,0.00879381,0.0092569,0.0115066,0.01446,0.017703,0.0286153,0.0214058,0.0133659,0.0162675,0.0126734,0.00993251,0.00701379,0.00867753,0.0134679,0.00950948,0.0113762,0.017357,0.0184796,0.0483592,0.0671763,0.0220667,0.0257185,0.0421236,0.034136,0.0255995,0.0132921,0.00788673,0.0104444,0.0138568,0.0127936,0.018963,0.0199773,0.0216182,0.0215147,0.0126198,0.0120461,0.00827366,0.00492139,0.0124083,0.00870589,0.00798527,0.0135265,0.0197466,0.0467665,0.0651232,0.0293108,0.00885206,0.00742786,0.0095779,0.00584948,0.00842432,0.0130784,0.0226252,0.0242174,0.0166269,0.0136607,0.0177342,0.0426042,0.0622138,0.0250728,0.0165383,0.0202951,0.0249653,0.0208131,0.0126135,0.00289849,0.00321017,0.00670026,0.0147197,0.0200486,0.0127906,0.00515983,0.00650267,0.00908692,0.0112262,0.00835876,0.00670067,0.00710889
23.777233560,0.00998235,0.0120271,0.0228548,0.0222074,0.0140916,0.010917,0.0145292,0.0179073,0.0285153,0.020732,0.012297,0.0160191,0.0119812,0.00928277,0.00765338,0.0102379,0.0138963,0.0099911,0.0115216,0.0133506,0.0135917,0.0476916,0.0671984,0.028453,0.0373193,0.0472329,0.0338753,0.0253876,0.0132921,0.00783913,0.010405,0.0137745,0.011928,0.0170638,0.0187598,0.0214163,0.0215147,0.0126197,0.0123309,0.00881754,0.00413484,0.0101644,0.009571,0.0152933,0.0206644,0.0205919,0.0459027,0.0647401,0.029424,0.00885175,0.00728291,0.00932407,0.00570381,0.00833348,0.0124511,0.0220044,0.0284246,0.0290797,0.0239485,0.0195036,0.0424989,0.0635878,0.029043,0.0189957,0.0199284,0.0239635,0.0199111,0.013079,0.00489458,0.00459248,0.00914317,0.0186834,0.0217928,0.0127773,0.00527475,0.00673702,0.00906901,0.0111211,0.00835581,0.00660784,0.00732312
25.263310658,0.0098147,0.0120271,0.0228548,0.0222074,0.0148513,0.0125785,0.0114498,0.0097339,0.0115506,0.00942242,0.0123075,0.0154875,0.01109,0.0110549,0.016343,0.018884,0.0126011,0.0097849,0.0115216,0.0133506,0.0118388,0.0213013,0.0140436,0.0156974,0.0374992,0.0493568,0.0345826,0.0254105,0.0131955,0.00758473,0.0101678,0.0135417,0.0109388,0.0116636,0.0144367,0.0243017,0.0225581,0.00995366,0.00845256,0.0072017,0.00392857,0.00762752,0.00877222,0.0151196,0.0215575,0.0207016,0.0455296,0.0432244,0.0185718,0.00520838,0.00565437,0.00865911,0.0056969,0.00833345,0.0124193,0.021737,0.0277203,0.0281703,0.0223514,0.0182948,0.0421316,0.0613233,0.0266605,0.0168551,0.0199296,0.0272788,0.0240278,0.0146088,0.0047928,0.0035458,0.00662432,0.01415,0.0121628,0.0056581,0.00456724,0.00638505,0.00890117,0.0109735,0.0075745,0.00518546,0.00400847
26.749387755,0.016734,0.015814,0.0245394,0.0225778,0.0149998,0.0134747,0.0132035,0.00961233,0.00956197,0.00938161,0.0121777,0.0112979,0.0100072,0.0118861,0.016975,0.0194969,0.0137944,0.0110199,0.0106407,0.00669594,0.00383291,0.00791668,0.00964494,0.0158774,0.0379405,0.0462368,0.0258384,0.0172849,0.0108887,0.00749231,0.00990156,0.0142091,0.0115647,0.00768304,0.012985,0.0257709,0.022569,0.0112729,0.00753504,0.00674059,0.00393153,0.00762909,0.00877222,0.0151276,0.0215568,0.0161576,0.0175113,0.0228546,0.0156796,0.00574691,0.00599898,0.00873262,0.0056969,0.00847364,0.0151629,0.0281944,0.0347999,0.0300954,0.0185722,0.00932771,0.00707384,0.0102526,0.0155811,0.0165667,0.0259038,0.0412226,0.0383473,0.0192408,0.00482605,0.00354713,0.00662432,0.01415,0.0121645,0.00569016,0.00509571,0.00825704,0.0108342,0.0118043,0.00768385,0.00520704,0.00400847
28.235464853,0.0175793,0.015782,0.0240201,0.0224317,0.0150313,0.0139891,0.014475,0.0100784,0.00907511,0.00863369,0.0111398,0.0104685,0.00990599,0.0119497,0.0169737,0.0188301,0.0129304,0.0110164,0.0117135,0.0112318,0.0119426,0.0156879,0.0141878,0.0159715,0.0379573,0.047604,0.0275329,0.0186919,0.0112688,0.00803952,0.00936625,0.0141677,0.0131607,0.00903927,0.0137133,0.0258189,0.0226716,0.0123683,0.00844913,0.00771213,0.00460366,0.00778956,0.00894693,0.0149945,0.0211049,0.0164161,0.0180568,0.0233447,0.0162383,0.00694325,0.00559993,0.00655684,0.00520633,0.0101182,0.0165438,0.0292304,0.0371174,0.03273,0.017501,0.00768539,0.00736931,0.0110713,0.0168719,0.0171435,0.0249954,0.03884,0.0358074,0.0188109,0.00651443,0.0045864,0.00574206,0.0096682,0.00752378,0.00428005,0.00602161,0.0103723,0.013809,0.012235,0.00686218,0.00471517,0.00468074
29.721541950,0.0175429,0.0168811,0.0256987,0.0244343,0.0161201,0.0141623,0.0144612,0.0117528,0.0111213,0.00854174,0.0105533,0.0101678,0.00970015,0.0118804,0.0169895,0.0188261,0.0129791,0.0112272,0.0117974,0.0112264,0.0120087,0.0166348,0.0166148,0.0186376,0.0397063,0.0479873,0.0275281,0.0192139,0.0114735,0.00801793,0.00934223,0.0140927,0.0130927,0.00886223,0.0135611,0.0258027,0.0227429,0.0125559,0.00862884,0.00771441,0.00482377,0.00838534,0.00921933,0.0144977,0.0205969,0.0159448,0.0181012,0.0239022,0.016626,0.00692588,0.00557595,0.00655341,0.00517352,0.0100649,0.0165407,0.0292353,0.0371352,0.0327575,0.0174888,0.00768787,0.00769851,0.0115068,0.0173389,0.0175366,0.0249943,0.0386071,0.0361299,0.0193337,0.00672641,0.00470818,0.00595149,0.00988839,0.00777664,0.00439253,0.00601705,0.0103586,0.0138337,0.0122158,0.00683266,0.00473601,0.00469613
31.207619048,0.0174572,0.0167583,0.0250097,0.0240709,0.0196813,0.0178812,0.0156742,0.0160201,0.0280141,0.0227454,0.014292,0.0158023,0.0164321,0.0127955,0.0167029,0.0185099,0.0128627,0.011048,0.0114289,0.010765,0.0117032,0.0167145,0.0170285,0.0180901,0.0405411,0.0502681,0.035611,0.0334038,0.0268769,0.0227007,0.0134839,0.0169775,0.0132475,0.00910969,0.0150492,0.0267235,0.0227088,0.0125145,0.00897735,0.00863997,0.00470987,0.00823609,0.00908631,0.0143629,0.0200952,0.0149146,0.0220257,0.0364419,0.0302775,0.0172067,0.0413426,0.0398125,0.00797358,0.00931688,0.0162422,0.0291434,0.0372694,0.0334458,0.0179844,0.00756181,0.00762538,0.0113222,0.0168788,0.0171481,0.0239484,0.038716,0.0532033,0.0914611,0.0808972,0.0199658,0.00634579,0.00911381,0.00706581,0.0040582,0.00585376,0.0101645,0.0134177,0.0119226,0.00679094,0.00473601,0.00469613
32.693696145,0.0225809,0.023538,0.030513,0.0362197,0.0320016,0.0227337,0.0177669,0.0148006,0.0243675,0.0219877,0.0142842,0.0155948,0.0160598,0.0125066,0.0165839,0.0184893,0.012915,0.011073,0.011352,0.0110681,0.0164352,0.0229247,0.0226629,0.0286531,0.0438769,0.0526343,0.0367372,0.0323716,0.0258211,0.0225048,0.0134022,0.0167743,0.0130526,0.00898828,0.0149853,0.0267065,0.0228052,0.0123586,0.00799539,0.00838392,0.00901508,0.0101444,0.0113106,0.0195791,0.0218814,0.0150353,0.0220921,0.0356921,0.0300112,0.017226,0.0412627,0.0395193,0.00818975,0.0104956,0.0162301,0.0289157,0.0373501,0.0334285,0.0178934,0.00768019,0.0097773,0.012707,0.0170714,0.0171066,0.0239218,0.0387415,0.053273,0.0953644,0.111774,0.0794816,0.0258024,0.0105634,0.00674454,0.00389317,0.00573304,0.0101283,0.0134234,0.0118046,0.00662243,0.00449894,0.00424885
34.179773243,0.0225169,0.0226736,0.0264085,0.0366157,0.0355176,0.0271971,0.0198113,0.0158194,0.0250282,0.0220244,0.0138085,0.0126965,0.0144978,0.0110325,0.0146907,0.0179173,0.0126949,0.0110344,0.011352,0.0110632,0.0160112,0.019179,0.0193857,0.0290715,0.0443733,0.0549825,0.0402307,0.0335621,0.0263737,0.0225227,0.0133968,0.0167743,0.0129348,0.00887532,0.0149425,0.0260825,0.0224132,0.0123078,0.00799539,0.00838392,0.00898714,0.0061341,0.0113515,0.0198008,0.0214696,0.018437,0.0250775,0.0363066,0.0301557,0.017253,0.041261,0.0395193,0.00818975,0.0104956,0.0157545,0.0279477,0.0370034,0.0333141,0.0178862,0.00768019,0.0097542,0.0126927,0.0170714,0.0172925,0.0248067,0.0379545,0.0553461,0.0959301,0.11237,0.0795739,0.0258011,0.0105634,0.00673841,0.0038888,0.00382041,0.00962051,0.0133013,0.0116128,0.0065108,0.00449371,0.00423326
35.665850340,0.0228048,0.0246319,0.0318602,0.0433799,0.0380814,0.0288885,0.0203879,0.0145784,0.0249582,0.0218294,0.0138656,0.0128062,0.0134887,0.0118507,0.0166646,0.0180507,0.0130918,0.0119474,0.0109972,0.0108862,0.0164995,0.0214171,0.022121,0.0329998,0.0500812,0.0607642,0.0429759,0.0326463,0.0249845,0.0219129,0.0132765,0.0155838,0.0107412,0.00846144,0.0156002,0.0254732,0.0217203,0.0119374,0.00820167,0.00842312,0.0097188,0.00669768,0.00859032,0.0205207,0.0239876,0.0232465,0.0302508,0.0366761,0.0302837,0.0175003,0.0411248,0.0390497,0.00873442,0.00894289,0.0165574,0.0275503,0.032566,0.0323942,0.0172285,0.00624266,0.00947968,0.0124869,0.0142025,0.0173312,0.0265234,0.0418305,0.057856,0.0976664,0.11381,0.0796106,0.0253357,0.0105634,0.00665613,0.00364125,0.00350335,0.00753953,0.0118687,0.00962122,0.00576436,0.00437131,0.00423326
37.151927438,0.0237838,0.0251717,0.031337,0.0431519,0.0393452,0.0337201,0.0247402,0.0206213,0.0294307,0.0225925,0.013646,0.012688,0.0132209,0.0122555,0.0182966,0.0203605,0.0155646,0.0144298,0.0115056,0.0103585,0.0165467,0.0213398,0.0219789,0.0330941,0.0506446,0.064264,0.049876,0.0446069,0.0317205,0.0236931,0.0136295,0.0165235,0.0109453,0.00799584,0.0152387,0.025143,0.0216953,0.0131138,0.00996459,0.00958294,0.00990057,0.0061636,0.0087406,0.0248328,0.031933,0.0307147,0.0360387,0.0418571,0.0328522,0.0179405,0.0419242,0.0395382,0.0101642,0.0098726,0.0185476,0.033283,0.0388798,0.0372119,0.0188519,0.00640402,0.00916459,0.0117207,0.0152232,0.0210511,0.0294892,0.0425763,0.0604302,0.100558,0.116568,0.0820874,0.0259055,0.0105875,0.00751803,0.00641154,0.00982603,0.0142449,0.0119717,0.00798947,0.00535267,0.00347522,0.00325814
38.638004535,0.0234152,0.0259461,0.0328203,0.0436055,0.0401252,0.0363312,0.027965,0.0229119,0.0303845,0.0235126,0.0144023,0.0129224,0.0129018,0.0120767,0.0180509,0.02154,0.0230939,0.0298806,0.0208801,0.0150242,0.0180832,0.0212654,0.0210952,0.0332196,0.0515338,0.064757,0.0548389,0.0558771,0.0407236,0.0259074,0.0137016,0.0165362,0.0109759,0.00769509,0.0150318,0.0244012,0.0207563,0.0136083,0.0116733,0.0124398,0.0129106,0.00713583,0.0090136,0.0250576,0.0319701,0.0313852,0.0388972,0.0534715,0.0483252,0.0241474,0.042442,0.0393065,0.0100499,0.00984873,0.0190834,0.0347115,0.041775,0.0388957,0.0212703,0.00734419,0.00966471,0.012236,0.0160241,0.0215521,0.0303721,0.0453997,0.0654492,0.101372,0.116562,0.0820597,0.0260455,0.0105447,0.00722696,0.00654468,0.0102339,0.0149882,0.013658,0.00929644,0.00564523,0.00341669,0.003366
40.124081633,0.0250884,0.0267738,0.0377597,0.049652,0.0495391,0.0440049,0.0329557,0.0248438,0.0294053,0.0212863,0.0141947,0.0137722,0.0150684,0.0155051,0.0200816,0.0232141,0.0218604,0.0248305,0.0143979,0.0115824,0.0174708,0.0214074,0.0220773,0.0349847,0.0547789,0.0689414,0.0566906,0.0559283,0.0407483,0.0260728,0.0138618,0.0168915,0.0120598,0.00950181,0.0163771,0.0304852,0.025015,0.0165894,0.0135611,0.0130833,0.0131781,0.0083723,0.00939759,0.0256906,0.0361463,0.0378305,0.0399181,0.048613,0.0426249,0.0214248,0.0411423,0.03898,0.0102147,0.0124532,0.030527,0.0550597,0.0503434,0.0360334,0.0202841,0.00792189,0.0101658,0.0125437,0.0171803,0.0259194,0.0375963,0.0505024,0.0682446,0.105413,0.121265,0.0834276,0.0258966,0.0108043,0.00815196,0.00783301,0.0120938,0.0200884,0.0229941,0.017399,0.012231,0.00670811,0.00407928
41.610158730,0.0233701,0.0256341,0.0379097,0.0500119,0.0498399,0.0441533,0.033126,0.0255153,0.0308654,0.0228869,0.0126304,0.0129698,0.0151626,0.0156027,0.0206138,0.024535,0.0238609,0.0276075,0.0156565,0.0117033,0.0181977,0.0220987,0.0219197,0.0350485,0.0404296,0.0424998,0.0494385,0.0587098,0.0432819,0.0329537,0.0199986,0.0168786,0.0121621,0.0100914,0.0164303,0.0307961,0.025411,0.0170321,0.0116481,0.0113727,0.013765,0.00986226,0.0102608,0.0260549,0.0369838,0.0368478,0.034811,0.0422816,0.0388561,0.0218291,0.0432197,0.0397621,0.0108622,0.0126732,0.0245731,0.0449828,0.0418757,0.0329447,0.0192803,0.00778124,0.0100368,0.0123,0.0163569,0.0192115,0.0282747,0.0442444,0.0675544,0.105903,0.121803,0.0836487,0.0257135,0.00895818,0.0060074,0.00760505,0.0127711,0.0198817,0.0214705,0.0159972,0.0111326,0.00633471,0.0045177
43.096235828,0.0244627,0.0269593,0.0403829,0.0538545,0.0557739,0.0658461,0.0580702,0.0343262,0.0320047,0.0236531,0.0125974,0.0135723,0.0164504,0.0154518,0.0208929,0.0247051,0.0240205,0.0303381,0.023187,0.018705,0.0225335,0.0239364,0.0230906,0.0359158,0.0420763,0.0442881,0.0498157,0.0587178,0.0435748,0.034721,0.0201134,0.0148583,0.0136012,0.0130434,0.0196446,0.0358695,0.0298981,0.018554,0.0119468,0.0114883,0.0140855,0.0101566,0.0105895,0.0257429,0.0367242,0.0412067,0.0406731,0.0458728,0.0417202,0.0249343,0.0461135,0.0417514,0.0134646,0.0149798,0.0252221,0.0448579,0.041969,0.0335851,0.0230209,0.0117213,0.0100937,0.0111278,0.0182138,0.0235141,0.0313845,0.0485865,0.0706491,0.107871,0.123054,0.0843391,0.027747,0.0132289,0.0108288,0.0136586,0.0184549,0.0213623,0.0215546,0.0164008,0.0117409,0.00655647,0.00492017
44.582312925,0.0435346,0.0342354,0.0411361,0.0558766,0.0649571,0.0765822,0.0598958,0.0345403,0.0320912,0.0238058,0.0127791,0.0139618,0.0164317,0.0152463,0.0209779,0.0261383,0.0263346,0.0315007,0.0237998,0.0189182,0.0229771,0.0251179,0.0233535,0.0360589,0.0437845,0.0499633,0.0553059,0.0601111,0.0447878,0.0362478,0.0206633,0.0151261,0.0137991,0.0130893,0.0197779,0.03619,0.0300238,0.0186164,0.0127584,0.0149651,0.017113,0.0115162,0.0117385,0.0259553,0.0369616,0.0439839,0.045303,0.0485312,0.0426825,0.0253657,0.0462457,0.0416946,0.0134542,0.0150655,0.0266353,0.0499852,0.0496304,0.0399122,0.0278793,0.0155134,0.0111737,0.0112545,0.0191792,0.0243983,0.0324537,0.0497767,0.0708291,0.107919,0.126136,0.091363,0.0315181,0.0138739,0.0111584,0.0140945,0.0190651,0.0224251,0.0225004,0.0167822,0.0118082,0.00739936,0.00617616
46.068390023,0.0437024,0.0351291,0.0417396,0.0563901,0.0652156,0.0732576,0.0561721,0.0365585,0.0339571,0.0236807,0.0126077,0.0142599,0.0159176,0.0146838,0.0206755,0.0260077,0.0282701,0.03516,0.0254261,0.0188151,0.0230987,0.026704,0.026307,0.0359302,0.0436339,0.0483291,0.0495821,0.0544756,0.043339,0.0346904,0.0195258,0.01273,0.0126304,0.013588,0.0167436,0.029513,0.0256989,0.0172815,0.0111991,0.0152823,0.0199536,0.0133907,0.0126237,0.0269322,0.0365424,0.043567,0.0455118,0.0491199,0.0428094,0.0251373,0.0457307,0.0412446,0.0132273,0.0150762,0.0260708,0.0484007,0.0482641,0.0391432,0.0273081,0.0167051,0.0142559,0.0135084,0.0195618,0.0235837,0.0317404,0.051123,0.0713725,0.107602,0.126018,0.0912181,0.0314459,0.0138874,0.0115585,0.0144668,0.0191441,0.0224962,0.0225976,0.0159447,0.0111543,0.00702075,0.00579568
47.554467120,0.0432105,0.0345849,0.0322499,0.0419236,0.0597303,0.0743448,0.0574678,0.0380745,0.0345651,0.0238983,0.0204495,0.0258414,0.0191362,0.0155272,0.0258437,0.0406435,0.0472675,0.0423157,0.0245619,0.0182479,0.0226867,0.0267091,0.0266238,0.030053,0.0314964,0.0428215,0.0518661,0.0587405,0.0500799,0.0384146,0.0206695,0.0139633,0.0169244,0.0199846,0.0211823,0.0407515,0.0377147,0.0185175,0.0108934,0.0146069,0.0196316,0.0132441,0.0117632,0.0195617,0.0289168,0.0419491,0.0464934,0.0564326,0.0560024,0.0357223,0.0492597,0.0424815,0.0196599,0.0260937,0.0327416,0.0507247,0.0439559,0.0266394,0.0170327,0.015119,0.0151319,0.0186454,0.0188499,0.0214785,0.0330285,0.0583341,0.084376,0.115744,0.130901,0.0982045,0.0317684,0.010475,0.0132464,0.0209744,0.0243669,0.0227034,0.0223889,0.0159207,0.0112273,0.00775019,0.0108425
49.040544218,0.0433524,0.0346678,0.0324867,0.0442018,0.0611761,0.0736606,0.0575212,0.0382305,0.0363678,0.0516464,0.0568505,0.0406329,0.0230253,0.0145126,0.0168587,0.0294581,0.0437074,0.0428083,0.0252299,0.0184017,0.0227085,0.0267431,0.0266321,0.0302225,0.0325345,0.0431781,0.0531497,0.0598582,0.0502609,0.0384146,0.0209602,0.018018,0.0206451,0.0212712,0.0194463,0.0347488,0.0329699,0.017235,0.0108433,0.0146408,0.0196316,0.0132489,0.012807,0.0244744,0.0311062,0.0384743,0.0448851,0.0563185,0.056013,0.0357223,0.0493099,0.0436946,0.0270273,0.0317676,0.0343914,0.0513151,0.0440701,0.026655,0.0171221,0.0158792,0.0156304,0.0186914,0.0188783,0.0222992,0.0346059,0.0569473,0.0802733,0.11455,0.130991,0.0982244,0.031846,0.0104985,0.013313,0.021023,0.0248785,0.023241,0.0223977,0.0159572,0.0112474,0.0078219,0.0108601
50.526621315,0.0338214,0.0268137,0.0288458,0.044392,0.062882,0.0743946,0.056082,0.0390068,0.0377428,0.0529874,0.0576609,0.0410116,0.0219921,0.0140836,0.0186191,0.0315776,0.043585,0.0422922,0.0254841,0.019229,0.0242435,0.0286436,0.0298182,0.0366376,0.0404696,0.0424115,0.0529106,0.0628961,0.0633292,0.0691673,0.0455801,0.0251239,0.0239777,0.0206822,0.0176268,0.0294436,0.0288101,0.0158584,0.012049,0.0153281,0.0201491,0.0138352,0.0144472,0.026836,0.0325298,0.0408047,0.0456628,0.0557814,0.0558526,0.0388513,0.0551955,0.0482049,0.0308627,0.0319197,0.0334214,0.0492359,0.043331,0.027679,0.0218347,0.0249808,0.0278393,0.0221093,0.0188146,0.0231185,0.0313751,0.0462801,0.0691065,0.111356,0.132316,0.100624,0.0356675,0.0166027,0.01533,0.0213874,0.02482,0.022634,0.0224225,0.0171326,0.0126894,0.010042,0.0142893
52.012698413,0.0331466,0.0266832,0.0290999,0.0451122,0.0641115,0.0803554,0.0586231,0.0389426,0.0380285,0.0565858,0.0593464,0.0432384,0.0252727,0.0152607,0.0219322,0.0358503,0.0482145,0.0493061,0.0333356,0.0190015,0.0179539,0.0220356,0.0263019,0.0386077,0.0420481,0.0431275,0.0520869,0.062697,0.0648093,0.0707435,0.0458025,0.0235755,0.0222797,0.0200484,0.0175715,0.0299111,0.0285215,0.0152993,0.0133187,0.0163987,0.0209757,0.016626,0.0161185,0.0273818,0.0335921,0.0424189,0.0472042,0.0564393,0.0572007,0.0401878,0.0561897,0.0487374,0.0308023,0.0326712,0.0372873,0.0521199,0.0416993,0.0250157,0.022585,0.0257889,0.029304,0.0233715,0.0195493,0.0232775,0.0314138,0.0465905,0.0684424,0.110447,0.130765,0.0999914,0.0362747,0.0161671,0.0163819,0.0224847,0.0246397,0.02086,0.019888,0.0175154,0.0141616,0.0125216,0.0164922
53.498775510,0.0339317,0.025189,0.0269522,0.0451824,0.0657008,0.0822139,0.0611268,0.039518,0.0397553,0.0582731,0.0598222,0.0433572,0.0253427,0.0152885,0.0221195,0.0361677,0.0484102,0.0494976,0.0338002,0.0199031,0.0181514,0.0228864,0.0250652,0.0373202,0.0414872,0.0444157,0.0551359,0.0649749,0.0669912,0.0715803,0.0486163,0.0260433,0.0240076,0.0206803,0.0181612,0.0307331,0.0299525,0.0167287,0.0141193,0.016923,0.0207943,0.0178148,0.0233646,0.0324655,0.0351965,0.0468289,0.0536875,0.0617357,0.0633214,0.0445022,0.0573394,0.049317,0.0310196,0.0326743,0.0374407,0.0526181,0.0429567,0.0262187,0.0233052,0.0261953,0.0289606,0.0235935,0.0206994,0.0240037,0.0325459,0.0484182,0.0698356,0.11121,0.131493,0.100451,0.0362722,0.0159652,0.016148,0.0226901,0.0256318,0.0217584,0.0205491,0.0181011,0.0143069,0.0190295,0.0269978
54.984852608,0.03874,0.0268121,0.029652,0.0502463,0.0651485,0.0780871,0.0607622,0.0350745,0.0238475,0.0492916,0.0644616,0.0398182,0.0192611,0.0149557,0.0226316,0.0368248,0.0493102,0.0498838,0.0341459,0.0203585,0.0183533,0.0230448,0.025262,0.0383538,0.0405352,0.0428261,0.0481196,0.0527944,0.052668,0.0598374,0.0485487,0.0230711,0.0254107,0.0236678,0.0195549,0.0314906,0.0308391,0.0178025,0.0144299,0.0160376,0.0211173,0.018253,0.023661,0.0337163,0.0385312,0.0488086,0.0495109,0.0487288,0.0496479,0.0348946,0.0223892,0.0209861,0.0359945,0.0354733,0.0378533,0.0536311,0.0438702,0.025928,0.0228888,0.0268238,0.0296953,0.0242311,0.0226157,0.0268651,0.0348394,0.0475592,0.0529235,0.0391481,0.0581886,0.0865015,0.0382901,0.0180136,0.0162195,0.0228093,0.0261736,0.0228308,0.0209245,0.0181623,0.0146465,0.019309,0.0271744
56.470929705,0.0346278,0.0208962,0.0259648,0.0412059,0.0541329,0.0730047,0.0589163,0.0353451,0.0247356,0.0515498,0.0670949,0.0404666,0.0197014,0.0159972,0.0232339,0.0370083,0.0503044,0.0509611,0.0344574,0.0202678,0.0147874,0.0175135,0.0207673,0.0312214,0.0414927,0.0420796,0.0483906,0.05466,0.0542969,0.0608584,0.0501718,0.0246485,0.0273309,0.0275613,0.0243269,0.0342332,0.0312205,0.0182508,0.0149675,0.0158107,0.0181758,0.0185025,0.0221645,0.029396,0.0380661,0.0501179,0.0493905,0.0485526,0.0498977,0.0353055,0.0230244,0.0223844,0.0373542,0.0348688,0.0383246,0.0549081,0.0453225,0.0280342,0.0254478,0.0277382,0.0277255,0.023663,0.0238346,0.0280152,0.0363933,0.0498467,0.0543191,0.0355274,0.0282317,0.0287504,0.0191243,0.0163597,0.016534,0.0234257,0.0269446,0.0250526,0.0231808,0.0191635,0.015546,0.0213519,0.0289673
57.957006803,0.0377705,0.0222988,0.0265387,0.0398495,0.0517557,0.0709165,0.0588494,0.0364976,0.0245133,0.0518906,0.0673209,0.0405832,0.0197491,0.0160363,0.0242727,0.0440372,0.0612994,0.0626411,0.0408281,0.0233369,0.0162462,0.0177196,0.0214631,0.0326138,0.041522,0.0390174,0.0455495,0.0548933,0.0559756,0.062856,0.0505464,0.0246485,0.027487,0.0290976,0.0289282,0.0397003,0.0351651,0.0226204,0.0184762,0.0175732,0.0186298,0.018824,0.022673,0.029646,0.0365892,0.0470889,0.0492346,0.0509169,0.0524287,0.0378648,0.0240491,0.0230724,0.0390037,0.0390992,0.0434214,0.0599929,0.0491607,0.0295117,0.0267858,0.0289155,0.0281474,0.0241425,0.0242113,0.0288645,0.0388451,0.0484353,0.0504376,0.0332281,0.0303447,0.0312315,0.0198509,0.0171441,0.0173843,0.0244548,0.0278328,0.0272078,0.0262014,0.0212039,0.0170084,0.0228052,0.0298553
59.443083900,0.0388494,0.0202685,0.0210251,0.031233,0.0469582,0.0684188,0.0612028,0.04103,0.0266627,0.0520593,0.0670491,0.0401435,0.0182912,0.0131523,0.0212581,0.0430578,0.0611745,0.061622,0.0405953,0.0236063,0.0161313,0.015478,0.0170854,0.0255251,0.0349067,0.0354781,0.049964,0.0613126,0.0582282,0.0632853,0.050723,0.024605,0.0266865,0.0266085,0.0258809,0.0386244,0.0349115,0.0220695,0.0194449,0.0208527,0.0192251,0.0183606,0.0215068,0.0281184,0.0350444,0.043019,0.0448363,0.0491663,0.0518069,0.0391548,0.0258328,0.0232244,0.0384689,0.0381701,0.042194,0.0622816,0.0577521,0.036617,0.0277111,0.0289484,0.0281365,0.0241286,0.0238322,0.0277885,0.0362554,0.0427756,0.0458335,0.0352298,0.0351802,0.0356919,0.0221529,0.0178064,0.0174969,0.0249546,0.0297574,0.0301133,0.0282691,0.021335,0.0170084,0.0228052,0.0298553
60.929160998,0.0372677,0.0191993,0.020914,0.0315588,0.0459383,0.0653907,0.0591765,0.0358783,0.0251987,0.0527784,0.0668208,0.0400012,0.0183905,0.0123291,0.0207486,0.0454052,0.0607724,0.0588709,0.0394466,0.0235508,0.0160424,0.0152604,0.0169261,0.02531,0.0352197,0.0341114,0.0464563,0.0510795,0.0517807,0.0612383,0.0503517,0.0240228,0.0261575,0.0268373,0.0264697,0.0389603,0.0345478,0.0206771,0.0199017,0.0225127,0.0199859,0.0182775,0.0209249,0.0252028,0.0289993,0.0371246,0.0406088,0.0444121,0.0482369,0.0380567,0.0248338,0.0220725,0.0367867,0.0369668,0.0397004,0.0560389,0.0520249,0.0373634,0.0332723,0.031516,0.0281509,0.0241554,0.0224238,0.023794,0.0325953,0.0419683,0.0441824,0.0315701,0.0318336,0.0330787,0.0212912,0.0166725,0.0160475,0.0220514,0.0227715,0.0225248,0.0257862,0.0237393,0.0175317,0.0222494,0.0298173
62.415238095,0.0375173,0.0186347,0.0193143,0.0312511,0.0458273,0.0646988,0.0587154,0.0346772,0.0240947,0.0515716,0.0658086,0.0395661,0.0189498,0.0139245,0.0215064,0.0446544,0.062065,0.0615332,0.0400112,0.0198398,0.0143419,0.0148889,0.0170446,0.0244782,0.0342033,0.0347554,0.0429399,0.040475,0.0438213,0.0605764,0.0510191,0.0240585,0.0261451,0.0288075,0.0324636,0.0478257,0.0402805,0.0216563,0.0179336,0.0194549,0.0168112,0.0169868,0.020415,0.0244107,0.0282156,0.0373252,0.0398487,0.0360467,0.0377268,0.0365207,0.0257617,0.0220497,0.0378901,0.0406398,0.0449751,0.0597697,0.051628,0.0357414,0.0306827,0.0303503,0.0274389,0.0236291,0.0215743,0.0232534,0.0319496,0.0397055,0.0426937,0.0380373,0.0409138,0.039037,0.0229693,0.0165368,0.016781,0.0242114,0.0256583,0.023824,0.0245659,0.0224557,0.0176442,0.0228176,0.0299289
63.901315193,0.0359828,0.0178016,0.0145173,0.0253152,0.0361166,0.0574935,0.0550811,0.0321061,0.0277751,0.0698975,0.0844538,0.0437319,0.0169497,0.0104926,0.0194534,0.0429927,0.0611223,0.0620041,0.0404386,0.0196397,0.0142657,0.0145378,0.0188772,0.0291185,0.0343768,0.0309791,0.0415442,0.0400855,0.0433157,0.0602867,0.0508616,0.0252721,0.0299783,0.0305974,0.0314039,0.041714,0.0361033,0.0191318,0.0164023,0.0189233,0.0166275,0.0156733,0.020608,0.0255027,0.0252922,0.031481,0.0379803,0.0349649,0.0373592,0.0364258,0.0257234,0.0226983,0.0399978,0.0396972,0.0328716,0.0368872,0.0391126,0.0350491,0.0305588,0.0298327,0.0269413,0.0230983,0.0213979,0.0227982,0.0275194,0.0353458,0.0409162,0.0344195,0.0361015,0.0378415,0.0233813,0.016114,0.0160433,0.0234544,0.0238146,0.0183925,0.014571,0.0133632,0.0101287,0.019014,0.0290348
65.387392290,0.0385967,0.0171658,0.0136888,0.0251326,0.0365667,0.0587378,0.0567632,0.0335446,0.0277064,0.0686267,0.0837983,0.0429174,0.0159496,0.0102719,0.019979,0.0433629,0.0612192,0.0610132,0.0399205,0.0209116,0.0149691,0.0139315,0.0188948,0.0287426,0.0333593,0.0316289,0.041367,0.0388164,0.0420084,0.0556268,0.0464432,0.0250412,0.0291767,0.0299316,0.032843,0.0433635,0.037726,0.020373,0.017018,0.0189146,0.017126,0.0164982,0.0217859,0.0262286,0.0253682,0.0325937,0.0408809,0.0365578,0.038994,0.0389023,0.0274829,0.0253764,0.0405158,0.0373492,0.0318355,0.0385045,0.0411808,0.0358825,0.0328704,0.0356974,0.0343208,0.0254261,0.0211758,0.0225227,0.0275095,0.0357219,0.0418332,0.0357555,0.037219,0.0404321,0.0269511,0.0234585,0.0245697,0.0286326,0.0254374,0.0202097,0.0165231,0.0148764,0.0109857,0.019568,0.0288314
66.873469388,0.037499,0.0153731,0.0100124,0.0212696,0.0320985,0.0388743,0.0322873,0.0253262,0.0268255,0.0675475,0.0829593,0.0415398,0.0141799,0.00949996,0.019923,0.0432395,0.061193,0.0588103,0.0330445,0.0141544,0.0104713,0.011705,0.017837,0.0284632,0.0330139,0.0311843,0.0409634,0.0378839,0.0410215,0.0539382,0.0452842,0.0243159,0.026795,0.0269784,0.0297793,0.0386542,0.0335759,0.0189422,0.016714,0.0187537,0.0170421,0.0162535,0.0211412,0.025554,0.0240372,0.0289991,0.035436,0.0333822,0.0368301,0.036112,0.0246066,0.0233191,0.0377491,0.0352153,0.0314422,0.0387711,0.0415259,0.0355839,0.0292958,0.0314734,0.0331469,0.0232679,0.0150682,0.0172948,0.0251032,0.0325379,0.0396134,0.0339218,0.0358342,0.039696,0.0248477,0.0191685,0.0194632,0.0220294,0.0201779,0.0193316,0.0170364,0.0149193,0.0107,0.0191582,0.0282862
68.359546485,0.0179802,0.00778799,0.00968818,0.019942,0.0226448,0.0291203,0.0329068,0.0262759,0.0267573,0.0672582,0.0826727,0.0409688,0.0139871,0.00943774,0.0201087,0.0422168,0.0594864,0.0577036,0.0323724,0.0137388,0.00991087,0.0103556,0.0181079,0.0289365,0.0316757,0.0276509,0.0387486,0.0371621,0.0397242,0.0522359,0.0444118,0.0241658,0.0268007,0.0268182,0.0295174,0.0384807,0.0336187,0.0188523,0.0158519,0.0152079,0.0138969,0.0151434,0.0211107,0.0262216,0.0238549,0.0279246,0.0342687,0.0318205,0.0358486,0.0356304,0.0244114,0.0232403,0.0377029,0.0350488,0.030259,0.0344094,0.0338384,0.029137,0.0243532,0.0276467,0.0320056,0.0231367,0.0146704,0.0172277,0.0246477,0.0331164,0.0419478,0.0343544,0.0330619,0.0331605,0.0213084,0.0184651,0.0190641,0.0215238,0.019502,0.0181531,0.0160212,0.0144913,0.0105749,0.0182625,0.026979
69.845623583,0.0178003,0.0068354,0.00900221,0.0195765,0.0233997,0.0339218,0.0396216,0.0276068,0.0255934,0.066543,0.0814574,0.0397035,0.0137054,0.00933931,0.0200243,0.0425479,0.057884,0.0545953,0.0310182,0.0137505,0.00938954,0.00853324,0.0150653,0.0290093,0.0323297,0.0302751,0.0432516,0.0374303,0.0369606,0.0499225,0.0422158,0.0221572,0.0252709,0.0258917,0.0288372,0.0375856,0.0342935,0.0194331,0.0156581,0.0145925,0.0108506,0.0130876,0.019997,0.0249157,0.0241494,0.0303595,0.0415277,0.0353722,0.0362957,0.0356698,0.0244114,0.0232403,0.0375398,0.0345746,0.0298106,0.0344731,0.0350702,0.0302884,0.0242683,0.0254071,0.0275496,0.0201039,0.0139506,0.0170962,0.0240267,0.032497,0.0484919,0.0377117,0.0335952,0.0331556,0.0212829,0.0184183,0.0186436,0.021136,0.0193061,0.0190471,0.0173984,0.0157239,0.0107021,0.018104,0.026853
71.331700680,0.0176057,0.00678938,0.00882959,0.0196404,0.024548,0.0368019,0.0423477,0.0277026,0.0252721,0.0663254,0.0736155,0.0281221,0.0104868,0.00847317,0.0140593,0.0265488,0.0389828,0.0471826,0.0310335,0.0136467,0.009331,0.0084277,0.0146071,0.0282286,0.0334771,0.0344454,0.0466808,0.0367593,0.0314276,0.0463382,0.0410721,0.020918,0.0209722,0.0194952,0.0243985,0.0263831,0.0225606,0.0185846,0.0157544,0.0145983,0.0108032,0.012963,0.0198044,0.0250351,0.0257424,0.0346203,0.045192,0.0309907,0.0239433,0.0251806,0.0208824,0.0220034,0.0310555,0.0234394,0.023078,0.0319412,0.0348864,0.0302884,0.0242559,0.0252176,0.0262684,0.0129996,0.0106543,0.0168161,0.0237766,0.0291671,0.0410757,0.032418,0.0280383,0.0250361,0.0185345,0.0178158,0.0151577,0.0145427,0.0139336,0.0184406,0.0173703,0.0157239,0.0106218,0.0173113,0.0214199
72.817777778,0.0201686,0.0146253,0.0130716,0.018527,0.0238128,0.0381891,0.0419122,0.0277383,0.0236467,0.0380247,0.0362529,0.0136201,0.00667088,0.00740325,0.016621,0.0306755,0.0397841,0.0466754,0.0303691,0.0134929,0.00966484,0.00881516,0.0161967,0.0293832,0.0356793,0.0371606,0.0500414,0.0360825,0.031233,0.0463382,0.0407814,0.0168633,0.0172515,0.0187063,0.0258101,0.0297158,0.0261483,0.019206,0.0157678,0.014569,0.0108032,0.0129583,0.0187923,0.0207194,0.024427,0.0393818,0.047631,0.0316914,0.0244086,0.0251806,0.0208322,0.0207903,0.023688,0.017779,0.0218299,0.0327276,0.0358593,0.0310333,0.0242257,0.0244574,0.0257698,0.0129536,0.010626,0.0161775,0.0222088,0.0302333,0.0455621,0.0344666,0.0283574,0.0250162,0.0184569,0.0177923,0.0150912,0.014502,0.0135765,0.0186359,0.018001,0.0159426,0.0106079,0.0172396,0.0214022
74.303854875,0.019476,0.014532,0.0132984,0.0195652,0.024956,0.0439103,0.0465704,0.0276788,0.0223761,0.0366536,0.0352384,0.012913,0.00657018,0.00735539,0.0151221,0.0319005,0.0417465,0.0476329,0.0307279,0.0154861,0.0108139,0.0162515,0.0199567,0.0259485,0.0278785,0.0358485,0.0494518,0.0334437,0.0184472,0.015423,0.0164311,0.0109019,0.0138798,0.0192514,0.0258193,0.028171,0.0247729,0.0188711,0.0145465,0.0138817,0.0102827,0.012548,0.0218375,0.0204367,0.0228582,0.0370443,0.0490172,0.0312565,0.0231549,0.0217802,0.0184041,0.0309757,0.0330895,0.0207788,0.0200251,0.0287523,0.0347663,0.0298117,0.0198665,0.0145735,0.0116956,0.0146115,0.0148795,0.0157404,0.0204544,0.0335213,0.0461184,0.0344509,0.0272055,0.0226384,0.0146801,0.0126767,0.0164827,0.0161068,0.0135377,0.0194632,0.0225099,0.0181075,0.00953845,0.0150123,0.0179731
75.789931973,0.020713,0.0171965,0.0135191,0.021907,0.0321016,0.0498918,0.0478069,0.0294955,0.0240898,0.0354888,0.0347082,0.0122065,0.00526239,0.00814846,0.0139555,0.0301131,0.0395113,0.0418369,0.0221009,0.0111194,0.00897491,0.0148864,0.0186485,0.0236686,0.0261611,0.0347909,0.0507433,0.0361802,0.0218829,0.0158196,0.0158862,0.0115457,0.0141178,0.0187678,0.025507,0.0276852,0.0244842,0.0189505,0.01441,0.0178934,0.0204695,0.0135092,0.0214358,0.0213175,0.0222587,0.0352177,0.0474427,0.0317064,0.0215739,0.0193047,0.0168172,0.0311772,0.0327259,0.0178954,0.015915,0.0277513,0.035314,0.0323122,0.0224442,0.0141118,0.0105828,0.0134883,0.0138552,0.0153586,0.0203753,0.0330562,0.0461548,0.0342175,0.028585,0.0233123,0.0140245,0.0133971,0.0151842,0.0141077,0.012882,0.0199846,0.0222204,0.0163325,0.00752588,0.0128458,0.0152093
77.276009070,0.0205838,0.0173891,0.014922,0.0233691,0.0336445,0.0504466,0.0465438,0.0276853,0.0207118,0.03366,0.0355564,0.0127055,0.00600184,0.00919001,0.0153524,0.0316665,0.0402573,0.0417194,0.0217367,0.0105638,0.00916202,0.0130334,0.0168248,0.0219839,0.0239631,0.0327479,0.0480634,0.0345286,0.0232748,0.0216969,0.0186439,0.0126967,0.0143493,0.0195784,0.0267695,0.0288544,0.0255745,0.0181653,0.0138513,0.0176907,0.0205434,0.0125393,0.0159699,0.0182109,0.0237306,0.0317005,0.0411724,0.027273,0.0184723,0.018218,0.0175623,0.0321152,0.0345005,0.0204717,0.0174833,0.0283294,0.0346677,0.0315036,0.0221555,0.0144395,0.0115635,0.0161511,0.0211686,0.026852,0.0274366,0.03531,0.0461409,0.0343401,0.0284943,0.0233284,0.0148384,0.0151314,0.0167801,0.0148171,0.0124313,0.0192839,0.0215535,0.015738,0.00768263,0.00649182,0.0048777
78.762086168,0.0188253,0.0266343,0.0207547,0.0183179,0.0293071,0.0499779,0.0477871,0.0309998,0.0211865,0.0289992,0.0272419,0.0106253,0.00548428,0.00906585,0.0152768,0.0310236,0.0402117,0.0445134,0.0250884,0.0143729,0.0120983,0.0136404,0.0167975,0.0216158,0.0230205,0.0330003,0.0555383,0.0445453,0.0282869,0.0206906,0.0145155,0.0121406,0.0125582,0.0164284,0.0243259,0.0289312,0.0285275,0.0201925,0.0137317,0.0175084,0.0207101,0.0132041,0.0158479,0.0168888,0.0203784,0.0298653,0.0410127,0.0288308,0.0200931,0.0172909,0.0162754,0.0290324,0.0346147,0.0250165,0.0208325,0.0287669,0.0344276,0.0331201,0.0248122,0.0158601,0.014494,0.0187087,0.0208287,0.0244088,0.0263861,0.0391058,0.046971,0.033851,0.0277999,0.0225418,0.0130464,0.0134167,0.0171212,0.0163633,0.0124232,0.0200408,0.0255254,0.0181249,0.00835768,0.00671096,0.00550583
80.248163265,0.0173034,0.025738,0.0191371,0.0154231,0.0281351,0.0499619,0.0472569,0.0301191,0.0204933,0.0276955,0.0309678,0.0173078,0.00732565,0.00843951,0.0167293,0.0330406,0.0397633,0.0442139,0.0260636,0.0144068,0.0108933,0.0128727,0.0154019,0.0181158,0.0186355,0.0317401,0.0615524,0.0550533,0.0323927,0.0205567,0.0156642,0.0129763,0.0111695,0.0135583,0.0218071,0.0277248,0.0288315,0.0202845,0.0132574,0.0167029,0.0192474,0.0116628,0.0155719,0.016287,0.0203691,0.0308938,0.0437524,0.0311003,0.0203371,0.0170185,0.0162434,0.0304533,0.0374611,0.0266393,0.0205911,0.0278885,0.0333861,0.03195,0.023155,0.0149221,0.0142045,0.0179146,0.0194707,0.0235072,0.0253938,0.037444,0.0473395,0.0371084,0.0334574,0.0252339,0.0133903,0.013535,0.0171676,0.0160005,0.0119389,0.0181521,0.0235548,0.0172822,0.00799162,0.00549232,0.00406727
81.734240363,0.0151466,0.0246237,0.0187499,0.0152562,0.0303251,0.0623601,0.0559094,0.0342765,0.0223676,0.0276036,0.0314712,0.0209119,0.011326,0.0103118,0.0164198,0.0260117,0.0287683,0.0325937,0.0197025,0.0113377,0.00943444,0.0126666,0.0150683,0.0184394,0.01793,0.0308261,0.0598215,0.0542359,0.0325506,0.019922,0.0159485,0.0152236,0.0189973,0.0179854,0.0176188,0.0222577,0.0248869,0.0159148,0.0100365,0.0151993,0.0188182,0.0113412,0.0150693,0.0159831,0.0216272,0.0306603,0.0388283,0.027112,0.0211118,0.0191408,0.0159326,0.0297941,0.0358116,0.0240876,0.0183307,0.0240788,0.0295628,0.0304726,0.0218259,0.013783,0.0138037,0.017523,0.0191228,0.0225662,0.0223574,0.0367829,0.0468307,0.0367511,0.0318898,0.037589,0.0336789,0.0203064,0.0163942,0.0149714,0.0110507,0.0159969,0.0205342,0.0152418,0.00652923,0.00406653,0.00325359
83.220317460,0.0149594,0.0256837,0.0191157,0.0157506,0.031145,0.0624156,0.0526396,0.0296909,0.0200596,0.0272815,0.0314269,0.020847,0.011255,0.00975142,0.0160978,0.0258734,0.0283411,0.0343439,0.0252211,0.015651,0.0102256,0.0126825,0.0148213,0.0184701,0.0204152,0.0328991,0.06023,0.0517744,0.0314469,0.0196622,0.0163234,0.0152846,0.018929,0.0178705,0.0174881,0.02225,0.0247999,0.0154481,0.00929245,0.0158366,0.0224888,0.0124419,0.0148875,0.0154764,0.0204671,0.0301864,0.045652,0.0393789,0.0249714,0.0180612,0.0141085,0.0289935,0.0352013,0.0236246,0.0178216,0.0207969,0.0207814,0.0228557,0.0206836,0.0137348,0.0138037,0.0177521,0.0206186,0.0222669,0.0228874,0.0383319,0.0450115,0.0355617,0.0368278,0.0370737,0.0313947,0.0196463,0.0162816,0.0144715,0.00912619,0.0130914,0.0184664,0.0151107,0.00652923,0.00406653,0.00326372
84.706394558,0.023848,0.0367907,0.0212104,0.0154887,0.0308419,0.0606128,0.0502342,0.0294789,0.0196696,0.0310729,0.0367186,0.0230277,0.0114091,0.0093935,0.0140036,0.020111,0.026613,0.0417404,0.0385563,0.0262038,0.0127383,0.0138578,0.0176881,0.019947,0.0211441,0.0320091,0.056527,0.049676,0.0330235,0.0248178,0.0191551,0.0146725,0.0185518,0.0174989,0.0168168,0.0216888,0.0250831,0.0157187,0.00687764,0.0122818,0.0210775,0.0134033,0.018414,0.0197268,0.0215755,0.0305815,0.0484847,0.0439618,0.0277799,0.0189364,0.0154892,0.0298726,0.0352478,0.0236246,0.017805,0.0206395,0.0307556,0.0597404,0.0567586,0.0194429,0.0141112,0.0184299,0.0210662,0.026427,0.0284674,0.0380393,0.044926,0.0386392,0.0379905,0.0370794,0.0320251,0.0220154,0.0184712,0.0157799,0.00917881,0.0131736,0.0194243,0.0134986,0.00472402,0.00994286,0.0180072
86.192471655,0.023614,0.036359,0.0211564,0.0153144,0.0309746,0.0621642,0.0516232,0.0302484,0.021145,0.0333233,0.0386804,0.0238771,0.0106582,0.00770694,0.013221,0.0192785,0.0176564,0.0235942,0.028604,0.0252582,0.0126781,0.013844,0.0174935,0.0199553,0.0218273,0.0329183,0.0583023,0.0520325,0.0341538,0.0246234,0.0191638,0.0148642,0.018501,0.015503,0.0105113,0.0124245,0.0184556,0.0135007,0.00691417,0.0123276,0.0210962,0.0133659,0.0183785,0.019742,0.0218283,0.0311867,0.0494073,0.0440655,0.0256055,0.0162003,0.0149665,0.0302461,0.0341174,0.0197818,0.0119706,0.0153307,0.0281103,0.0595221,0.056793,0.0194977,0.0141305,0.0184135,0.0210501,0.0265012,0.028481,0.0382192,0.0432366,0.0331991,0.0307544,0.0322755,0.0304952,0.022016,0.0176495,0.013291,0.00575125,0.0111346,0.018933,0.013372,0.00430943,0.00932836,0.0176497
87.678548753,0.0238712,0.0363595,0.0212235,0.0160526,0.0332703,0.0646401,0.0523355,0.0300144,0.0156737,0.0146548,0.0190223,0.0182655,0.0102695,0.00867203,0.0175259,0.0261311,0.023044,0.0259041,0.0293112,0.0255174,0.0126612,0.0137956,0.0147171,0.0140986,0.0200821,0.0346823,0.0594053,0.0533524,0.0348578,0.0246714,0.0193251,0.0132615,0.0132577,0.012239,0.0130548,0.0198614,0.0272139,0.0173354,0.00713123,0.012235,0.0209944,0.0133628,0.0176792,0.0185536,0.0235226,0.0357717,0.0523127,0.0446363,0.0257037,0.0162726,0.0149155,0.029422,0.0317909,0.0181905,0.0125535,0.0178859,0.0322582,0.0634722,0.0589538,0.0198692,0.0140759,0.0183674,0.0194016,0.0229662,0.0284846,0.0435355,0.0492927,0.0370624,0.03207,0.0322404,0.0300701,0.0219379,0.0173178,0.0127345,0.00564952,0.0111297,0.0188342,0.0132633,0.00430943,0.00924896,0.0175624
89.164625850,0.0252883,0.0394233,0.023829,0.0190282,0.0380639,0.0667638,0.0505678,0.0281385,0.0140947,0.0139182,0.018419,0.0188563,0.0123388,0.0109967,0.0184465,0.0256293,0.0210167,0.0242034,0.0297172,0.027495,0.0165937,0.018968,0.0177363,0.0146824,0.0220053,0.0369661,0.0599318,0.0536389,0.0358049,0.0244129,0.0180773,0.0129219,0.0136984,0.01427,0.0168263,0.0231925,0.0277947,0.0173265,0.00728946,0.0128227,0.0201817,0.0111131,0.0155438,0.0179273,0.0239347,0.0363248,0.0519336,0.0450969,0.0261468,0.0152409,0.0131703,0.0284469,0.0331679,0.0203666,0.0153101,0.0236099,0.0385846,0.0654546,0.0575797,0.0144882,0.00705854,0.0160978,0.0194554,0.0240889,0.032788,0.0508353,0.0560021,0.0402422,0.0321378,0.029559,0.026315,0.0143988,0.00867668,0.00748596,0.0056338,0.0130174,0.0224296,0.0173693,0.00719373,0.00983117,0.0182783
90.650702948,0.0255457,0.0393576,0.0236278,0.0184152,0.0373215,0.0672349,0.0523914,0.0285093,0.01392,0.0143429,0.0202545,0.0208335,0.0126868,0.011069,0.0183565,0.0258742,0.0209745,0.025227,0.0328392,0.0309886,0.018554,0.0192949,0.017563,0.0141967,0.0230671,0.0395891,0.0607299,0.0534661,0.0355656,0.0243716,0.0185606,0.0137127,0.0139622,0.0145229,0.0165499,0.022844,0.027856,0.0194301,0.0125735,0.0180446,0.0227928,0.0113408,0.0154891,0.0175713,0.0233346,0.0367861,0.0529885,0.0450955,0.0254617,0.0149199,0.0131698,0.0284347,0.0329652,0.0201981,0.0149369,0.0233735,0.0386184,0.0663176,0.0597164,0.0165572,0.00807763,0.0163257,0.0194848,0.0239347,0.0323011,0.050786,0.0570663,0.0405696,0.0321567,0.0296254,0.0266824,0.0159057,0.0109814,0.00897402,0.00573434,0.0124359,0.0219709,0.0171009,0.0072495,0.00996021,0.0186143
92.136780045,0.0255457,0.0392764,0.0228479,0.0195913,0.0436847,0.0741315,0.0530522,0.0272833,0.0138048,0.0144077,0.0202545,0.0208335,0.0126868,0.011093,0.0185645,0.025804,0.0203861,0.0251663,0.0328392,0.0313452,0.018751,0.0191984,0.0168403,0.0144534,0.0240134,0.0392452,0.0653139,0.0586676,0.0366004,0.0244567,0.0186726,0.0134107,0.013598,0.0145229,0.0165499,0.0234581,0.0290251,0.0198459,0.0125865,0.0182701,0.0229382,0.0110422,0.0143708,0.0167463,0.0279776,0.0420606,0.0558959,0.0477678,0.0262623,0.0149199,0.0131698,0.0284347,0.0329652,0.0201981,0.0146646,0.0227775,0.038986,0.0665133,0.0597164,0.0165572,0.00823647,0.0164884,0.018899,0.0232708,0.0343739,0.0553018,0.0616383,0.0456782,0.0364798,0.0302547,0.026436,0.0159057,0.0109814,0.00897402,0.00573434,0.0124359,0.02212,0.0175109,0.00753082,0.00996021,0.0186143
93.622857143,0.0257999,0.0400992,0.0236829,0.0200636,0.0427289,0.0691919,0.0454658,0.0233874,0.0137203,0.0147118,0.0202855,0.0209156,0.0129749,0.0117459,0.0192457,0.025705,0.0196451,0.0241302,0.0324206,0.0313009,0.0187565,0.019449,0.0196112,0.0230303,0.0285666,0.0369512,0.0590657,0.0551033,0.0357398,0.0243829,0.0191992,0.0138572,0.013691,0.0146397,0.0167379,0.0233977,0.0273289,0.0187177,0.0123411,0.0182653,0.0230545,0.0110885,0.0146247,0.0179753,0.0297033,0.0416023,0.0506102,0.0447095,0.0258414,0.0150413,0.0134449,0.0286797,0.0330437,0.0205978,0.0160478,0.0238723,0.0378381,0.0649474,0.0595662,0.0165585,0.00823749,0.0167419,0.0195189,0.0249314,0.0358102,0.0557208,0.0560389,0.043309,0.0361581,0.0302603,0.0265589,0.0159941,0.0109843,0.00898721,0.00576666,0.0113421,0.0211299,0.0169481,0.00755285,0.0102926,0.0186679
95.108934240,0.025816,0.0401213,0.0252256,0.0232814,0.0436186,0.0658555,0.0414254,0.0215723,0.0134336,0.0147118,0.0202855,0.0209156,0.0129749,0.0117459,0.0192421,0.0254423,0.0190052,0.023988,0.0326688,0.0315377,0.0188135,0.0199994,0.0212268,0.0242437,0.0274895,0.0325386,0.0532509,0.0515059,0.0345587,0.0242431,0.0191992,0.0138572,0.013691,0.0146397,0.0167379,0.0233618,0.0270841,0.0184611,0.0123838,0.0183119,0.0230625,0.0110893,0.0157566,0.0203692,0.0294291,0.0381618,0.0470705,0.0418853,0.0248845,0.0149455,0.0134449,0.0286797,0.0330437,0.0205978,0.0160478,0.0238723,0.0378381,0.0650267,0.0597755,0.0167038,0.0083153,0.0168175,0.0196214,0.0252357,0.035514,0.0525253,0.0507421,0.0396864,0.034811,0.0301418,0.0272334,0.0169456,0.0113282,0.00898896,0.00576666,0.0113421,0.0211299,0.0169481,0.00757284,0.0103458,0.0187031
96.595011338,0.0233001,0.0330475,0.0217145,0.02273,0.0448132,0.0677114,0.0432923,0.0216301,0.0133897,0.0146897,0.0202408,0.0204213,0.0129017,0.0113237,0.0166736,0.0211751,0.0176431,0.0239493,0.0326686,0.0315377,0.0184578,0.019578,0.0196511,0.0230783,0.0243009,0.0301311,0.0507161,0.051912,0.03456,0.0242431,0.0191992,0.0138572,0.013691,0.0141419,0.0148874,0.0198068,0.0223669,0.0167979,0.0121971,0.0183073,0.0230625,0.0110893,0.0157251,0.0197261,0.0276964,0.0344518,0.0446218,0.0413612,0.0245097,0.0149581,0.0134449,0.0286797,0.0330437,0.0205843,0.0156462,0.0224955,0.0367511,0.0642663,0.0597164,0.0167038,0.0083153,0.0168175,0.0196234,0.0251059,0.0342168,0.0499633,0.046986,0.0377576,0.0346016,0.0301419,0.0272334,0.0169456,0.0113282,0.00898106,0.00561215,0.0106091,0.0204904,0.0166929,0.00756664,0.0103458,0.0187031
98.081088435,0.0231852,0.0330696,0.0214171,0.025597,0.0544599,0.0708054,0.0401531,0.0204542,0.0132707,0.0147162,0.020251,0.0200465,0.0161904,0.0194973,0.0225723,0.0184453,0.0148787,0.0223425,0.0318769,0.0288292,0.0158077,0.0110498,0.0178511,0.0271735,0.0278588,0.0331049,0.0508444,0.0513747,0.0342804,0.0241356,0.0182081,0.0121778,0.012927,0.014662,0.0158864,0.0199305,0.0224488,0.0168699,0.0130145,0.0191775,0.0239048,0.0119886,0.0123039,0.0269568,0.0506598,0.0558755,0.0528075,0.0448458,0.0247188,0.01474,0.00964272,0.0139104,0.0198723,0.0192129,0.019009,0.0214076,0.0307707,0.0617542,0.0589308,0.0165405,0.00830763,0.0143054,0.0241853,0.0298532,0.0355365,0.0463209,0.0471289,0.0385796,0.0349632,0.0301407,0.0272637,0.0169199,0.00910864,0.00727578,0.00518433,0.0091462,0.0163401,0.0146518,0.00746818,0.0103426,0.0187031
99.567165533,0.0225959,0.0310673,0.0213329,0.0230786,0.0473433,0.0608215,0.0370313,0.0212747,0.0170887,0.0179118,0.0229298,0.0199304,0.014218,0.0174256,0.0203163,0.016159,0.0128391,0.0249504,0.0450475,0.0397534,0.0178813,0.0110458,0.0178404,0.0275455,0.0297436,0.0393698,0.0609899,0.0628891,0.0374092,0.0233336,0.0170673,0.0116939,0.0127717,0.0148786,0.0159045,0.02034,0.0260693,0.0207979,0.0135286,0.0134637,0.0124052,0.00808302,0.0106708,0.02534,0.0509826,0.0613992,0.0608298,0.0478014,0.0252567,0.0144947,0.00850174,0.0116921,0.0191791,0.0204902,0.0252277,0.0294907,0.0366377,0.0634359,0.0583392,0.016946,0.00806457,0.0138354,0.023673,0.0301991,0.0376591,0.0508519,0.0500242,0.0440787,0.045363,0.0378267,0.0285937,0.0161668,0.0090594,0.00735349,0.00565138,0.0111019,0.0198859,0.0177955,0.00878354,0.010083,0.0189962
101.053242630,0.0221051,0.0307325,0.0194926,0.0212591,0.048264,0.0605014,0.0369976,0.0225715,0.0178161,0.02002,0.0234031,0.0205496,0.0165619,0.0201072,0.0243541,0.0217886,0.0179823,0.0270233,0.0459782,0.0405037,0.0184986,0.0116617,0.0214977,0.0317033,0.0327263,0.0419116,0.0637304,0.0672888,0.0406492,0.0183042,0.0116775,0.00879388,0.0111169,0.013436,0.0140524,0.0191312,0.0259121,0.0223305,0.0148403,0.0155071,0.0139613,0.00766228,0.00841836,0.0227616,0.0494478,0.0665832,0.0681458,0.056627,0.0315282,0.0154254,0.00773414,0.0102813,0.0207986,0.0382572,0.0552878,0.0399629,0.0370979,0.0638627,0.0580137,0.0165948,0.00799358,0.0129353,0.0183929,0.0189114,0.0297041,0.0484431,0.0502283,0.0444601,0.0483085,0.0398767,0.028142,0.014419,0.0074343,0.00630745,0.00507962,0.0109259,0.0231373,0.0300149,0.0198281,0.0136263,0.0191117
102.539319728,0.0219595,0.029061,0.0176987,0.0225619,0.0495887,0.0621553,0.038215,0.0220145,0.0196675,0.0236623,0.0254155,0.0212238,0.0179801,0.0216384,0.031407,0.0266685,0.0180885,0.0244688,0.0428558,0.0370959,0.0160265,0.0111178,0.0208926,0.0345991,0.0365759,0.0420003,0.0553057,0.0553614,0.0356691,0.0172301,0.0123837,0.0103297,0.0126917,0.0150037,0.0146264,0.0186326,0.0262603,0.021133,0.0151342,0.0165704,0.0137413,0.00868051,0.00997475,0.0234365,0.0516915,0.0681454,0.0687671,0.0554938,0.0300034,0.0164923,0.00859278,0.0084487,0.0120819,0.0311582,0.0537637,0.0418845,0.0379951,0.0633107,0.0571659,0.0166512,0.00555398,0.0127269,0.0235832,0.0234463,0.0288447,0.0439602,0.0475522,0.0437511,0.0482316,0.0398506,0.0283055,0.0148483,0.00740296,0.00548341,0.00551534,0.0103798,0.0188987,0.0286599,0.0216522,0.014196,0.0185207
104.025396825,0.0236634,0.0297356,0.017731,0.0225852,0.0497434,0.0626566,0.039581,0.0234423,0.0211708,0.0260171,0.0220523,0.0164051,0.0166561,0.0214484,0.0304978,0.0251481,0.018981,0.0253124,0.0426101,0.038957,0.0178068,0.012342,0.0246104,0.037643,0.0380802,0.0431674,0.0493535,0.0481211,0.0348885,0.0192446,0.0114248,0.00865012,0.0122572,0.0139825,0.0124443,0.0174534,0.0279413,0.0215606,0.0153708,0.0195413,0.0201115,0.012055,0.010255,0.0241473,0.050998,0.0660627,0.0662948,0.0535068,0.0314328,0.0260442,0.0157411,0.00846101,0.00870051,0.0292857,0.0533561,0.0416684,0.0392719,0.0633672,0.0565035,0.0168507,0.00560073,0.015934,0.0342956,0.032572,0.0327757,0.0452328,0.0469638,0.0401069,0.0419914,0.0371283,0.0291601,0.0149497,0.00770849,0.00832702,0.00690508,0.0104784,0.0194206,0.0296122,0.0217922,0.0142185,0.0186395
105.511473923,0.0245383,0.0325693,0.0206247,0.0300754,0.0677299,0.0733638,0.0370836,0.0167814,0.0193745,0.0267562,0.0218693,0.0129674,0.0126562,0.0196104,0.0300813,0.0257201,0.0202181,0.0290201,0.0489439,0.043128,0.019281,0.0132811,0.0255893,0.0380647,0.039075,0.0438443,0.0509919,0.0502175,0.03503,0.0193621,0.0118667,0.00845081,0.00948395,0.0150099,0.0185899,0.0225363,0.0303593,0.0254766,0.0198067,0.0218932,0.0214479,0.0132066,0.0113589,0.0264725,0.0543159,0.0729866,0.0752424,0.0583892,0.0299072,0.0221415,0.0156384,0.00895818,0.0120427,0.033698,0.0539065,0.0428137,0.0441909,0.0690378,0.0614137,0.0203696,0.00735035,0.0165949,0.0347269,0.0343993,0.0346975,0.045348,0.0485787,0.0419051,0.0420963,0.0233365,0.00899291,0.00903068,0.0151726,0.0179251,0.0102797,0.0120618,0.0204846,0.0307097,0.0226635,0.0152174,0.0192779
106.997551020,0.0311222,0.0321117,0.0206211,0.0304261,0.070817,0.0783,0.0392666,0.0185724,0.0203631,0.0267699,0.0219738,0.0152435,0.0151228,0.0202637,0.0324094,0.0313533,0.0273042,0.0314257,0.0440577,0.0390532,0.0187784,0.0137316,0.0273376,0.0415967,0.0399236,0.0399836,0.0443105,0.0505802,0.0375703,0.0192866,0.0113245,0.00856542,0.0103771,0.0160049,0.0195182,0.0225748,0.0305195,0.0261828,0.0199757,0.018418,0.017087,0.0123396,0.0118586,0.0262761,0.0538354,0.071666,0.0677054,0.0460109,0.0256116,0.0218785,0.016037,0.00952176,0.0129381,0.0346001,0.0541579,0.0429689,0.0456617,0.0718383,0.0631398,0.0208032,0.00745514,0.0163904,0.033388,0.0348222,0.0342435,0.0436209,0.0480654,0.0406775,0.0359303,0.023299,0.0114213,0.00962536,0.0159841,0.0195324,0.0113068,0.0126719,0.0206877,0.030747,0.0227667,0.0152477,0.0192983
108.483628118,0.0220632,0.020807,0.0181919,0.0300739,0.0703974,0.0791389,0.0471113,0.0244621,0.0190056,0.0208572,0.0167774,0.0186001,0.0511725,0.0711742,0.0532317,0.0322914,0.0254091,0.0229927,0.0304204,0.0284925,0.0160994,0.0124897,0.0244054,0.0396696,0.0378146,0.0399732,0.0464045,0.0543323,0.0379559,0.0147795,0.00869619,0.0159302,0.0215313,0.0201044,0.0196991,0.0225513,0.0300522,0.0258122,0.0199806,0.0191644,0.0200139,0.0136823,0.00833277,0.0199364,0.0501584,0.0695202,0.0644188,0.0415876,0.0234678,0.0211823,0.0146834,0.0100755,0.0155374,0.0395539,0.0603737,0.0455838,0.0341037,0.028003,0.019499,0.015464,0.0147514,0.0227484,0.0345067,0.0301702,0.0291602,0.0584043,0.068993,0.0460984,0.0357007,0.0234292,0.0106427,0.0100061,0.0167855,0.0184983,0.0112525,0.0125527,0.0191757,0.0289002,0.0229259,0.015661,0.014054
109.969705215,0.0220821,0.0209793,0.0189955,0.0309834,0.0700464,0.0758157,0.0430989,0.0229337,0.0175773,0.0185526,0.0147776,0.0185238,0.0527071,0.0873404,0.098874,0.0719497,0.0353421,0.0237454,0.0304162,0.0284243,0.0160297,0.0124715,0.0244054,0.0400332,0.0385669,0.0396875,0.0432705,0.0506377,0.0353421,0.0131216,0.00784733,0.0170509,0.0328088,0.0409646,0.0293942,0.0227482,0.0300522,0.0258122,0.0199441,0.0191186,0.0199924,0.0136751,0.0097279,0.0265943,0.0610828,0.0767927,0.0661951,0.0406306,0.0216106,0.0192363,0.0135925,0.0117961,0.0202193,0.04152,0.0604255,0.0455838,0.0341037,0.028003,0.0194645,0.0154092,0.0147188,0.0227425,0.0345067,0.0307068,0.0316181,0.061339,0.0734305,0.0542638,0.0385217,0.0222035,0.010187,0.0104107,0.0177956,0.020128,0.0137763,0.01372,0.01915,0.0288744,0.0229013,0.0156071,0.0140485
111.455782313,0.0256119,0.0220073,0.0195566,0.0300123,0.0677083,0.0725766,0.0406341,0.0223943,0.0185669,0.0190762,0.0146792,0.018617,0.0529523,0.0864485,0.094454,0.0644264,0.0289687,0.0200993,0.029685,0.0298922,0.017001,0.0132595,0.0247619,0.0394288,0.0366675,0.0369384,0.0409894,0.0527278,0.0365965,0.0138817,0.00867126,0.0171555,0.0327653,0.0399933,0.0268731,0.0184161,0.0243328,0.0217136,0.0193667,0.0195614,0.0217119,0.0142164,0.00969989,0.0258806,0.0580585,0.0712135,0.0620736,0.0398112,0.0217155,0.0196321,0.0136692,0.0117961,0.0201934,0.0412537,0.0595072,0.0446351,0.0369441,0.0326185,0.0208198,0.0152373,0.0147188,0.0227425,0.0345067,0.0301148,0.0290987,0.0557621,0.0664021,0.0498945,0.0382913,0.0219816,0.010187,0.0104107,0.0177956,0.0201306,0.013784,0.01381,0.0192699,0.0289802,0.0229062,0.0156071,0.0140485
112.941859410,0.0202659,0.0178316,0.0192759,0.0337562,0.0662022,0.0699828,0.0417535,0.0240014,0.0192671,0.0196426,0.0147677,0.0187599,0.0512428,0.0844303,0.093676,0.0696215,0.039273,0.0237146,0.0307207,0.0277982,0.0130287,0.00871175,0.0220529,0.0404731,0.0376938,0.0380423,0.0409603,0.0546904,0.0629468,0.0403323,0.0157911,0.0187085,0.033589,0.03862,0.0230134,0.014547,0.024323,0.0263703,0.0219315,0.0201479,0.0233151,0.0149701,0.0110936,0.0267408,0.0569172,0.0754633,0.0634065,0.0400949,0.0244589,0.0228647,0.0168511,0.0141284,0.021488,0.039566,0.0591824,0.0464302,0.0394873,0.0332184,0.0252703,0.0210313,0.0199574,0.0265238,0.0346275,0.028906,0.0270601,0.0512119,0.0621141,0.0482295,0.0373672,0.0292644,0.016133,0.0103963,0.0178541,0.0209632,0.0126278,0.0107515,0.0154247,0.0263237,0.0210176,0.0151889,0.0137693
114.427936508,0.0255972,0.0267722,0.0251115,0.0388992,0.0707707,0.0721661,0.0413913,0.0277575,0.0281527,0.0236137,0.0147604,0.019563,0.0543524,0.0871471,0.0952454,0.0697004,0.041445,0.0248312,0.028078,0.025719,0.0133533,0.00942409,0.0224676,0.0423306,0.0379997,0.0344895,0.0415703,0.0569255,0.0653867,0.0432316,0.016792,0.0203094,0.0356366,0.038397,0.0231736,0.0162702,0.0270513,0.0258325,0.0196836,0.0199023,0.0226072,0.0161391,0.0126301,0.0274846,0.0568835,0.0752503,0.0677485,0.0445577,0.0259233,0.0232813,0.0186894,0.0151293,0.022006,0.0401764,0.0596957,0.0472639,0.0401556,0.0328562,0.0243293,0.0202271,0.0193216,0.0265218,0.0364283,0.0293386,0.0271574,0.0518526,0.0607731,0.0486822,0.0380637,0.0292387,0.0167615,0.0103775,0.0158362,0.0195914,0.0144704,0.0117399,0.0166987,0.0289038,0.0213359,0.0150907,0.0145417
115.914013605,0.0276562,0.0282601,0.0279955,0.0406195,0.0675788,0.072475,0.0478665,0.0316052,0.0307754,0.0260559,0.0152385,0.0205391,0.0604479,0.0939991,0.097705,0.0713226,0.0421305,0.0257331,0.0288119,0.0259031,0.013394,0.0100146,0.0229582,0.041412,0.0377738,0.0359986,0.0360773,0.0525055,0.0663421,0.0441907,0.0169959,0.0216045,0.037846,0.0412028,0.0260972,0.0179615,0.0270812,0.0260368,0.0204682,0.0203838,0.0291137,0.0242715,0.0145321,0.0286712,0.0535777,0.0687183,0.0637941,0.0474892,0.0333789,0.0247002,0.0190549,0.0155034,0.0247657,0.0473792,0.0657608,0.0495109,0.0409523,0.0335627,0.0247901,0.0226617,0.0257676,0.0317767,0.0392138,0.033733,0.0278023,0.0463376,0.0546344,0.0445546,0.0351346,0.0293029,0.0203138,0.0139982,0.016764,0.0195914,0.0146604,0.0125862,0.0176268,0.0303632,0.0338272,0.0340572,0.0226184
117.400090703,0.0296204,0.0293607,0.0301108,0.0431129,0.0694573,0.0736753,0.048303,0.0316246,0.0308964,0.0265199,0.0156206,0.0206393,0.0605301,0.0942251,0.0979387,0.0715689,0.042756,0.0267281,0.0294766,0.0268996,0.0142729,0.0104011,0.0214522,0.0362114,0.037942,0.0387798,0.036879,0.0530691,0.0680933,0.0465455,0.0190358,0.0238697,0.0398456,0.043101,0.027955,0.018751,0.0279535,0.027379,0.0233083,0.0229987,0.0307934,0.0249915,0.014455,0.0285344,0.0538669,0.0683657,0.0623462,0.0471482,0.034376,0.0259168,0.0204662,0.0166304,0.0251486,0.0473066,0.0647933,0.0488755,0.0417399,0.0350568,0.0261632,0.0236696,0.0265802,0.0318546,0.0387506,0.0322361,0.0267068,0.0448095,0.0539958,0.0455406,0.035859,0.0296325,0.0204165,0.014234,0.0168822,0.020068,0.0152072,0.01312,0.0181869,0.0308276,0.0343416,0.0354886,0.0243283
118.886167800,0.0309383,0.0300521,0.0305885,0.0420497,0.068333,0.0780767,0.0544148,0.034236,0.0317022,0.0267668,0.0157297,0.0218302,0.0629214,0.0955494,0.106223,0.0883391,0.0539215,0.0310557,0.0309687,0.0270303,0.0143887,0.0103783,0.02215,0.0362274,0.0382366,0.0390811,0.0375628,0.0552898,0.0702431,0.0481753,0.0205206,0.0249434,0.0407546,0.0453564,0.0319535,0.0232245,0.0304995,0.0277942,0.0236814,0.0242187,0.0316431,0.0254496,0.0142827,0.0283566,0.0560355,0.0712523,0.064117,0.0477919,0.0346856,0.0263055,0.0207186,0.0167842,0.0258499,0.0496473,0.0713744,0.0578158,0.0472124,0.0369111,0.0271078,0.0253004,0.027977,0.0335751,0.0407879,0.0344869,0.0288939,0.0471085,0.0573436,0.0479257,0.0367032,0.0305274,0.0212907,0.0146989,0.0169139,0.0201719,0.015849,0.0151314,0.0222606,0.0342294,0.0360102,0.0367408,0.0252532
120.372244898,0.0311998,0.0304555,0.0315474,0.0432136,0.066179,0.0738252,0.052977,0.036829,0.0354786,0.0284455,0.0157702,0.0220608,0.0634298,0.0961849,0.10683,0.0906257,0.0619179,0.0433275,0.0385339,0.0285596,0.0144137,0.0103783,0.0222465,0.0361607,0.0382955,0.0394658,0.0398176,0.0583915,0.0718409,0.0487659,0.0209706,0.0252168,0.0407787,0.0454131,0.0320025,0.0234684,0.0333525,0.034125,0.0272861,0.0250505,0.0327865,0.0281972,0.017873,0.0321136,0.0575034,0.0790815,0.0800246,0.0580337,0.0371603,0.0269945,0.0211019,0.0171188,0.0264346,0.0496473,0.0716616,0.0625977,0.0664622,0.0626205,0.0391979,0.0268868,0.0283204,0.0335751,0.0407859,0.0345845,0.0293119,0.0468963,0.0568369,0.0490494,0.0376439,0.030801,0.021312,0.0146989,0.0169141,0.0226089,0.0196031,0.0177985,0.0258691,0.0380862,0.0372463,0.0368651,0.0254051
121.858321995,0.0336796,0.0307562,0.0316587,0.0427717,0.0612993,0.0674537,0.0517097,0.0370633,0.036313,0.0302098,0.0172197,0.0236191,0.0619993,0.089381,0.101631,0.0904059,0.0621858,0.0433296,0.0395669,0.0292788,0.0151129,0.00961337,0.0172934,0.0313907,0.0386512,0.0406127,0.0409823,0.0597012,0.0740175,0.051198,0.0222233,0.025409,0.0404476,0.0438628,0.0312872,0.0244711,0.0337326,0.0335384,0.0270662,0.0249761,0.0326068,0.0274029,0.0166747,0.0228503,0.0345743,0.0571624,0.0689427,0.0541789,0.0369475,0.0269575,0.0211732,0.0172548,0.0266149,0.0486558,0.0709438,0.0648976,0.0692687,0.0636902,0.0395538,0.0269859,0.0282183,0.029311,0.0317409,0.0286781,0.0270215,0.0442675,0.0539341,0.0478266,0.0376241,0.0318798,0.0236624,0.0170076,0.0185577,0.0232255,0.0196556,0.0172274,0.0236165,0.0360562,0.0368942,0.0368708,0.0256274
123.344399093,0.0330573,0.0302325,0.0313467,0.0427285,0.0610336,0.0661035,0.0516967,0.0357507,0.0311886,0.0279297,0.0203895,0.02357,0.0618188,0.0895903,0.103547,0.0975422,0.0745805,0.0489723,0.0281039,0.0184115,0.0130873,0.00966197,0.0172251,0.0309017,0.0363996,0.033643,0.0306693,0.0467885,0.0671951,0.0523875,0.0256746,0.0267109,0.0429373,0.0475301,0.0333844,0.0242033,0.029871,0.0284596,0.0246623,0.0259081,0.0349921,0.0293689,0.0169878,0.0228785,0.0335042,0.051915,0.0627345,0.0512879,0.0369144,0.0278773,0.0211959,0.0172431,0.0268948,0.0481806,0.0648095,0.0556839,0.0631169,0.0592815,0.0379593,0.0297605,0.0340584,0.0335646,0.0315624,0.0278733,0.0253346,0.0429664,0.0595401,0.0503879,0.0291587,0.0234133,0.0218329,0.017568,0.0204275,0.0253636,0.0195723,0.0142714,0.0198142,0.032922,0.0361388,0.0410441,0.0308261
124.830476190,0.0328032,0.030084,0.0310996,0.0401437,0.0556575,0.0641473,0.0508272,0.0350487,0.0319703,0.0329151,0.0342725,0.0316868,0.0616935,0.0868718,0.0979218,0.0900349,0.0684614,0.046623,0.0269746,0.0174848,0.0120943,0.0086312,0.0137688,0.027388,0.0371218,0.0339022,0.0291404,0.04282,0.0606651,0.050699,0.0254929,0.0260505,0.0426768,0.0476195,0.0358801,0.0325355,0.0349401,0.0276874,0.0230225,0.0235396,0.0333235,0.0289519,0.01769,0.0267135,0.0353853,0.0467934,0.0564759,0.0441904,0.0288136,0.0244634,0.0209811,0.0185919,0.0262873,0.0299016,0.0334495,0.0441947,0.0623155,0.0588528,0.0380267,0.0293621,0.0331472,0.0312035,0.0288647,0.0298384,0.0262538,0.0411054,0.0574754,0.0488745,0.0275714,0.0263961,0.0255107,0.0187347,0.0210499,0.0269505,0.0221828,0.0154019,0.0165554,0.0207024,0.0247841,0.0372978,0.0305011
126.316553288,0.030051,0.0210255,0.0243793,0.0383535,0.0543608,0.0625011,0.0493648,0.0353634,0.030587,0.0288539,0.0322261,0.0310787,0.0601639,0.0848302,0.0904043,0.0851368,0.0680682,0.047085,0.0274601,0.0168419,0.0113906,0.00831844,0.0146372,0.0247756,0.0333034,0.032752,0.0312829,0.0455923,0.0606116,0.0496188,0.0241843,0.0244086,0.0417544,0.0484035,0.0360168,0.031683,0.0317343,0.0271711,0.0228766,0.0224112,0.0328353,0.026898,0.016,0.025956,0.0330322,0.045714,0.0567882,0.0448914,0.0288716,0.0232862,0.019952,0.0183712,0.0290032,0.0331623,0.0322121,0.041025,0.0613143,0.0580225,0.0361901,0.0273346,0.0319929,0.0282168,0.0221179,0.0248645,0.0257002,0.0408378,0.0582916,0.0497526,0.0274284,0.0258675,0.0248586,0.0199112,0.0232372,0.0268822,0.0212146,0.0142575,0.0164555,0.0195136,0.0219567,0.036299,0.0302874
127.802630385,0.0314663,0.020759,0.0265003,0.0423701,0.0566884,0.0631959,0.0484647,0.0339524,0.0288415,0.0255699,0.029539,0.0290423,0.0601642,0.0861859,0.0912842,0.0853683,0.0667345,0.0453397,0.0271748,0.017961,0.0138121,0.00853724,0.0122265,0.0243107,0.035756,0.0344453,0.0302318,0.0399295,0.0555412,0.0467814,0.0225749,0.0239981,0.0418516,0.0486802,0.0377556,0.0335827,0.030131,0.0262363,0.0229497,0.0222828,0.0318801,0.0267798,0.016008,0.0247592,0.0341415,0.0501397,0.0590989,0.0447008,0.0269825,0.0145678,0.0146851,0.0177612,0.0281889,0.0325105,0.0330414,0.0432165,0.0613242,0.0575307,0.0359913,0.0286964,0.0384743,0.0309215,0.0126595,0.0155147,0.0224656,0.0434837,0.0621409,0.0513595,0.0271144,0.0241191,0.0249112,0.0227514,0.0240794,0.0239934,0.0202334,0.0171663,0.0198288,0.0202281,0.0214604,0.0354522,0.0298505
129.288707483,0.029865,0.0176248,0.0231565,0.0352301,0.0377692,0.042526,0.0400563,0.0375347,0.0305576,0.0247502,0.0291923,0.0287593,0.0601218,0.086169,0.0911311,0.0848269,0.0656452,0.0423081,0.0227165,0.0142838,0.0123419,0.00759807,0.0108771,0.0223308,0.0360117,0.0373875,0.0311963,0.0400919,0.0526611,0.0452596,0.021474,0.0219502,0.0366476,0.0417127,0.031226,0.0285488,0.0278703,0.0225856,0.0184317,0.0199029,0.030528,0.0256282,0.0150237,0.0237724,0.0314806,0.044268,0.052137,0.0411444,0.024638,0.0137605,0.014108,0.0174608,0.0250885,0.0265073,0.0296674,0.0408014,0.0563998,0.0519016,0.0313084,0.0255583,0.0368254,0.0302086,0.0122002,0.014088,0.022619,0.0450535,0.0624108,0.0510997,0.0266518,0.0232373,0.0240555,0.0211831,0.0168747,0.0146004,0.0169104,0.0156066,0.0187835,0.0192982,0.0208991,0.0345223,0.0291378
130.774784580,0.022101,0.0169765,0.0227495,0.0344401,0.0350443,0.0403132,0.0404768,0.0376723,0.030445,0.0248067,0.0290863,0.0264564,0.0576529,0.0855171,0.0892861,0.0795473,0.0590297,0.0384176,0.0220519,0.0137591,0.0116799,0.0068929,0.00912867,0.0183918,0.0331555,0.0379945,0.034709,0.0397266,0.0502466,0.0451927,0.0214519,0.0216096,0.0357545,0.0407325,0.0305593,0.0290857,0.0288345,0.0231116,0.0182239,0.0194222,0.0298676,0.0248096,0.0143252,0.0236928,0.0317744,0.0463008,0.0607639,0.0465334,0.0253433,0.0135245,0.013665,0.0168973,0.0241931,0.0256656,0.0298688,0.0422888,0.0558394,0.0506192,0.0300633,0.0251297,0.0367206,0.0301532,0.0119112,0.0135004,0.0226224,0.0485003,0.0749787,0.0553839,0.0222653,0.0189655,0.0215969,0.0205861,0.0160631,0.0130385,0.016173,0.0171557,0.0203568,0.0225478,0.021296,0.0345441,0.0291072
132.260861678,0.022101,0.0169765,0.0228474,0.0348164,0.0359566,0.0414012,0.0349036,0.0309263,0.0290021,0.0249968,0.0292824,0.0210845,0.0214861,0.0346109,0.0683789,0.0786867,0.0592897,0.0385276,0.0220833,0.013508,0.0115337,0.0068929,0.00926511,0.0188042,0.0340079,0.0377274,0.0331746,0.0360429,0.0477084,0.0445645,0.0211518,0.0142448,0.0246003,0.0366359,0.0303974,0.0291789,0.0288687,0.0228436,0.0178053,0.01863,0.0269255,0.0224963,0.0137844,0.02377,0.0325495,0.0473567,0.0603525,0.0463429,0.0250225,0.0134002,0.0136379,0.0154644,0.0215475,0.0207148,0.0236549,0.0397105,0.0557301,0.0501249,0.0290261,0.021202,0.0288415,0.0229808,0.0099839,0.0135654,0.0221836,0.0336794,0.0523136,0.0455271,0.0211523,0.0187281,0.0215432,0.0177953,0.0130489,0.012766,0.0161792,0.0172482,0.0205333,0.0225641,0.0209998,0.0282203,0.0196079
133.746938776,0.0221006,0.0168222,0.0220558,0.0338043,0.0354991,0.0411554,0.0346987,0.0306659,0.0291386,0.0250219,0.0294916,0.0214733,0.0238225,0.0260979,0.0293463,0.0416008,0.0495306,0.0377776,0.0220836,0.013508,0.0115337,0.0068934,0.00927101,0.0183612,0.0324402,0.0367408,0.033592,0.0362606,0.0477415,0.0445659,0.021165,0.0130688,0.0139814,0.0171228,0.0237715,0.0316977,0.0298522,0.0230003,0.0178057,0.01863,0.0269255,0.0224963,0.0124745,0.0175971,0.023008,0.0416216,0.0574798,0.0443851,0.02415,0.0135816,0.0141698,0.0147421,0.01723,0.0187487,0.0236032,0.0397105,0.0557347,0.0501395,0.0290307,0.0212035,0.0288415,0.0229808,0.0101028,0.0134865,0.0208584,0.031349,0.048023,0.0374286,0.0171087,0.0188893,0.0215959,0.0175424,0.0126664,0.011573,0.0136527,0.0160358,0.0205133,0.0225657,0.0209998,0.0282203,0.0196079
135.233015873,0.0183231,0.0165402,0.0224114,0.0342234,0.0356918,0.041245,0.0348445,0.0308624,0.0287003,0.0251373,0.0297182,0.0221155,0.0276466,0.037312,0.0435944,0.0489443,0.0507778,0.0376675,0.0212648,0.0118032,0.0106233,0.0063654,0.00897622,0.0185905,0.0328069,0.0372799,0.0337455,0.0336137,0.0476964,0.044214,0.0206919,0.0131176,0.0145512,0.0194717,0.0265008,0.0297035,0.0265521,0.0226322,0.0178136,0.0182512,0.0254988,0.0225898,0.0129098,0.0176883,0.0231511,0.0423698,0.0591453,0.0468351,0.0263228,0.0141385,0.0143787,0.0148537,0.0177927,0.0214342,0.0285673,0.0410049,0.049716,0.0417567,0.0258297,0.0217125,0.0295012,0.0230468,0.0101028,0.013713,0.0224674,0.0366378,0.0552646,0.0398643,0.0160647,0.0188913,0.0215959,0.0175436,0.0126664,0.0119045,0.0145501,0.0164577,0.0205354,0.0225907,0.021063,0.0285348,0.0205491
136.719092971,0.0184171,0.0166538,0.0200612,0.0276369,0.0338429,0.0419397,0.0338593,0.0292098,0.0278953,0.0243097,0.029247,0.0227697,0.0282284,0.0367334,0.042146,0.042452,0.0404183,0.0341042,0.0193959,0.0105386,0.00916982,0.00516151,0.00838009,0.0172085,0.0300899,0.0327651,0.0314723,0.0304099,0.0193651,0.0153742,0.0125996,0.0110805,0.0130358,0.0233619,0.0358844,0.0346415,0.0251165,0.0161858,0.0142698,0.0163608,0.0228983,0.0218582,0.0112243,0.0162667,0.0231289,0.0362268,0.0555208,0.0443346,0.0212779,0.00863506,0.00932993,0.010332,0.0159692,0.0244979,0.0281116,0.0331953,0.0418589,0.0394898,0.0215527,0.0167927,0.0241992,0.0194222,0.0110139,0.0163996,0.0213166,0.0326384,0.0516278,0.0384249,0.0161321,0.0118714,0.0165053,0.0176969,0.0126885,0.0106809,0.0137913,0.0157372,0.0186565,0.0188725,0.0191157,0.0292461,0.0209661
138.205170068,0.0132354,0.00820779,0.0156963,0.0245856,0.0289126,0.0375667,0.0320909,0.024623,0.0188602,0.0198617,0.0274241,0.020021,0.0248326,0.0338935,0.0402704,0.0418504,0.037904,0.0312775,0.018248,0.00887896,0.00689214,0.00412322,0.00796959,0.0152877,0.0273887,0.0322777,0.0296838,0.0282457,0.0169906,0.0124298,0.0110364,0.00863001,0.0107337,0.0232587,0.0358003,0.0328317,0.0219681,0.0143979,0.0111,0.0112447,0.0207663,0.0203357,0.00978279,0.0155678,0.0228937,0.0350112,0.0496911,0.0395085,0.0198695,0.00823593,0.00745857,0.00919626,0.0153914,0.023803,0.0275903,0.0320365,0.0404194,0.0384117,0.0200721,0.0154458,0.0238053,0.0191193,0.00902815,0.0157663,0.0209871,0.030851,0.0509784,0.0373935,0.0152974,0.0117372,0.0155277,0.0162161,0.0123447,0.01025,0.0113248,0.0146876,0.0172312,0.0161342,0.0184703,0.0294778,0.0199202
139.691247166,0.0113303,0.00716737,0.0131917,0.02117,0.0261338,0.0291446,0.0227248,0.0236808,0.0256382,0.0242999,0.028872,0.0192644,0.0187989,0.0270351,0.0371956,0.0397003,0.0371319,0.0303756,0.0175181,0.00836111,0.0066712,0.003541,0.0073893,0.0152072,0.0273803,0.0313666,0.0285237,0.0297599,0.0171078,0.0118253,0.010777,0.00748322,0.0086007,0.0204957,0.0331745,0.0305494,0.0206566,0.0141581,0.012626,0.0154187,0.0179433,0.013388,0.00799005,0.0142772,0.0213835,0.034393,0.047157,0.0327321,0.0116436,0.00684078,0.00720306,0.0090883,0.0127674,0.0167577,0.0220304,0.0306761,0.040567,0.038711,0.0212346,0.0142797,0.0176366,0.0137525,0.00629832,0.0112201,0.0176412,0.0302692,0.0511676,0.0380767,0.0151017,0.0123267,0.0134963,0.0131493,0.0115,0.010255,0.0111353,0.0138437,0.0161727,0.0143104,0.00570721,0.0105615,0.0118661
141.177324263,0.0241008,0.0131332,0.0109739,0.01809,0.0240675,0.0278224,0.0220569,0.0232403,0.0247207,0.0237204,0.0292468,0.0198198,0.0186331,0.0267108,0.038018,0.0410634,0.0373222,0.0294942,0.0168266,0.00752723,0.00690221,0.0054066,0.00701439,0.0117921,0.0219823,0.0279968,0.0274841,0.0290723,0.0154249,0.00944847,0.00854955,0.00591635,0.00769294,0.0188361,0.0311395,0.0296148,0.0197715,0.0128739,0.00978301,0.0127949,0.016609,0.0141607,0.00914268,0.013631,0.0198274,0.0361497,0.0496562,0.0328286,0.0104728,0.00546841,0.00553991,0.00774117,0.0123147,0.0167163,0.0250597,0.0367337,0.043124,0.0378629,0.0198505,0.0132774,0.0168833,0.0138928,0.00828619,0.013363,0.0171417,0.0292749,0.0495558,0.0361416,0.0142717,0.0119822,0.0133251,0.0130089,0.0113978,0.00982906,0.010723,0.0132123,0.0147751,0.013083,0.00503288,0.00883693,0.0101157
142.663401361,0.0236968,0.0131882,0.00936984,0.0160176,0.0230135,0.0226273,0.015696,0.0220912,0.0265517,0.0247724,0.0292438,0.018629,0.0162556,0.025446,0.0298087,0.0245275,0.0262702,0.0250943,0.0151889,0.00724486,0.00686721,0.00512466,0.00512206,0.0131452,0.0267394,0.0325064,0.028612,0.0269899,0.0140863,0.00951351,0.00800763,0.00496362,0.00684487,0.0166057,0.0271411,0.0251607,0.017245,0.0123484,0.00931225,0.0123462,0.0191392,0.0176019,0.00946477,0.0114308,0.0179206,0.0342955,0.0471355,0.0317478,0.0106111,0.00714132,0.00723817,0.0080154,0.0116475,0.0143756,0.0184787,0.027801,0.037701,0.0359774,0.0187828,0.0115704,0.0156453,0.0127491,0.00672415,0.0108765,0.015119,0.0292944,0.047698,0.0339157,0.0137788,0.0117041,0.0122024,0.0116676,0.0110297,0.00973087,0.0100813,0.0112008,0.0107014,0.00970269,0.00337465,0.0075461,0.00922809
144.149478458,0.0240484,0.0120137,0.00744329,0.0152386,0.0260057,0.0259532,0.0172052,0.0218852,0.0251393,0.0247251,0.0317099,0.0272737,0.026985,0.0274111,0.0292842,0.0223081,0.0184833,0.0130103,0.0076203,0.00575402,0.0069904,0.00526826,0.00502744,0.013083,0.0258123,0.0295795,0.0271113,0.0334861,0.0212494,0.0104033,0.00761667,0.00471231,0.00684427,0.016722,0.0274581,0.0251131,0.0144542,0.00604761,0.0057253,0.011538,0.018291,0.0158192,0.00736496,0.00934361,0.0168483,0.0267533,0.0327674,0.0219281,0.00810253,0.006663,0.00739323,0.00895393,0.0129517,0.0155514,0.0193683,0.0244423,0.0199111,0.0119072,0.0083762,0.0115866,0.0166324,0.0148326,0.00872576,0.0114447,0.01471,0.028476,0.0471304,0.0321863,0.0126076,0.0159791,0.0258071,0.0218658,0.0124309,0.00736068,0.00637716,0.00857283,0.00719723,0.00609748,0.00239535,0.0076577,0.00923812
145.635555556,0.0254248,0.0121543,0.00722751,0.0111421,0.018241,0.0217915,0.0167326,0.0222032,0.0245304,0.022938,0.0302446,0.0256434,0.0248802,0.0252927,0.0278262,0.0214303,0.0179605,0.0133682,0.00982173,0.00978019,0.00981308,0.00622004,0.00463991,0.0104306,0.0207432,0.0254374,0.0256099,0.0328415,0.019156,0.00797123,0.00619747,0.00431075,0.00674456,0.0164979,0.0265779,0.0238388,0.0135649,0.00832567,0.0203692,0.0262777,0.0217107,0.0156582,0.00737321,0.00928957,0.01674,0.0266784,0.0328829,0.0220907,0.00823031,0.00665102,0.00732196,0.00881908,0.0127068,0.0147783,0.0169253,0.0204742,0.016638,0.0106618,0.00877434,0.0118509,0.0170406,0.0150947,0.00866946,0.0114766,0.0149618,0.0284176,0.04758,0.0321882,0.0120588,0.0149015,0.0235191,0.0187295,0.00963075,0.00645752,0.00633434,0.00851586,0.00713331,0.00599743,0.00236402,0.00764387,0.00904661
147.121632653,0.0252045,0.0129203,0.0101967,0.0146274,0.0251644,0.0483584,0.0502496,0.0337451,0.0244151,0.0191259,0.0224531,0.0237459,0.0248675,0.0251154,0.0264906,0.0153281,0.00687349,0.00486271,0.00814659,0.00974799,0.00976515,0.00617145,0.00464576,0.0108024,0.0270561,0.0481327,0.0563455,0.0499707,0.0216319,0.00447541,0.00263217,0.0027067,0.00386759,0.0124177,0.0244762,0.0247554,0.0144148,0.00835593,0.019965,0.0249023,0.0191299,0.0136501,0.00702585,0.0092281,0.0194975,0.0463868,0.0645119,0.0416101,0.009879,0.00552098,0.00724446,0.00857302,0.0121059,0.0139526,0.0159595,0.0195144,0.0161522,0.0104357,0.00716673,0.00791765,0.0106001,0.0103344,0.0083254,0.0114338,0.0178083,0.0420667,0.0653686,0.0420069,0.0135256,0.0144976,0.023434,0.0179522,0.00746479,0.00404501,0.00545955,0.00851223,0.0071153,0.00598573,0.00177273,0.00294799,0.00254908
148.607709751,0.0252489,0.0129288,0.0102106,0.0150356,0.0303325,0.0674076,0.0768825,0.0440517,0.0243936,0.0119964,0.0073303,0.0148705,0.0218993,0.0240558,0.0268935,0.0184494,0.0124238,0.00748256,0.00896224,0.0100915,0.0096951,0.00634772,0.00621549,0.0142152,0.0335595,0.0689441,0.0720768,0.0508296,0.0211891,0.00478378,0.00305117,0.00270058,0.00398582,0.0128845,0.0225313,0.0165401,0.00877517,0.00978346,0.0214024,0.0250316,0.0191299,0.0136883,0.00839769,0.00910274,0.0280845,0.0840447,0.106242,0.0517915,0.00886446,0.00478755,0.00633198,0.00711724,0.00910196,0.0119717,0.0159341,0.0206492,0.0187919,0.0125667,0.0076919,0.00796858,0.0106001,0.0102753,0.0102471,0.0143261,0.024297,0.0589385,0.086324,0.0510441,0.0114447,0.00890564,0.0191836,0.0167566,0.0068424,0.00245936,0.00308073,0.00848034,0.0107912,0.0102162,0.00360637,0.00321041,0.00256195
150.093786848,0.0321622,0.0263561,0.0189395,0.0168184,0.0303805,0.0666296,0.0767904,0.0492392,0.0335424,0.0214576,0.0138631,0.0160573,0.0218977,0.0241392,0.0269637,0.0195643,0.0136934,0.00681948,0.00796593,0.0100698,0.0101332,0.00641191,0.00526064,0.0132083,0.0333879,0.0711348,0.0940261,0.0922779,0.0448378,0.0103109,0.00578779,0.00312858,0.00345752,0.0105362,0.0219186,0.0168026,0.00830565,0.0093003,0.0216418,0.0259736,0.0198681,0.013751,0.00885001,0.00964162,0.0282144,0.0839518,0.108291,0.0670819,0.0171982,0.00590841,0.00676346,0.00751808,0.00648525,0.0102806,0.0197638,0.025129,0.0218216,0.0166562,0.00930711,0.00909276,0.0110483,0.010407,0.0102311,0.0145066,0.0243506,0.0612251,0.0960057,0.064941,0.0226987,0.0181119,0.0207984,0.015627,0.00528597,0.00273689,0.00437111,0.00885327,0.0107867,0.0103775,0.00445073,0.0034875,0.00256195
151.579863946,0.0294744,0.0261109,0.016625,0.0125971,0.0276834,0.0665265,0.0789786,0.051914,0.0340941,0.0222622,0.0152693,0.0168289,0.0214411,0.0230733,0.0261646,0.0205916,0.0217875,0.0346307,0.0254866,0.0108407,0.00710457,0.00486354,0.00395186,0.0109861,0.030124,0.0695625,0.0975954,0.10239,0.05221,0.0107322,0.00668893,0.00389618,0.00393795,0.0106367,0.0202348,0.0148323,0.00917624,0.00976311,0.0226103,0.0310168,0.0235638,0.0132176,0.0119739,0.0176385,0.0296135,0.0789294,0.108857,0.0856482,0.0375562,0.0125821,0.00448263,0.00605331,0.00708228,0.0111571,0.0191205,0.0250252,0.0267738,0.0208222,0.0105503,0.0122043,0.0138726,0.0115317,0.0111294,0.014623,0.024515,0.0656144,0.102627,0.066023,0.0227492,0.0183103,0.0192171,0.0124133,0.00537193,0.00809201,0.00966671,0.00752979,0.00780786,0.0113958,0.00618074,0.00352122,0.00266348
153.065941043,0.0301196,0.0312055,0.0173817,0.0123779,0.0283188,0.0647981,0.0780941,0.0488298,0.033557,0.0226471,0.0155835,0.0176347,0.0240934,0.0244855,0.0264637,0.0207462,0.0218468,0.0341705,0.0256146,0.0123334,0.00827995,0.00788771,0.00837687,0.0123424,0.029852,0.0665714,0.0972279,0.103992,0.0550625,0.0113741,0.00698275,0.00450525,0.0046641,0.0108233,0.0213758,0.0196326,0.0104557,0.010272,0.0228969,0.0312921,0.0245945,0.013587,0.011883,0.0161347,0.0278357,0.0777468,0.107354,0.0838176,0.0379848,0.0159052,0.00539186,0.00589785,0.00761167,0.0122444,0.0230231,0.0414682,0.0417679,0.0239859,0.0127058,0.0121153,0.0139035,0.0115281,0.0115118,0.0190193,0.0293939,0.0648269,0.101388,0.064342,0.02245,0.0183947,0.0192711,0.0125698,0.0056071,0.00858941,0.0102381,0.0086659,0.0114521,0.0166733,0.0121051,0.00514481,0.00292993
154.552018141,0.0312418,0.0331981,0.018415,0.0126389,0.0272542,0.0634826,0.0771457,0.0468769,0.0353837,0.0259915,0.0169501,0.0182342,0.0249716,0.0266822,0.028462,0.0218474,0.0221694,0.0348483,0.0258272,0.0123966,0.00863235,0.00892064,0.0100589,0.0140005,0.0293736,0.0649749,0.0925053,0.102249,0.057593,0.0130348,0.00850391,0.00559715,0.00499356,0.0113134,0.0221775,0.0210556,0.0104599,0.00961791,0.0244014,0.032724,0.0268507,0.0173043,0.0143905,0.0172578,0.0284886,0.0760652,0.0988004,0.0784632,0.0379033,0.0175609,0.00688634,0.00717609,0.00881437,0.0129377,0.0240337,0.040715,0.0412278,0.022975,0.0129025,0.0131185,0.0144751,0.0143953,0.0141557,0.0194255,0.0299528,0.062878,0.0891474,0.0577662,0.0219061,0.0185751,0.019546,0.013007,0.00666004,0.00972002,0.010217,0.00689045,0.00994169,0.01365,0.0123788,0.00584377,0.00339206
156.038095238,0.0331606,0.0395657,0.0278993,0.0176299,0.0313987,0.0818773,0.0978462,0.0524786,0.0352069,0.0258984,0.0168439,0.018314,0.025252,0.0274771,0.0296317,0.0225516,0.022887,0.039816,0.0375976,0.0201277,0.0103763,0.00971717,0.0111163,0.014855,0.0300524,0.0649261,0.0927385,0.103156,0.05896,0.0162116,0.0106985,0.00624883,0.00854485,0.0176575,0.0251495,0.0211144,0.0107501,0.00998376,0.0248464,0.0329063,0.0269293,0.0177502,0.0161063,0.0192887,0.0321347,0.0832883,0.108046,0.0819712,0.039061,0.0181432,0.00744669,0.00752491,0.0089673,0.0129346,0.0240532,0.0406964,0.0413903,0.023531,0.0142973,0.0143198,0.0153896,0.015169,0.0150603,0.019723,0.0301316,0.0630507,0.0890442,0.0579039,0.0228939,0.020492,0.0221132,0.0148338,0.00970176,0.017403,0.0178056,0.00910686,0.00979891,0.013852,0.0128114,0.0059876,0.00369949
157.524172336,0.0568921,0.0465189,0.0286646,0.020673,0.0392934,0.0964916,0.105102,0.0535369,0.0349838,0.026706,0.0173709,0.0172742,0.0215913,0.0200644,0.0234845,0.0216837,0.0274222,0.0474211,0.0399968,0.0202993,0.0104513,0.0108821,0.0155911,0.0215062,0.0447193,0.0755595,0.0947859,0.104565,0.0605698,0.0181878,0.0122217,0.00616539,0.00786462,0.0169217,0.0243256,0.0202415,0.0101398,0.0098779,0.0249406,0.03292,0.027738,0.0235233,0.0224735,0.0200531,0.0307941,0.0800036,0.105885,0.0814602,0.0399544,0.0195158,0.00788448,0.00679468,0.00912909,0.0157459,0.0308095,0.0475202,0.0445569,0.0254936,0.0215089,0.0236087,0.0180146,0.0162467,0.0177254,0.0199364,0.0286955,0.0608357,0.0876374,0.057525,0.0290034,0.0323849,0.0266172,0.0167803,0.010849,0.0181381,0.018795,0.00938327,0.0097986,0.0140245,0.0135689,0.00749403,0.00415108
159.010249433,0.0571999,0.045798,0.0275175,0.0205963,0.0396554,0.0966101,0.104868,0.0547578,0.0438445,0.0376003,0.0209,0.0194112,0.0193543,0.0129307,0.0219689,0.0221965,0.0292667,0.0486181,0.0407008,0.0211216,0.0107135,0.0109031,0.0156335,0.0213092,0.0443926,0.0750293,0.0950676,0.107347,0.0667012,0.0215721,0.0138497,0.0107439,0.0146066,0.0264213,0.0267704,0.0214657,0.0124562,0.0119492,0.0260295,0.0330686,0.0312115,0.0291912,0.0246643,0.0200815,0.0306509,0.0792676,0.104417,0.080999,0.0410941,0.0200906,0.0082835,0.00724802,0.0109142,0.0175466,0.0285543,0.046851,0.0462128,0.0272557,0.0218497,0.0255844,0.0266904,0.027859,0.0243857,0.0202231,0.02749,0.0639756,0.0931154,0.0647112,0.0323163,0.0332471,0.0267611,0.0171342,0.0129339,0.0199351,0.0197427,0.00968414,0.0103475,0.014429,0.0142066,0.00966762,0.00921036
160.496326531,0.0569554,0.0455534,0.0274524,0.0203052,0.0381652,0.0949735,0.10457,0.0551568,0.047468,0.0404034,0.025818,0.0375094,0.0312761,0.0134367,0.0226715,0.025167,0.03243,0.049397,0.0408933,0.0211774,0.0106138,0.0108135,0.0156484,0.0217143,0.044159,0.0753647,0.0964614,0.111338,0.0729424,0.0251962,0.0140508,0.0104541,0.0144162,0.0225148,0.0220883,0.0232502,0.0126299,0.0125041,0.0260498,0.0328775,0.0302059,0.0279201,0.0243685,0.0199536,0.030671,0.0797067,0.106999,0.09139,0.0484262,0.0218123,0.00812203,0.00685181,0.0100879,0.0194676,0.0328234,0.0456182,0.0427777,0.0246158,0.0204844,0.0241852,0.0261156,0.0273604,0.0233,0.0172672,0.0257856,0.0658114,0.100751,0.0777967,0.0359586,0.0329009,0.0258394,0.0169786,0.0132123,0.021987,0.0219075,0.00952655,0.010345,0.0149982,0.0150701,0.00988911,0.00895421
161.982403628,0.0565586,0.0450726,0.0259997,0.0181883,0.0376237,0.0951895,0.105659,0.0579395,0.0492987,0.0407844,0.0258772,0.0382512,0.0356443,0.0164535,0.0230452,0.027129,0.0350836,0.0519839,0.0428553,0.0215328,0.0107998,0.0118775,0.0172028,0.0220886,0.0443973,0.0757382,0.0977605,0.113122,0.0741577,0.0275905,0.0221354,0.0184197,0.0169617,0.0226162,0.022855,0.024714,0.013285,0.0135894,0.0264481,0.0328652,0.030269,0.0282682,0.0246907,0.0200741,0.0306549,0.0800354,0.108192,0.0925187,0.0497243,0.0270586,0.0168875,0.0114231,0.0102484,0.0194473,0.0328868,0.0465726,0.0432513,0.0248016,0.0206335,0.0246974,0.0270791,0.0287248,0.0240891,0.0172949,0.0257851,0.0665219,0.102866,0.0796578,0.0372597,0.0337368,0.0295223,0.0194659,0.0133588,0.0222344,0.0236447,0.0108244,0.0106834,0.0152815,0.0150989,0.00936825,0.00881558
163.468480726,0.0578771,0.0505626,0.0391164,0.0286844,0.0383968,0.0954087,0.111704,0.0639128,0.0433871,0.0358785,0.0245043,0.0383211,0.0356434,0.0167753,0.0233952,0.0287558,0.0424786,0.0590693,0.0466509,0.0222408,0.0109987,0.0124663,0.0188855,0.0225096,0.0439851,0.0763517,0.100953,0.114069,0.0752388,0.0285644,0.0237886,0.021501,0.0257155,0.0403126,0.0392902,0.0303686,0.0158774,0.0138752,0.0242963,0.028326,0.0286019,0.0293189,0.0274153,0.0258123,0.035648,0.0823045,0.109447,0.0938358,0.0530541,0.0310169,0.0183608,0.0131936,0.0169443,0.0276196,0.0381028,0.0518021,0.0459935,0.0270174,0.0216827,0.0269348,0.0289092,0.0305491,0.0303242,0.0239167,0.0270646,0.0670713,0.104434,0.0824616,0.0386042,0.0326001,0.0328389,0.0271048,0.0163972,0.0226333,0.0242327,0.0124857,0.0152846,0.019438,0.0174473,0.0104408,0.00918689
164.954557823,0.0434619,0.0432623,0.0428264,0.0367903,0.0434154,0.0996572,0.116903,0.0658413,0.0451459,0.0404305,0.0324384,0.0434198,0.0370206,0.0167757,0.0223855,0.0277605,0.0425136,0.0597641,0.0481588,0.0226088,0.0100247,0.0100737,0.0179971,0.023065,0.0445097,0.0775051,0.10184,0.114429,0.075939,0.0320261,0.0286133,0.0230878,0.0267907,0.0426513,0.040239,0.0313293,0.0181062,0.0182391,0.0277973,0.0302978,0.0300772,0.0286118,0.0269331,0.0279107,0.0352696,0.0789002,0.106128,0.0971968,0.0566563,0.0319463,0.0185338,0.0138476,0.0175923,0.0277054,0.0359849,0.046351,0.0439471,0.0282461,0.0235429,0.0297433,0.0301742,0.030966,0.0289552,0.0223123,0.027254,0.0672383,0.104817,0.0825373,0.03863,0.0326665,0.0334765,0.0270464,0.0163853,0.0226807,0.0263488,0.0145919,0.0159313,0.0206833,0.0180456,0.0109201,0.00986526
166.440634921,0.048225,0.0452773,0.0429842,0.0381398,0.0458283,0.106215,0.127569,0.0727897,0.045907,0.0410978,0.0333278,0.0437107,0.0416088,0.0237346,0.0250085,0.0278608,0.0431005,0.0626531,0.0499614,0.0226133,0.0100103,0.0106074,0.0180551,0.0204233,0.0399852,0.0748052,0.102095,0.117833,0.0763816,0.0304856,0.0280471,0.0244678,0.0290014,0.0448717,0.042321,0.0335528,0.019806,0.0189597,0.0288824,0.0302445,0.0278203,0.0331684,0.034978,0.029186,0.0341781,0.077911,0.1089,0.102422,0.0636383,0.0390632,0.0188819,0.0134836,0.0177194,0.0307622,0.0424179,0.050989,0.0459076,0.0290918,0.0238004,0.030584,0.0317174,0.0341909,0.0332625,0.0252384,0.0292765,0.0661076,0.104506,0.0850596,0.0408751,0.0330054,0.0343023,0.0294827,0.0179323,0.0226733,0.0263488,0.0145919,0.0165715,0.0229404,0.028286,0.0250001,0.0166094
167.926712018,0.0508753,0.0479539,0.04338,0.0381106,0.0446117,0.105906,0.127643,0.0715019,0.0441766,0.0397675,0.0315705,0.0354639,0.0310959,0.021734,0.0254933,0.0280357,0.0430251,0.0629492,0.0505007,0.0229891,0.0105966,0.0112111,0.0189587,0.0215866,0.0428559,0.0822699,0.106404,0.110345,0.0689376,0.030257,0.0304489,0.0288526,0.0311945,0.0460333,0.0434324,0.0338366,0.0211197,0.0214259,0.0306801,0.0322908,0.0289881,0.0327912,0.0338577,0.0275338,0.0339428,0.0783314,0.10763,0.102269,0.0645677,0.0399349,0.0192425,0.0134268,0.0172631,0.0310557,0.0427379,0.0501888,0.0455483,0.0294585,0.0234065,0.0296818,0.0315648,0.0329873,0.0316029,0.0248739,0.029308,0.0672356,0.106954,0.086806,0.0411422,0.0290216,0.0215702,0.0197405,0.0169038,0.0230692,0.0270678,0.0151726,0.0173366,0.0243682,0.0295809,0.0269863,0.0190858
169.412789116,0.0488781,0.0506602,0.0498924,0.0395517,0.0459621,0.107935,0.129146,0.0734185,0.0505481,0.0425918,0.0327432,0.0371489,0.0322283,0.022678,0.0270778,0.0399498,0.0707905,0.080505,0.0508845,0.019075,0.00879403,0.0108412,0.0200423,0.0221628,0.0433106,0.0823826,0.106241,0.111927,0.0740631,0.033699,0.0316794,0.0313519,0.0370832,0.0499178,0.0450485,0.0387974,0.03052,0.0254979,0.0180713,0.01824,0.0268262,0.0348642,0.0370389,0.0285775,0.0348857,0.080606,0.110397,0.104491,0.0667237,0.0415825,0.0217055,0.015055,0.0175155,0.0315561,0.0469295,0.0633227,0.0599545,0.0357977,0.0265995,0.0343499,0.0343653,0.0337837,0.032764,0.0267203,0.0308582,0.0695045,0.107426,0.0873528,0.0424064,0.0299468,0.022519,0.0211786,0.0193459,0.0249049,0.0277006,0.0159498,0.01865,0.0265529,0.0328202,0.0286076,0.0196865
170.898866213,0.0523922,0.0523034,0.0469389,0.0353225,0.0392272,0.0817965,0.0950493,0.0603615,0.0507244,0.0443206,0.0331264,0.0372163,0.0322571,0.0232175,0.028823,0.0422324,0.0711534,0.084535,0.0628567,0.0257693,0.0115342,0.0114087,0.0201139,0.0223888,0.0392321,0.0599447,0.073686,0.0932251,0.0721122,0.0355427,0.0316911,0.0313772,0.0372721,0.0505942,0.046333,0.0389466,0.0308524,0.0320405,0.0228344,0.020167,0.0339435,0.035335,0.0374531,0.0294812,0.0346686,0.0607013,0.093683,0.101563,0.0685444,0.0422782,0.021741,0.0150648,0.0211057,0.0352266,0.0522861,0.0673838,0.0612509,0.0442496,0.0401403,0.0350704,0.0345528,0.033819,0.032764,0.0267694,0.027625,0.0559636,0.0983478,0.0773289,0.0386329,0.0299983,0.0225747,0.0214586,0.0202942,0.0257461,0.0292936,0.0176534,0.0226275,0.0289348,0.0333083,0.0290122,0.0212386
172.384943311,0.0539424,0.0535088,0.0489845,0.0373272,0.0347077,0.0628144,0.0689687,0.0503411,0.0499891,0.0444397,0.0327913,0.0369031,0.0328337,0.0237797,0.0287305,0.0395341,0.0671566,0.0838454,0.0625108,0.0254467,0.0115989,0.0112383,0.0181682,0.0178024,0.0293842,0.0381305,0.0590803,0.0921358,0.0737378,0.0371019,0.0322845,0.0317036,0.0373153,0.0501413,0.0459259,0.0382279,0.0290289,0.0293184,0.0217414,0.0205689,0.0343969,0.0353203,0.0353667,0.026672,0.023341,0.0226768,0.0521906,0.0891689,0.0683869,0.043215,0.0229396,0.0154068,0.0212581,0.0353245,0.0523066,0.0667297,0.0590375,0.0423947,0.0396958,0.0354494,0.035273,0.0341369,0.0299734,0.0210019,0.0207747,0.0395057,0.0772478,0.0683136,0.0412908,0.0307816,0.0227876,0.0224579,0.0218586,0.026302,0.0293977,0.0173678,0.0194542,0.0250201,0.0315397,0.0288156,0.0213281
173.871020408,0.0469288,0.0399433,0.0402548,0.0357053,0.0348265,0.0634221,0.0702451,0.0452264,0.0408015,0.0360122,0.0266944,0.0363799,0.0339161,0.0241852,0.0286598,0.0384427,0.0655992,0.0863703,0.0700054,0.0327729,0.0141637,0.0109109,0.0180807,0.0177846,0.0291381,0.0359439,0.0361558,0.0493516,0.0509099,0.0339405,0.0312511,0.0338335,0.041851,0.0549362,0.0476977,0.0376286,0.0286304,0.02878,0.0236826,0.0228486,0.0345871,0.0352585,0.0348735,0.0265011,0.0253843,0.0259086,0.052238,0.0751368,0.0603444,0.0426101,0.0227222,0.0142936,0.0207161,0.0338705,0.048612,0.0643551,0.0580475,0.0397454,0.041181,0.037406,0.0361871,0.0341779,0.0299696,0.0207704,0.0210599,0.0405819,0.0712328,0.0550576,0.0311171,0.0232788,0.0216426,0.0218692,0.0221626,0.027188,0.0290371,0.0170488,0.0195039,0.0250849,0.0319939,0.0307412,0.0220787
175.357097506,0.046471,0.039675,0.0402208,0.0360632,0.0362163,0.0637637,0.0697755,0.0440221,0.0407466,0.0353749,0.0315862,0.051923,0.0470237,0.0274723,0.0287776,0.0384896,0.0578574,0.0595979,0.0521161,0.0285676,0.0139016,0.0135148,0.0198986,0.0187458,0.0307311,0.0357535,0.0334607,0.0406317,0.0436746,0.0334552,0.0301567,0.0339208,0.0428714,0.0553476,0.048042,0.0383416,0.0286201,0.0287649,0.0244034,0.0201574,0.0294268,0.0336906,0.032186,0.0185499,0.0215913,0.025997,0.0495085,0.0587064,0.0436199,0.040362,0.0267158,0.0152919,0.0202523,0.0344708,0.0512408,0.0621776,0.0514296,0.0352785,0.0402991,0.03432,0.0316966,0.0326246,0.0305136,0.0232214,0.0226714,0.0348331,0.0600031,0.0520544,0.0309118,0.022566,0.0225032,0.0273897,0.0261108,0.0236902,0.0267307,0.020837,0.0215841,0.0240686,0.0301981,0.0307075,0.0219409
176.843174603,0.0459945,0.0348879,0.0396443,0.0356953,0.0323194,0.0597273,0.0688781,0.0450218,0.0415233,0.03711,0.0319817,0.0514714,0.0444875,0.0260404,0.0283231,0.0383157,0.0584112,0.0647824,0.0574405,0.0298093,0.0143008,0.0114022,0.0156677,0.0168091,0.0289584,0.0358502,0.0316765,0.0362205,0.0431282,0.0358061,0.0318436,0.0341146,0.04249,0.0553622,0.0470913,0.036114,0.0319497,0.0323225,0.0265636,0.0207278,0.0295293,0.0350667,0.0329022,0.0184174,0.0208128,0.0251605,0.0495458,0.0596832,0.0459425,0.0400053,0.0278763,0.0167219,0.0208133,0.0337324,0.0474072,0.0469854,0.0400171,0.0374317,0.0446844,0.0419581,0.0359659,0.033451,0.0302827,0.0182804,0.0152114,0.0348067,0.061616,0.0524507,0.0303405,0.0230614,0.0276561,0.0317349,0.0263429,0.0230054,0.0262656,0.0219166,0.0223629,0.0213098,0.024439,0.0300444,0.0224388
178.329251701,0.0448723,0.0328953,0.0388445,0.0357547,0.0344289,0.0610833,0.069836,0.0461815,0.0387386,0.0336886,0.0306626,0.0511709,0.0444149,0.0258604,0.0282135,0.0382929,0.058357,0.0638592,0.0572064,0.0297443,0.0139484,0.0103716,0.0142355,0.0154569,0.0301403,0.0378114,0.0333674,0.0346038,0.0392953,0.0341188,0.0303707,0.033224,0.0429086,0.0570817,0.0477934,0.0352708,0.0317504,0.0319016,0.0246382,0.0193283,0.027282,0.0313493,0.0305415,0.0176373,0.0215417,0.0267663,0.0513384,0.0606806,0.0453399,0.0383669,0.0264124,0.015668,0.0201872,0.0340385,0.0465267,0.0476316,0.0411342,0.0377601,0.0443953,0.0411311,0.0354617,0.0306356,0.0278918,0.0183269,0.0156565,0.0338398,0.0622649,0.0528725,0.0306336,0.0230998,0.0275458,0.0314434,0.0256371,0.0231466,0.0280175,0.0244139,0.022892,0.0219641,0.0243724,0.0298964,0.0222891
179.815328798,0.0429535,0.0265277,0.0292623,0.0302471,0.0301063,0.051658,0.0647906,0.0511884,0.0405534,0.0336027,0.0304774,0.0509161,0.043931,0.0250753,0.0270824,0.0375994,0.05817,0.0607235,0.0470494,0.0220229,0.0122044,0.00957512,0.0130417,0.0141628,0.0292592,0.0464402,0.0545109,0.0467259,0.0390745,0.0309184,0.0281761,0.0325723,0.0393573,0.0507841,0.0448983,0.0351677,0.0315099,0.0329246,0.0254735,0.0191455,0.0272034,0.0309034,0.0288258,0.0154978,0.018319,0.0331778,0.0644493,0.0656592,0.0437525,0.0377299,0.025852,0.0153191,0.0200346,0.0340909,0.046587,0.0476449,0.040937,0.0371337,0.0429583,0.039926,0.0345472,0.0298619,0.0269783,0.0178836,0.0152063,0.0380193,0.0713025,0.0574889,0.029656,0.0211832,0.0249787,0.0296166,0.0225953,0.0154912,0.0204886,0.0221455,0.0228583,0.0217729,0.0240027,0.0297919,0.0219822
181.301405896,0.0191888,0.0199994,0.029766,0.0291235,0.0294843,0.0461073,0.0606133,0.0507452,0.0406146,0.0327699,0.0297472,0.0507683,0.0439198,0.0260602,0.0272489,0.0359985,0.0535383,0.0533843,0.0451973,0.0223087,0.0121718,0.00840973,0.00880751,0.00881949,0.0194726,0.048095,0.0665827,0.0493473,0.0378419,0.0289409,0.0266397,0.0324104,0.0393178,0.0507684,0.0442279,0.033691,0.0322103,0.0353968,0.0270607,0.0192632,0.0263947,0.0251303,0.0223734,0.0147363,0.0204853,0.0392512,0.0774909,0.0810126,0.0477299,0.0365139,0.0248823,0.0146776,0.0194586,0.0312797,0.0403432,0.0426616,0.0412312,0.0402107,0.0378025,0.0307688,0.0319222,0.0287842,0.0241943,0.0171448,0.0156258,0.0434861,0.0873409,0.0754868,0.0296043,0.00965385,0.020422,0.0275179,0.0208055,0.014325,0.0195385,0.0240212,0.0248515,0.0265328,0.0296686,0.0289006,0.0215306
182.787482993,0.0243615,0.0241692,0.0320501,0.0292521,0.0289425,0.0458618,0.0606484,0.0490762,0.0312425,0.021186,0.0261306,0.0483175,0.0425208,0.0219667,0.0145507,0.0281449,0.0504469,0.0522032,0.0446181,0.0220294,0.0141395,0.0115548,0.0125285,0.0115937,0.0203054,0.0481429,0.0659938,0.0453039,0.0298027,0.0251519,0.0245671,0.0276635,0.0322305,0.0395168,0.0391716,0.0314368,0.0297041,0.0331957,0.0259618,0.0190743,0.0226506,0.0189027,0.0203336,0.0176513,0.0240289,0.0405598,0.0773136,0.0785366,0.0439339,0.0348625,0.0242329,0.0141349,0.0171892,0.0271894,0.0386661,0.0417493,0.0389386,0.0383107,0.0371897,0.0279769,0.0226174,0.0171205,0.0175981,0.0171,0.0180941,0.0398361,0.0770053,0.0664003,0.0263244,0.00879111,0.0202781,0.0271824,0.018788,0.0123656,0.0182616,0.0243159,0.025675,0.0267576,0.0291516,0.026533,0.015569
184.273560091,0.0243635,0.0242419,0.032121,0.0292195,0.0281308,0.0457097,0.0608588,0.0485573,0.0274649,0.0184965,0.0219034,0.030587,0.0315807,0.0232217,0.0153476,0.0252696,0.0472644,0.0513591,0.0447514,0.0223978,0.0141244,0.0115548,0.0124508,0.0105748,0.0201806,0.0479358,0.0648306,0.040925,0.0231784,0.0213599,0.0242949,0.0283208,0.032456,0.0384002,0.0332575,0.0249064,0.0328567,0.0361658,0.027105,0.0206484,0.0234865,0.0192263,0.0216318,0.018976,0.024086,0.039445,0.0742253,0.0678571,0.0367838,0.0339191,0.0245196,0.0141708,0.0159987,0.021788,0.0323075,0.0414954,0.0387404,0.0379705,0.0370891,0.028025,0.023153,0.0198007,0.0229171,0.0221824,0.0203395,0.0388265,0.0689737,0.0514279,0.0217294,0.00851038,0.0203057,0.0271191,0.0182796,0.0100791,0.0157786,0.0239086,0.0253531,0.0261055,0.0280756,0.024778,0.0146947
185.759637188,0.0272197,0.0246161,0.0326498,0.0314364,0.0305823,0.0463928,0.0598137,0.0455624,0.025592,0.0181155,0.0218558,0.0300185,0.0272301,0.0201222,0.0149125,0.0234565,0.0451789,0.0492116,0.0429538,0.0220551,0.013916,0.0104899,0.0108926,0.0102285,0.0199248,0.0475352,0.0635079,0.0391634,0.0232199,0.0225155,0.0182512,0.021007,0.0299686,0.0382852,0.0325415,0.0242076,0.0329998,0.0350626,0.0266917,0.0206461,0.0234333,0.0189586,0.0212718,0.0188271,0.024086,0.0391082,0.0729931,0.0667301,0.0358762,0.0288604,0.0157471,0.00959563,0.0158327,0.021788,0.0322412,0.0405407,0.0382643,0.0377819,0.0369483,0.0278606,0.0243653,0.0218326,0.0225733,0.0221539,0.0203395,0.0381161,0.0668562,0.049563,0.0204113,0.00765976,0.0165847,0.0246242,0.0183406,0.010835,0.0147635,0.0225858,0.0249634,0.0257836,0.0279624,0.0247604,0.0146947
187.245714286,0.0257473,0.0186786,0.0191135,0.0212496,0.0293005,0.0459493,0.0535121,0.0366766,0.0219821,0.0160631,0.0213027,0.0297291,0.0271693,0.0204174,0.017924,0.030876,0.0488892,0.0451468,0.0391542,0.0213241,0.0137002,0.00989231,0.00919632,0.00980585,0.0213038,0.0460879,0.059208,0.0351436,0.0205362,0.0227965,0.0192214,0.0185622,0.0211384,0.0207525,0.0164922,0.0199681,0.0308405,0.0343963,0.0265198,0.0203042,0.0212715,0.0167219,0.0184093,0.013069,0.0190894,0.0368206,0.0717157,0.0653856,0.0324887,0.0248784,0.0141639,0.00755898,0.00900106,0.0140088,0.0289333,0.037765,0.0400573,0.037989,0.0349551,0.0243547,0.022099,0.0199112,0.0162827,0.0155218,0.0190199,0.0372755,0.0640158,0.0444804,0.0174315,0.00695222,0.0117472,0.0164313,0.0152191,0.0104311,0.014175,0.0209221,0.0203435,0.0215815,0.0256044,0.0236376,0.0143008
188.731791383,0.0252811,0.0181564,0.0146887,0.0130798,0.024216,0.0416884,0.0483288,0.0347653,0.020323,0.011376,0.0126067,0.0239257,0.0256116,0.0198875,0.0171998,0.0301191,0.0481393,0.0443848,0.0376419,0.0208387,0.0136211,0.00984758,0.00936874,0.00921913,0.0207831,0.0449437,0.0583595,0.0347696,0.0197465,0.0193697,0.0141994,0.0160037,0.0189496,0.0180585,0.0155325,0.0190735,0.0286508,0.0300108,0.0231149,0.0184304,0.0195611,0.0159809,0.0175715,0.0104805,0.0216461,0.0490437,0.0843877,0.0620922,0.0288185,0.0241592,0.0140824,0.00691685,0.00836376,0.0136374,0.0279758,0.0369508,0.0381869,0.0360993,0.0334786,0.0238591,0.0240333,0.0192868,0.015507,0.0147501,0.0195169,0.0390722,0.0659721,0.0485804,0.0172997,0.00687343,0.0110552,0.0197146,0.0226004,0.0119791,0.0118921,0.0187206,0.020553,0.0215562,0.0249037,0.0231191,0.0138884
190.217868481,0.0195881,0.0153746,0.0141164,0.0115015,0.0215438,0.0348691,0.0375754,0.0263484,0.0169257,0.0094109,0.0116125,0.0236356,0.0210109,0.0128696,0.0145019,0.0297852,0.0474389,0.0414852,0.0357228,0.0207508,0.0134987,0.00906886,0.00889068,0.00912028,0.0198874,0.0423759,0.0558526,0.0311763,0.0184667,0.0192155,0.0138233,0.0145032,0.0166787,0.0158144,0.013452,0.0168317,0.0268945,0.0292708,0.021989,0.017661,0.0184306,0.00752526,0.00823189,0.00901588,0.0211578,0.0479946,0.0809782,0.0568682,0.0213891,0.0149809,0.0117842,0.00685411,0.00820508,0.0105815,0.0215436,0.032306,0.0361775,0.0352064,0.0331359,0.0229515,0.0222541,0.0154109,0.0106238,0.0116474,0.0165334,0.0371972,0.0644632,0.0458202,0.0146573,0.00577193,0.00978312,0.0172046,0.0210468,0.0119798,0.0118926,0.0187223,0.0199145,0.0192809,0.0146345,0.00902657,0.00707252
191.703945578,0.016136,0.012624,0.0137205,0.0105326,0.0192573,0.0316995,0.0352316,0.0249827,0.0161587,0.00910985,0.0108632,0.0230071,0.0202863,0.0122613,0.0138989,0.0294109,0.0469847,0.040895,0.0351839,0.0203369,0.0127645,0.00832184,0.00796308,0.00790044,0.0168587,0.0345769,0.0479487,0.0281976,0.0171486,0.0179641,0.0113629,0.010097,0.0144629,0.0144807,0.011975,0.0163519,0.0255194,0.0267752,0.0201737,0.0155913,0.0169677,0.00693781,0.00786194,0.00894263,0.0200932,0.0457692,0.0799146,0.0561877,0.0203932,0.0138862,0.0108858,0.00563841,0.00677291,0.00911283,0.0200474,0.0316838,0.0350775,0.0332011,0.0318469,0.0222514,0.0210768,0.0145313,0.0102821,0.0112943,0.0162699,0.0360291,0.0620152,0.0440745,0.014391,0.00520788,0.00888994,0.0167492,0.0206748,0.0115178,0.0111245,0.0181028,0.0190455,0.0176023,0.0130833,0.00680491,0.00443472
193.190022676,0.0142645,0.00937277,0.0071269,0.0090901,0.017907,0.0296444,0.0334177,0.0224634,0.00956172,0.00628193,0.00969054,0.0213218,0.0191532,0.0112707,0.0121626,0.0173669,0.0192055,0.0228213,0.0314744,0.0193743,0.0110087,0.00762375,0.00684843,0.00732424,0.016404,0.0344247,0.0476497,0.025864,0.011937,0.0145222,0.0101325,0.00759749,0.00857389,0.0105649,0.0102766,0.0113121,0.0160861,0.0201103,0.017465,0.0141067,0.0150473,0.00474323,0.00460668,0.00789886,0.0191503,0.0434682,0.0768543,0.0536075,0.0180319,0.0122386,0.00842282,0.00400909,0.00651955,0.00845641,0.0155241,0.0183852,0.0206713,0.0267148,0.0278855,0.0172199,0.0177801,0.0133657,0.00912098,0.00939507,0.0144495,0.0335253,0.060145,0.0425044,0.013127,0.00425941,0.00780389,0.0151761,0.0181988,0.00967262,0.010479,0.0173246,0.0177324,0.0154178,0.00984427,0.00518046,0.00380355
194.676099773,0.0107347,0.00675547,0.00684594,0.00903396,0.0165759,0.0280362,0.0320659,0.0220582,0.00864948,0.00455306,0.00930736,0.0212543,0.0191244,0.0106993,0.00983578,0.0137774,0.0168343,0.0173823,0.0191017,0.0126528,0.00826858,0.00705628,0.00677098,0.00669354,0.0140888,0.0337687,0.0474732,0.0248875,0.00976797,0.0126149,0.0101208,0.00757225,0.00838365,0.00980588,0.00861626,0.0099064,0.0148086,0.0133738,0.012702,0.0121798,0.0079299,0.00427234,0.00419251,0.006972,0.0164173,0.0426738,0.0594106,0.0353091,0.0137166,0.0115305,0.00838738,0.00399929,0.00292933,0.00478103,0.00987043,0.0134534,0.018759,0.0181387,0.0143447,0.0164995,0.0175926,0.0133304,0.00912098,0.00931127,0.0142205,0.0300808,0.0426353,0.0343094,0.0117875,0.00418976,0.00774818,0.0148961,0.0172505,0.0088315,0.00888604,0.015621,0.0137549,0.0130359,0.00935614,0.00477588,0.00225145
196.162176871,0.00914007,0.00554156,0.00478646,0.00659832,0.0154163,0.0273221,0.0311652,0.0207273,0.00733252,0.00407948,0.0090756,0.0210866,0.0184879,0.0101367,0.00950137,0.0133427,0.0152541,0.0154365,0.0186292,0.0124597,0.00813219,0.00704372,0.00675364,0.00643482,0.0136045,0.0319304,0.0446912,0.0235346,0.00805291,0.0107474,0.00910834,0.00719367,0.0081781,0.00970264,0.00847256,0.00971588,0.0147588,0.0130645,0.0122641,0.0116482,0.00747648,0.00424883,0.00411556,0.00597769,0.0151243,0.0418587,0.0575128,0.0343083,0.0133106,0.0105828,0.00718879,0.00365721,0.00277703,0.00459661,0.00945248,0.0129071,0.0180397,0.0174334,0.0140907,0.0160684,0.0168724,0.0130126,0.00902948,0.00877781,0.0127977,0.0292562,0.0425193,0.0337916,0.00896946,0.00336782,0.00753233,0.0138968,0.015686,0.00827234,0.00854592,0.0147722,0.0132311,0.0127202,0.0092911,0.00471011,0.00214912
197.648253968,0.00908844,0.00554156,0.00476894,0.00643596,0.0149724,0.0263012,0.0278176,0.0174785,0.00532696,0.00290327,0.00861033,0.0203416,0.0173858,0.00964787,0.00949421,0.0132218,0.0149745,0.0124854,0.0110515,0.00494135,0.00511432,0.00704372,0.00675364,0.00643482,0.0135901,0.0310262,0.0430084,0.0219252,0.00608051,0.00838169,0.00740517,0.00463571,0.00345285,0.00478215,0.00616382,0.00963806,0.0146449,0.0126246,0.0091373,0.00824932,0.00647507,0.00418061,0.00411556,0.00559437,0.012951,0.0380925,0.0538567,0.0316604,0.0126598,0.0100355,0.00697466,0.00364842,0.00273675,0.00423611,0.0083172,0.0104504,0.0151028,0.0152055,0.010848,0.0129094,0.0154388,0.0128398,0.00902948,0.00876195,0.0124339,0.0258932,0.0377873,0.0317379,0.00751822,0.0016644,0.00666805,0.0136754,0.0143698,0.00633187,0.00760035,0.0145022,0.0130009,0.0124716,0.00797585,0.00243776,0.00139854
199.134331066,0.00908562,0.00554046,0.00474098,0.00600792,0.0134821,0.0247515,0.0256269,0.0159334,0.00479568,0.00271065,0.00200336,0.00355119,0.0037768,0.00584585,0.00815007,0.011236,0.0143756,0.0114158,0.0106056,0.00488428,0.00399827,0.00440648,0.00492071,0.0051076,0.0112812,0.0294115,0.0415209,0.0205266,0.00592001,0.00838134,0.007395,0.0034578,0.00175784,0.00399123,0.00569336,0.00863868,0.0128973,0.0120029,0.00697346,0.00303769,0.00228534,0.00239103,0.00290005,0.00539568,0.0127942,0.0378898,0.0530652,0.0291875,0.00888711,0.00460061,0.00277726,0.00186186,0.00209085,0.00267634,0.00532991,0.0103446,0.0149439,0.0149858,0.0104166,0.0110534,0.0105188,0.0072704,0.00623694,0.00617017,0.00938739,0.0225489,0.0369837,0.0317254,0.00751822,0.00163239,0.00540814,0.00815318,0.00882711,0.00426609,0.00391596,0.00869699,0.00965557,0.010619,0.00786276,0.00243776,0.00139854
200.620408163,0.00862681,0.0052203,0.00451864,0.00593827,0.0134662,0.02475,0.0256085,0.0144231,0.00229991,0.000385637,0.00109392,0.00319693,0.00365488,0.00580901,0.00814576,0.0112248,0.0136147,0.00595564,0.00326822,0.00165606,0.00241981,0.00349493,0.00468,0.00501679,0.0108552,0.0285641,0.040786,0.0193383,0.00357029,0.00538853,0.0054143,0.00265493,0.0014064,0.00376675,0.00547397,0.0060169,0.00813108,0.00767107,0.004321,0.00196101,0.00114306,0.000645522,0.0021082,0.00531611,0.0127942,0.0373861,0.0521352,0.0278254,0.00603218,0.00163417,0.000673495,0.000361748,0.000758775,0.00223969,0.00524817,0.00908851,0.0113527,0.00962734,0.00363938,0.00308536,0.00609689,0.00641172,0.0060846,0.00615315,0.00899679,0.0200041,0.0339137,0.0310759,0.00749533,0.000797536,0.000201205,0.00358293,0.00802349,0.00424847,0.00375808,0.00645753,0.00521391,0.00793265,0.00738752,0.00138087,0.000634262
202.106485261,0.00862681,0.0052203,0.00428228,0.00550858,0.0111227,0.0216498,0.0228339,0.0129343,0.0022732,0.000385637,0.00104635,0.00289798,0.00284932,0.00379092,0.00577399,0.00979284,0.0127516,0.00589989,0.00326822,0.00165606,0.00241981,0.00349257,0.0044301,0.00467201,0.00929717,0.0257533,0.0381026,0.0178972,0.00355751,0.00538807,0.005366,0.00245361,0.00065831,0.00154243,0.00370871,0.00486166,0.00720163,0.00751399,0.0042659,0.00192857,0.00113422,0.000645522,0.00196125,0.00491072,0.010687,0.0348365,0.049891,0.026491,0.00592175,0.00159356,0.000642978,0.00013745,0.000182115,0.00117981,0.0046652,0.00755297,0.00986539,0.00879182,0.00325087,0.00290423,0.00602949,0.00635985,0.00583155,0.00562865,0.00745886,0.0190622,0.0323224,0.0299727,0.00693535,0.000555606,3.66553e-05,0.00343727,0.00767643,0.00293124,0.00173753,0.00357642,0.0044188,0.00701478,0.00668025,0.000777744,0.000321815
203.592562358,0.00862681,0.0052203,0.00428228,0.00550858,0.0101936,0.0103666,0.00407381,0.00136802,0.00036389,0.000374508,0.00104635,0.00289798,0.00284932,0.00377673,0.00573462,0.00970452,0.0119609,0.00395783,0.00161798,0.00164302,0.00241981,0.00349257,0.0044301,0.00467201,0.00860127,0.0156793,0.0159121,0.00471697,0.00233739,0.00538756,0.005366,0.00245361,0.00065831,0.00149299,0.00361268,0.00481284,0.00711215,0.00612152,0.00298551,0.00192857,0.00113422,0.000645522,0.00196125,0.00488848,0.00943808,0.0197461,0.0262559,0.0167319,0.00587134,0.00159356,0.000642978,0.00013745,0.00018162,0.00112742,0.0045835,0.0075215,0.00986539,0.00879182,0.00325087,0.00290423,0.00602949,0.00635985,0.00583155,0.00562865,0.00742811,0.014397,0.022955,0.0248523,0.00684703,0.000555154,3.66553e-05,0.00343727,0.00767643,0.00290049,0.00166496,0.00353601,0.0044188,0.00698767,0.00661522,0.000738467,0.000321269