TIME,27.7576,30.2811,32.8045,35.3279,37.8513,40.3748,42.8982,45.4216,47.945,50.4684,52.9919,55.5153,58.0387,60.5621,63.0856,65.609,68.1324,70.6558,73.1792,75.7027,78.2261,80.7495,83.2729,85.7964,88.3198,90.8432,93.3666,95.89,98.4135,100.937,103.46,105.984,108.507,111.031,113.554,116.077,118.601,121.124,123.648,126.171,128.695,131.218,133.741,136.265,138.788,141.312,143.835,146.358,148.882,151.405,153.929,156.452,158.976,161.499,164.022,166.546,169.069,171.593,174.116,176.64,179.163,181.686,184.21,186.733,189.257,191.78,194.304,196.827,199.35,201.874,204.397,206.921,209.444,211.967,214.491,217.014,219.538,222.061,224.585,227.108,229.631,232.155,234.678,237.202,239.725,242.249,244.772,247.295,249.819,252.342,254.866,257.389,259.912,262.436,264.959,267.483,270.006,272.53,275.053,277.576,280.1,282.623,285.147,287.67,290.194,292.717,295.24,297.764,300.287,302.811,305.334,307.858,310.381,312.904,315.428,317.951,320.475,322.998,325.521,328.045,330.568,333.092,335.615,338.139,340.662,343.185,345.709,348.232,350.756,353.279,355.803,358.326,360.849,363.373,365.896,368.42,370.943,373.466,375.99,378.513,381.037,383.56,386.084,388.607,391.13,393.654,396.177,398.701,401.224,403.748,406.271,408.794,411.318,413.841,416.365,418.888,421.411,423.935,426.458,428.982,431.505,434.029,436.552,439.075,441.599,444.122,446.646,449.169,451.693,454.216,456.739,459.263,461.786,464.31,466.833,469.357,471.88,474.403,476.927,479.45,481.974
0.000000000,13.9957,15.2318,13.2345,8.88068,1.75837,2.18523,2.0771,15.8316,20.8346,10.3427,5.66797,2.50608,2.75049,11.7491,28.6738,26.9146,12.0983,13.4433,21.5481,25.4506,39.5913,48.8014,47.8821,41.3355,20.4825,36.8788,52.5423,28.1284,23.2843,28.2879,37.3043,31.3226,3.9617,4.94444,17.6452,15.6648,5.10594,32.095,195.402,400.318,355.902,119.668,4.42709,40.1974,51.3418,9.90676,17.1553,33.0908,10.4589,4.93026,16.7219,15.6121,5.86842,5.87444,6.69985,0.367573,7.14661,14.8687,14.759,24.2979,20.3098,7.39975,8.89042,4.32622,17.6989,36.9059,21.4451,8.22693,8.09863,6.7045,21.6988,42.4163,35.0893,26.8236,25.492,5.29095,20.5183,53.9969,38.1176,37.2853,69.7082,64.5811,27.0773,4.13331,20.2908,64.4465,65.7186,41.4066,158.426,400.802,415.557,143.572,0.243393,47.675,50.5238,23.8598,24.2615,67.0903,102.14,46.9465,62.3835,122.146,41.3658,5.86263,54.4617,33.2236,21.4249,22.7877,2.21736,11.3711,19.1524,18.3712,23.6311,18.9335,10.1595,1.7477,1.50548,6.75067,3.48804,0.381155,1.7765,5.55979,5.22254,6.44351,7.1077,1.52223,20.704,35.5831,33.8527,63.6786,83.737,81.0266,71.1157,34.2164,59.6645,140.552,114.765,62.6432,103.383,122.157,98.592,85.2769,54.8235,16.2464,16.8585,31.2246,11.6124,8.37248,31.4487,17.6508,14.1287,51.4921,49.4082,11.7646,1.26726,18.9834,22.4789,5.5176,0.106882,1.68563,7.50648,15.7937,12.0156,8.31739,4.12769,0.326516,11.0444,15.765,10.6159,11.4418,4.00021,1.37427,5.89222,4.56265,13.3677,16.6566,7.69297,7.08695,14.948,26.7548,42.8273
1.486077098,28.765,40.9854,37.6862,24.2867,8.51028,5.43081,1.18255,27.5288,26.8609,7.91747,6.79651,1.28923,2.31651,10.7585,36.5801,30.2049,9.03978,11.7191,22.1549,22.215,40.3494,53.8992,42.7467,50.0692,12.7485,41.0536,67.2905,21.7839,23.8919,27.2924,38.9852,51.0503,10.1256,12.7217,33.7181,24.6655,4.54804,32.6073,287.374,623.249,517.753,151.847,0.527098,54.0847,76.1999,7.56762,23.5138,47.626,10.2809,4.38235,21.6298,21.6918,12.6597,13.4395,13.0047,2.7353,12.2214,18.6287,11.328,29.5297,25.1415,3.8487,11.4427,2.2512,22.0949,51.0055,20.1139,6.61141,7.56388,4.33368,22.5124,51.5907,35.4626,23.0537,31.8323,4.10302,25.0494,73.8912,34.351,33.7945,84.9131,77.1118,30.9783,1.59373,20.8941,88.6923,103.288,21.9337,205.302,673.497,704.569,229.274,8.20145,76.4734,54.4519,19.0213,19.68,68.2518,142.949,42.0516,62.064,196.391,74.7795,19.1774,90.0165,32.0246,19.6901,36.989,1.0303,17.6085,18.7162,17.3173,27.0507,20.7157,10.9747,3.13688,2.59721,12.743,6.78513,0.0475745,3.87211,11.0297,4.63873,6.78567,11.1736,0.105108,29.213,44.0552,24.2419,75.8279,89.9198,79.8379,82.0602,26.927,55.8525,189.596,144.584,42.5958,140.741,223.947,188.901,142.62,92.5807,41.7896,41.8429,58.6431,28.5388,24.4251,55.8789,20.0782,11.7481,74.3002,68.167,14.9407,2.01846,26.8328,33.9927,8.36889,0.761805,1.0372,8.57778,21.878,10.9291,8.80648,6.09915,1.19611,16.5475,20.837,7.67261,15.6229,9.5451,5.39654,9.52766,1.89363,19.2149,26.1103,13.6811,11.2578,16.9575,29.0944,45.5909
2.972154195,50.5272,91.3625,82.9812,45.7573,18.6489,12.8299,4.76526,51.7816,32.4324,4.8448,8.01648,0.774211,0.732951,10.1882,37.4818,36.6474,3.18614,9.40681,20.9599,15.8457,40.2191,52.2988,31.587,54.0255,7.0125,44.574,79.7068,12.5935,22.6867,23.0414,34.385,72.9597,26.1627,29.946,59.6171,29.3372,4.47513,27.2552,397.4,846.554,626.996,190.546,6.04563,62.2734,100.15,17.1268,41.6739,56.9389,10.0232,3.26591,30.8321,20.8434,20.1704,30.467,22.4281,5.06721,15.4629,26.6036,3.62008,39.1987,24.1013,2.21255,10.0661,5.43476,33.0885,74.0489,9.51468,7.38146,7.29815,1.62526,30.528,45.5129,38.0273,11.0794,42.7307,6.44697,31.3609,87.3206,30.8707,27.8071,95.4196,72.5246,37.9899,0.115019,18.9994,100.704,159.661,5.91314,273.376,960.623,1018.17,355.591,44.0427,101.5,54.3561,9.81481,16.6658,56.7127,191.631,41.2936,68.5075,272.092,138.911,59.0519,125.925,32.998,17.5918,59.4248,8.12928,27.9745,13.1458,16.7051,23.5014,23.0068,7.80938,6.06066,8.06763,24.4683,8.72643,0.345594,5.79406,23.7309,5.93752,11.9285,16.4069,0.994377,31.1619,60.3515,6.76691,97.2764,71.4471,77.0633,73.5757,24.5752,44.9852,243.325,154.49,21.5381,160.038,353.449,310.945,178.758,123.346,93.4128,85.0541,75.8225,51.9567,61.8687,91.9513,18.8213,9.84138,96.5719,90.7731,13.4794,3.39206,39.1309,44.6295,10.6867,2.17297,1.30146,9.64622,32.2516,5.61712,11.3632,5.77151,2.5831,25.9619,25.9286,3.62481,18.4441,16.4287,14.6842,18.2877,0.456157,28.5569,29.9368,21.8065,16.18,13.9572,30.4117,38.5784
4.458231293,67.8428,167.033,166.605,69.4589,20.3503,25.9815,25.4618,103.967,39.3071,6.83909,8.65244,0.740832,0.1054,10.7445,28.1645,49.0449,0.839074,16.0147,23.8462,19.5501,61.9738,38.4111,34.16,33.4947,15.1971,65.3643,89.0611,6.08097,9.90441,31.3313,23.3314,117.081,36.4976,39.5456,112.073,41.5462,4.05688,17.3666,582.734,979.448,630.127,252.227,19.5507,53.4288,127.478,42.4557,68.39,67.5611,5.7086,3.24425,49.7839,15.2777,27.5009,71.2489,39.005,2.59789,21.8625,43.0833,1.23169,43.3755,23.6993,0.139482,7.3762,10.266,50.7926,141.918,1.38664,30.9787,26.9059,19.9767,70.1991,13.2801,63.7056,2.78869,60.2951,8.02455,33.2523,105.019,22.9752,19.8947,106.345,48.447,50.3865,7.89244,15.1293,104.607,244.366,18.7602,346.82,1185.83,1290.39,485.258,111.265,127.003,40.1066,3.31415,19.3062,33.593,273.367,53.422,80.0625,305.071,266.048,141.889,125.982,44.3906,23.2842,109.237,26.2152,26.9435,13.8477,11.7775,23.3717,21.2022,10.0325,12.297,36.1121,60.584,4.66786,2.35682,13.5819,61.4957,18.3978,28.1624,20.7318,2.50419,29.6552,78.4523,0.68748,134.835,39.0955,84.1997,43.1999,32.8881,47.2999,303.057,129.465,8.62947,169.902,494.038,412.844,203.273,120.6,163.864,174.537,70.5129,65.8009,157.82,159.519,6.12812,1.90409,146.256,114.747,6.50937,13.1729,51.1356,46.6964,17.1207,2.82631,1.5503,8.97226,56.1176,2.68919,24.0604,1.8203,6.91152,49.8616,27.3178,2.29589,15.9469,25.9875,28.3309,30.7635,6.52714,47.2419,23.2454,30.7396,29.6046,4.71963,40.4656,19.468
5.944308390,77.7477,260.038,287.32,102.258,11.0095,47.8937,83.345,197.252,60.6829,16.9224,7.94015,0.451075,0.49328,13.0851,13.971,62.7777,21.4312,46.2773,57.3923,69.5711,136.446,45.7973,60.5739,4.57801,50.0021,133.513,111.466,6.67497,2.02879,59.4936,36.6551,195.654,40.9063,36.1418,204.594,99.7123,27.9278,54.8258,889.417,969.37,529.762,350.483,31.3569,39.4156,155.321,69.2319,97.7335,89.0798,0.292103,11.197,84.135,16.8415,44.3734,140.344,74.8685,1.75258,40.3504,79.0935,15.1847,40.9065,21.0833,2.98363,7.1794,10.9767,89.1781,286.882,65.7104,130.347,130.645,131,178.139,5.13526,135.141,34.7217,84.1495,4.14239,43.9426,121.902,14.106,12.597,117.952,21.882,65.8706,38.8218,19.2321,121.366,365.284,77.5723,385.792,1284.63,1474.09,551.213,193.789,164.269,14.385,6.78422,33.1735,32.3335,403.966,104.701,77.8681,297.801,453.908,268.973,95.6198,58.6662,62.333,204.955,66.7724,12.475,24.0283,15.8647,42.4845,29.9038,43.6152,48.0623,130.316,153.739,17.4037,23.8,56.7483,146.552,58.4618,52.1122,20.977,5.05481,24.3348,90.8969,26.7225,200.909,23.0668,106.281,13.9374,48.931,84.8441,362.653,83.072,8.44391,182.518,644.383,431.148,218.362,84.0914,231.421,342.251,73.2875,87.4718,367.875,294.609,6.37696,12.4263,250.615,154.752,3.48935,40.6594,57.7141,38.3782,31.7758,3.49584,1.97579,12.289,101.892,26.1206,58.6117,7.62127,27.4396,97.1588,29.29,3.57471,9.60503,40.5462,40.2024,40.5945,25.4192,80.8855,14.7639,45.1692,61.6771,7.03578,64.6984,10.5313
7.430385488,81.4261,351.685,424.171,150.008,0.833338,84.3739,191.194,330.041,111.625,36.092,8.15993,0.0388183,1.77422,19.2061,3.06229,78.4994,80.5296,115.645,155.043,201.824,288.938,124.4,122.401,9.81731,128.288,266.943,170.864,25.8015,23.7066,114,105.965,307.922,57.9493,35.8,350.538,243.219,118.978,207.988,1283.24,878.839,370.727,497.32,44.2025,41.465,175.938,81.731,126.866,123.866,4.74325,36.3901,133.016,38.9867,79.3901,232.045,135.725,15.8319,81.6059,140.205,56.0004,37.4791,18.2356,19.0242,14.3717,15.0765,173.625,522.85,281.14,365.105,391.356,410.414,396.156,101.921,276.428,140.331,125.599,0.115878,73.4266,138.168,6.65645,11.4362,130.62,10.8984,83.4335,95.4558,46.0127,180.476,517.973,176.693,361.02,1243.99,1514.26,531.088,259.875,215.206,0.92495,28.8641,69.8086,99.8956,580.383,213.36,58.9755,276.809,665.131,423.602,62.337,74.9361,156.1,351.392,143.898,3.3751,49.07,54.8803,98.4999,81.5965,140.484,155.894,328.92,331.927,88.7236,93.5529,165.954,289.562,141.636,81.3785,15.7011,9.1946,14.9682,97.7349,98.0639,292.766,60.9085,145.624,9.33014,73.8602,155.304,406.023,50.6228,18.6745,231.406,778.984,356.498,220.856,37.3243,296.295,589.555,144.996,173.07,715.017,532.836,67.9141,84.4142,416.997,231.163,20.5434,88.5743,61.157,25.0631,55.9515,9.53775,6.97651,31.3331,174.69,99.3166,124.877,43.6889,78.9025,169.121,43.946,7.75573,6.38508,59.01,44.8829,44.5736,58.2237,128.308,22.5196,74.8391,121.993,44.2589,107.298,35.1384
8.916462585,80.2955,424.285,538.05,209.845,5.658,138.768,340.318,481.662,192.348,63.1514,12.3344,0.501186,5.1137,30.8365,3.26671,97.9218,172.437,231.786,332.149,423.315,510.151,295.78,231.63,86.6435,260.047,450.959,274.933,75.1718,89.246,199.125,237.828,433.088,105.638,63.4078,546.172,494.928,306.321,490.538,1655.43,818.283,245.495,689.05,71.5911,70.7183,181.336,76.4336,143.25,174.612,31.6345,82.7227,183.129,85.3862,137.158,328.881,210.612,54.7765,148.521,223.48,121.993,42.1588,20.9522,51.8702,35.3878,36.8803,313.466,832.978,666.784,749.478,823.998,872.348,742.525,350.491,488.538,321.395,196.915,10.814,126.155,149.812,4.59861,17.7192,144.509,27.898,105.746,157.407,101.443,301.249,693.107,279.008,280.104,1076.91,1403.68,435.254,283.965,281.622,22.7648,74.1071,134.842,251.644,787.801,371.49,37.445,267.735,839.058,579.713,54.8165,99.9889,295.965,531.094,264.259,24.8147,96.515,140.61,198.614,200.086,317.833,361.907,623.592,590.207,247.403,231.5,346.95,473.047,265.523,115.013,7.9449,15.3434,5.27158,102.674,207.564,398.491,159.937,196.11,45.2333,110.808,232.98,412.468,64.0518,42.8788,349.508,855.367,234.579,202.126,16.4206,362.906,893.18,328.577,366.478,1152.03,876.463,229.261,244.281,621.959,348.131,70.3655,149.839,66.2822,16.8363,86.8528,26.6626,21.9681,73.6943,270.625,225.549,221.862,118.913,164.918,258.63,78.5127,16.5312,12.8036,78.5911,41.3529,41.9439,100.806,180.946,57.4774,125.968,212.798,128.62,168.691,97.5947
10.402539683,79.7693,460.551,588.789,269.865,37.8569,207.879,489.388,618.375,289.181,91.281,20.1632,3.02457,12.6416,49.3312,18.8926,118.188,268.274,387.193,567.018,690.86,751.083,531.256,386.289,240.019,431.986,639.328,402.915,157.7,192.419,304.834,397.874,544.703,186.762,136.47,753.316,824.889,586.433,842.144,1870.22,862.689,256.856,889.851,130.358,116.619,172.931,55.2725,142.549,230.062,90.4173,145.021,213.586,144.39,217.948,400.921,272.832,120.756,235.946,306.709,195.64,63.716,37.0998,95.5481,70.7002,85.5955,492.537,1158.54,1143.51,1227.25,1357.12,1423.95,1175.31,728.644,742.103,530.232,293.634,54.8409,196.287,154.451,7.43956,26.5242,160.751,74.4003,127.824,199.652,178.726,473.548,861.262,348.558,174.774,828.51,1175.86,305.672,267.088,350.754,84.5866,139.606,226.118,453.422,986.316,548.894,35.9058,276.56,920.724,704.22,88.6054,135.75,445.161,707.945,409.127,91.9288,170.205,261.178,324.633,375.454,563.092,652.73,939.247,873.987,490.434,431.866,557.752,651.185,410.372,149.757,3.46855,21.9081,1.20205,110.311,326.925,493.577,292.493,250.17,111.848,155.174,286.3,373.54,126.895,92.616,537.991,848.392,122.16,161.081,40.942,451.233,1189.59,606.508,655.616,1580.53,1263.22,485.179,476.598,813.762,482.151,154.076,208.135,75.4875,20.8033,119.836,57.5543,47.9643,132.021,374.171,384.339,330.115,217.231,273.591,350.927,127.027,31.0041,30.453,95.8528,32.6284,35.5053,141.811,228.363,113.094,192.998,324.217,250.76,236.639,177.318
11.888616780,80.6806,454.029,556.115,309.115,100.064,275.784,586.111,705.124,371.997,115.077,27.5522,8.00691,26.39,73.6784,47.1923,131.401,336.28,552.379,793.682,928.27,941.434,756.968,563.157,428.968,604.141,777.19,510.549,257.554,306.795,409.134,523.815,618.471,281.085,241.849,932.374,1139.56,892.463,1168.05,1823.11,1008.51,460.969,1041.38,214.809,163.703,155.373,29.0688,119.451,279.68,178.246,202.277,215.959,192.363,303.591,430.288,291.769,203.585,325.425,359.187,254.607,102.678,68.3416,135.621,114.327,157.505,666.047,1419.48,1553.84,1677.36,1851.79,1889.69,1594.86,1140.96,970.814,698.162,393.286,136.509,264.578,155.62,10.4914,32.5293,183.127,129.904,143.848,205.831,253.982,664.073,972.173,368.022,78.4731,577.407,871.638,204.692,238.542,392.5,165.167,223.773,324.631,619.426,1146.66,687.983,70.1601,292.99,881.681,767.747,155.815,176.426,553.067,840.231,535.966,194.357,264.089,382.04,440.772,562.285,823.249,963.765,1172.01,1097.7,766.574,654.324,726.814,769.368,540.792,180.13,5.94588,27.0357,6.72848,123.498,415.52,554.984,401.657,301.093,178.643,195.283,295.54,294.985,214.792,183.579,737.182,779.762,49.5195,109.926,102.795,579.261,1395.69,882.783,989.103,1876.53,1564.88,791.998,724.53,920.699,597.998,252.936,241.673,90.5885,38.0576,143.543,100.907,81.0375,184.813,462.486,534.21,416.292,306.879,378.84,422.243,174.887,49.1785,54.2585,109.154,23.1074,29.3073,166.202,263.428,165.69,259.408,435.308,373.139,296.264,241.588
13.374693878,79.1429,410.029,450.048,310.634,181.575,314.691,599.388,714.922,408.963,130.183,30.7759,14.6607,45.146,101.06,79.8665,126.536,362.151,675.705,933.615,1067.03,1002.64,903.5,712.12,582.196,737.994,803.715,567.528,341.183,386.883,498.47,547.664,644.064,359.267,331.448,1049.21,1341.33,1104.52,1377.31,1506.11,1167.5,841.53,1087.92,293.202,204.736,129.002,9.95032,82.9273,310.821,273.169,236.459,186.594,213.919,360.465,418.128,250.219,284.472,395.849,350.741,288.269,145.394,104.488,163.411,151.077,231.614,786.643,1527,1758.4,1945.77,2155.35,2106.5,1861.16,1469.28,1093.27,764.806,470.458,233.412,306.696,159.585,9.09347,34.339,216.573,166.577,141.792,186.224,283.205,840.318,991.428,327.384,21.0344,379.849,562.056,181.229,223.511,383.986,235.179,310.749,402.599,672.797,1241.69,738.917,127.902,308.504,720.399,767.978,227.617,199.976,597.896,873.69,608.573,303.084,350.738,464.498,509.149,693.553,1029.27,1196.48,1237.62,1187.25,988.622,833.418,795.126,782.648,618.63,204.161,12.9121,28.5784,25.0607,141.134,430.385,582.331,423.735,343.753,217.316,211.369,267.225,191.867,297.394,317.781,856.484,681.74,29.4773,63.7335,169.969,737.877,1459.23,1027.97,1284.24,1944.67,1651.97,1084.2,896.516,900.052,662.606,325.775,244.224,105.998,58.2397,153.855,144.566,112.897,211.399,508.17,634.376,444.614,357.967,449.637,445.539,209.553,65.3795,72.9544,118.388,18.5391,24.7518,165.716,280.128,190.133,301.912,526.883,443.451,329.464,269.135
14.860770975,72.8556,336.772,312.249,270.155,262.941,298.271,538.017,633.232,390.445,131.715,27.8375,22.8446,63.6202,122.116,110.065,98.9593,349.141,712.729,928.618,1076.12,892.869,936.984,773.787,641.283,796.828,703.004,555.031,376.827,401.983,551.469,455.012,616.627,398.013,360.446,1084.01,1348.74,1150.93,1388.04,1040.32,1225.25,1282.75,1030.09,318.082,234.591,99.7965,1.6008,52.1831,308.296,346.656,239.427,132.971,204.345,362.418,371.354,166.025,338.683,430.374,277.832,292.6,174.429,128.646,177.964,160.808,284.504,819.927,1428.24,1697.94,1923.46,2167.55,1998.87,1868.06,1614.74,1058.17,709.56,500.368,302.447,319.879,156.956,6.59886,38.576,246.915,181.673,113.056,159.99,244.277,973.087,914.783,239.713,37.5063,242.23,330.475,250.872,222.225,322.813,271.964,366.344,442.272,589.423,1239.17,708.776,168.039,315.761,480.325,717.595,270.453,192.583,576.678,782.707,609.797,373.694,401.474,483.122,501.468,720.704,1121.24,1258.95,1123.22,1098.26,1087.84,905.299,736.086,687.973,612.85,224.451,18.17,27.8699,55.6952,151.895,370.837,567.096,349.593,363.763,218.719,192.587,219.833,94.5144,347.488,459.75,846.932,573.612,49.2224,33.2052,209.463,890.187,1363.44,974.809,1443.4,1766.63,1476.97,1274.16,930.727,752.387,658.411,336.316,221.7,112.254,69.9218,151.498,169.489,135.965,199.239,496.988,655.62,402.267,352.993,460.617,411.476,219.506,73.5531,78.7196,121.931,22.2863,20.769,144.819,271.983,176.293,305.627,570.041,442.071,314.777,258.388
16.346848073,56.828,255.645,188.613,202.447,319.328,229.066,427.286,483.301,322.855,119.736,20.0638,29.3385,77.8544,128.481,127.365,59.09,309.354,651.64,777.252,959.723,649.978,852.102,722.858,587.398,755.771,517.048,473.992,351.963,350.547,548.957,292.164,540.977,391.47,312.702,1031.62,1155.96,1015.62,1194.66,582.521,1139.33,1623.26,895.361,267.988,247.391,77.9357,0.00807375,36.093,273.795,373.394,210.873,74.0942,169.642,303.488,308.071,74.4982,351.778,415.576,172.686,266.478,180.819,127.569,179.686,135.597,304.811,742.003,1162.38,1389.64,1625.61,1877.18,1614.62,1604.66,1531.41,878.226,554.604,471.977,314.018,297.515,149.472,4.58136,47.1759,263.038,178.481,68.7505,137.899,163.324,1033.81,770.476,136.831,132.701,173.512,223.258,375.283,227.048,224.515,263.608,368.566,433.541,403.952,1142.56,623.14,163.947,301.877,243.769,627.438,269.461,160.48,492.469,600.978,534.603,376.553,402.173,427.001,424.17,629.929,1073.67,1124.5,872.224,860.992,1029.63,845.034,571.737,518.887,521.717,241.735,17.7568,28.3954,94.0214,143.129,272.054,504.582,220.166,351.306,189.984,147.51,170.545,32.201,349.284,560.555,710.622,470.879,75.5583,17.5208,209.331,986.033,1137.66,746.333,1406.02,1404.85,1102.55,1295.01,818.333,527.474,586.011,278.953,183.491,103.69,68.0632,135.684,166.641,142.475,152.103,435.062,590.263,307.574,293.493,408.427,329.8,200.493,70.9396,69.6198,118.988,32.1605,16.2085,113.19,242.205,128.603,271.624,547.435,376.075,254.053,217.566
17.832925170,32.4615,188.382,106.581,137.051,330.177,136.278,300.764,310.202,231.869,94.619,12.5446,29.337,89.8229,109.199,134.876,19.0765,262.794,514.46,524.977,779.232,348.429,696.594,566.545,446.778,628.352,308.831,360.49,271.701,262.561,482.511,134.97,434.436,352.255,214.128,898.836,841.55,731.82,890.741,246.427,948.578,1738.59,720.959,171.95,225.927,74.8009,0.0903609,36.667,209.644,355.685,155.259,28.2784,127.942,199.89,247.264,13.272,323.001,353.21,78.3529,218.604,163.743,104.556,164.911,92.1322,276.296,592.654,791.7,964.748,1157.72,1373.06,1113.02,1137.8,1274.23,606.715,358.689,392.68,263.144,245.571,137.303,4.88658,56.8684,258.092,165.424,33.04,120.634,96.7582,997.552,611.752,53.7701,261.607,193.846,249.894,473.311,223.25,120.599,220.817,305.89,392.661,192.345,980.956,513.297,112.711,270.243,75.0195,516.027,234.78,114.918,375.112,382.611,409.244,308.905,353.75,315.415,304.772,459.292,898.145,851.049,557.846,573.083,820.18,687.684,361.924,318.645,394.178,235.18,18.226,29.3287,142.314,106.214,183.516,396.247,95.0908,319.418,143.255,103.43,127.528,11.9656,312.864,574.753,501.208,377.281,81.9574,9.41816,189.687,966.424,862.361,435.566,1179.32,980.658,653.083,1153.62,595.299,301.459,466.262,179.011,144.725,78.2894,55.0699,108.576,138.697,128.698,90.0228,339.785,465.062,192.366,202.26,314.938,219.915,164.767,54.4156,52.9965,106.137,46.2427,8.73567,83.9761,195.298,68.479,216.148,460.769,275.882,167.142,164.651
19.319002268,10.2466,143.657,70.4779,96.025,299.321,50.7985,188.748,168.365,133.583,70.8683,7.25126,21.1074,100.68,70.0386,134.178,3.02856,225.655,333.801,259.748,609.948,91.4202,528.592,364.233,249.942,490.713,132.937,238.008,183.97,161.857,378.483,38.1673,325.842,295.323,116.755,730.546,483.376,418.73,584.219,76.0647,744.457,1582.35,559.847,86.3582,155.109,95.987,2.6131,42.713,141.075,303.061,90.1943,5.65775,98.7272,88.5055,201.344,0.994281,258.242,270.33,25.2892,150.868,147.958,72.6283,140.505,50.9253,197.027,431.063,416.263,573.669,681.771,806.095,673.35,610.213,939.003,342.834,166.33,299.595,168.557,176.055,121.527,9.66779,59.8482,235.996,146.851,21.6884,119.598,92.2305,831.509,519.805,13.064,336.073,299.908,407.661,489.048,195.424,40.4161,181.64,181.656,354.323,56.4248,771.619,404.304,42.5216,232.363,5.58333,399.246,190.327,71.4321,255.572,199.035,261.341,203.707,270.497,186.546,181.951,272.954,651.064,525.275,291.099,311.696,521.49,517.37,156.032,153.897,292.728,177.243,30.7101,39.0321,210.303,51.1265,114.601,282.166,21.4573,279.967,105.42,73.6965,98.6629,22.7083,250.984,502.526,277.799,304.732,57.687,5.7114,184.646,806.322,616.648,170.166,832.835,605.722,280.281,901.617,342.119,137.136,328.698,86.7574,121.513,40.0167,35.0107,83.6833,88.0895,107.913,33.9031,233.103,325.074,89.7374,113.706,205.919,118.271,122.15,29.5107,39.1037,78.8987,68.5796,1.0343,55.659,152.758,17.6983,154.603,344.395,167.798,90.2428,112.604
20.805079365,4.68096,126.582,65.6179,77.1171,252.628,3.29036,100.769,85.2457,53.6526,58.8255,5.63897,12.0327,109.003,29.8938,121.931,29.9069,197.605,159.204,80.9105,473.988,1.45668,404.126,178.56,76.2732,399.029,30.6084,121.083,130.569,93.2559,256.878,15.0466,255.131,230.404,72.378,548.844,178.484,209.038,335.397,89.3504,576.948,1227.81,459.14,47.8504,66.2851,136.064,16.5334,36.6441,92.2543,233.097,35.2111,8.30896,89.4776,17.4318,184.613,16.158,183.232,208.076,5.75389,91.6428,155.803,65.4182,111.062,27.4744,106.76,274.136,161.103,294.254,319.838,377.789,370.935,196.003,645.876,147.801,31.5231,224.795,76.2316,96.0626,114.118,17.6777,45.9982,216.736,112.447,42.0117,147.696,151.123,572.953,516.138,24.769,305.294,448.092,685.366,439.883,148.753,11.3963,176.443,64.3904,318.808,45.8769,559.436,291.246,6.37352,191.811,23.5092,301.065,144.961,53.2395,160.356,93.9308,121.909,101.369,186.127,71.0096,94.23,139.155,376.161,268.424,122.46,118.513,252.305,374.343,24.9633,83.658,255.578,88.0354,66.8889,91.3871,295.771,11.5656,52.6942,202.329,15.5991,223.251,110.978,70.1302,69.5302,49.7957,174.833,389.773,94.0251,266.966,18.7069,10.7626,210.676,552.432,433.693,46.9892,475.016,342.284,78.3003,608.017,155.382,47.9848,201.543,62.8829,121.878,6.0139,19.2861,74.6572,30.2137,95.661,8.33512,124.07,215.533,26.5591,43.3648,114.109,53.0141,71.6543,16.6831,33.4586,42.0878,104.782,8.26371,27.2099,132.682,8.41423,90.8572,243.159,82.1217,39.0911,73.507
22.291156463,15.9563,132.039,79.9364,63.814,210.7,16.7819,41.1871,46.2225,18.1436,63.6671,7.23833,13.3003,113.556,5.03375,102.994,88.6833,173.577,45.6866,16.3832,394.843,130.995,338.768,76.1592,21.6518,357.794,18.8862,38.5787,108.936,95.1743,159.927,22.801,240.063,198.079,68.1663,379.055,27.361,113.178,198.93,264.885,436.812,813.501,468.152,49.7989,10.7791,182.487,48.3933,23.2988,61.8074,164.398,10.7019,26.5488,98.5694,19.7708,194.212,32.7811,133.111,191.175,2.20324,75.283,205.775,108.047,94.1576,19.4127,49.0837,150.527,42.3905,144.073,153.94,164.836,202.844,33.1679,460.834,41.2755,4.41948,180.366,24.8022,37.2588,112.376,33.0017,28.5114,201.905,67.1933,91.5642,212.012,230.173,318.316,550.849,99.2996,200.102,592.769,1020.82,392.581,110.092,63.7323,202.551,37.1959,304.281,107.146,373.313,198.697,13.3004,157.459,100.264,216.257,105.317,84.2328,107.258,51.5974,32.5771,35.6103,115.809,8.13588,49.7752,78.0695,155.354,120.475,41.36,33.5479,80.4525,273.248,34.6791,122.914,293.172,44.5756,132.861,216.923,389.87,14.0339,11.5633,154.868,50.5607,169.553,156.096,84.5454,38.1576,80.0362,98.4953,280.515,10.8155,260.045,2.73157,37.508,245.373,296.306,318.087,64.921,206.789,191.621,40.6807,354.119,71.3395,13.2137,119.725,120.027,148.395,10.3341,22.7574,87.4679,1.58821,97.8571,18.7879,41.9932,144.024,3.56269,11.7643,53.2865,19.178,31.3144,26.834,36.0575,16.2793,153.612,49.8695,13.3314,139.988,60.1762,41.0676,175.241,47.4446,12.8003,49.0222
23.777233560,35.3753,155.029,101.907,43.384,186.884,69.0705,16.6245,31.3322,29.3292,82.9273,14.3945,31.3578,111.957,3.27871,83.1345,149.166,155.416,11.0154,43.0343,376.875,409.647,352.96,94.8,103.874,347.952,85.1723,2.21664,122.927,168.007,103.334,29.2664,262.934,217.698,64.8705,258.557,37.1587,96.6711,189.652,497.616,318.819,477.512,578.797,84.2277,16.2599,224.387,96.3023,12.5393,42.9404,108.885,16.8641,49.2953,125.795,84.7741,224.269,39.9408,124.059,211.143,11.2281,114.954,301.721,208.124,103.156,18.3079,34.1582,80.1805,19.505,89.2851,145.646,135.813,145.858,113.44,383.422,23.8959,81.1248,173.198,30.6482,20.3731,114.568,60.1415,24.6405,193.285,26.521,151.64,309.387,285.258,132.777,593.887,224.794,79.741,707.765,1300.77,417.132,118.713,205.772,244.64,111.093,325.161,168.944,227.137,140.635,35.4475,133.732,191.799,144.975,72.5005,141.174,105.224,51.5717,1.21808,10.1672,72.6811,11.0411,42.139,69.1855,36.6592,62.3198,12.6792,40.5018,21.8143,222.135,178.259,253.405,400.498,99.7652,225.951,431.631,484.164,52.9628,0.099977,134.63,87.3981,126.771,213.68,105.369,14.0855,98.3693,39.0197,205.399,43.7808,273.633,42.8109,93.5719,265.4,104.969,262.715,149.824,60.4543,119.683,93.4234,180.884,62.2868,5.23697,97.4843,226.901,207.265,68.9711,53.0382,120.932,30.6015,121.004,50.2413,6.28296,108.386,2.7111,13.332,22.4722,5.87244,13.1767,52.7863,49.9997,22.7535,209.824,127.031,36.1144,175.734,153.997,21.0655,149.089,63.9141,3.14503,38.602
25.263310658,60.7435,165.027,134.561,18.3036,201.464,95.9942,20.0251,37.7003,91.5831,103.499,21.4169,58.7091,118.244,15.4052,63.84,190.519,133.431,32.2849,131.727,424.817,635.583,481.903,243.976,260.11,327.231,200.595,22.2127,201.063,265.636,69.536,18.0318,313.859,287.126,31.913,194.827,118.916,138.664,302.887,635.378,238.835,284.68,755.635,145.6,65.7889,249.098,164.835,10.6585,22.3566,80.2368,26.6971,68.1482,194.032,164.488,237.572,63.6469,164.197,248.705,27.1072,169.864,463.291,360.975,116.112,19.4472,52.7918,67.8799,16.3322,101.153,198.02,169.489,178.763,332.113,372.494,67.8424,196.851,226.535,87.8946,33.8608,108.949,110.478,55.1428,196.531,4.16571,179.666,432.621,305.816,55.6463,584.124,385.615,4.42532,824.573,1383.7,524.018,215.459,425.934,276.81,215.681,403.766,161.393,152.926,88.2401,53.0018,107.057,264.869,93.4526,55.9024,160.324,149.009,88.9672,11.6572,7.26667,45.5325,66.0375,78.8344,74.3657,4.96236,43.649,11.664,97.9876,44.4845,220.082,356.191,453.626,589.058,216.554,310.587,729.189,600.908,80.6918,6.38685,144.982,107.514,95.7311,273.262,105.78,6.47338,103.949,14.3358,182.681,128.525,302.76,160.656,181.315,233.473,16.2061,251.833,214.891,9.98558,80.9078,153.57,78.205,81.775,11.0233,119.256,309.712,324.603,173.278,94.1889,155.866,127.037,190.549,73.0239,7.37687,91.7528,16.1234,38.1636,14.3697,4.25695,10.2353,71.995,94.3654,83.9139,244.243,207.233,119.069,259.562,226.673,34.2326,161.634,119.736,6.11351,41.9072
26.749387755,82.6017,150.924,169.858,27.6884,248.906,74.5807,40.0763,78.859,197.053,132.066,19.1148,84.7845,154.797,19.8655,57.4043,195.802,109.505,84.2942,258.308,509.421,666.613,713.446,506.888,412.066,285.821,308.995,123.732,386.434,344.938,39.3734,5.19488,378.065,381.906,1.61469,179.146,152.248,235.253,521.528,598.409,205.962,250.283,964.82,224.139,98.3929,276.419,239.063,22.8971,9.01436,70.5462,20.9492,93.7894,311.955,225.335,209.069,129.343,259.783,305.636,33.9075,200.752,718.736,533.399,104.614,30.2005,102.115,104.41,4.45311,159.13,237.386,169.679,287.109,570.548,406.302,114.476,286.413,369.94,166.49,45.6268,112.4,179.199,131.544,217.257,1.87558,165.772,541.955,332.884,67.5981,500.776,539.206,38.1848,999.048,1177.16,678.86,440.797,641.577,301.504,284.622,511.624,113.391,135.497,41.0162,61.3176,73.1142,306.256,80.7447,60.3966,114.275,226.192,166.756,42.3563,13.5711,31.8423,137.472,172.872,86.1597,6.28681,26.96,38.1367,171.798,121.752,248.681,454.702,713.764,816.389,322.397,386.217,1034.2,757.323,78.2987,11.456,187.674,131.349,90.7839,337.82,75.3198,12.6094,127.1,62.8883,189.918,171.596,378.896,333.373,269.792,172.889,5.98532,256.915,242.154,2.02458,54.0788,179.841,25.2277,103.206,43.0754,132.905,335.845,502.93,293.946,131.096,179.536,265.585,324.451,89.953,11.2039,85.5768,55.7343,82.8502,32.0037,12.1176,6.06451,85.762,183.475,191.295,248.85,254.102,262.296,399.042,236.504,63.0969,214.625,197.683,26.8502,53.9587
28.235464853,102.511,105.199,211.122,109.529,313.77,32.568,75.5613,158.952,327.043,174.494,7.81051,119.566,222.605,20.9455,72.223,177.742,76.9995,150.393,396.582,580.398,525.947,971.334,855.583,515.737,208.314,384.507,328.77,688.991,418.615,11.2312,19.2626,431.886,471.533,31.7966,189.212,117.537,398.539,777.842,449.972,193.411,345.718,1192.71,309.383,80.763,331.12,283.717,45.7902,3.44745,86.116,3.42668,159.226,465.271,244.778,156.259,224.337,411.109,383.632,24.7313,234.166,1023.74,715.088,70.7344,49.3379,178.806,175.302,10.785,261.781,254.803,129.561,427.681,773.597,450.462,118.141,361.747,589.658,245.447,43.3447,124.891,250.653,254.365,255.003,17.0978,125.475,610.69,375.558,133.461,373.993,618.182,247.937,1260.45,744.145,845.913,736.417,777.421,317.957,272.11,640.379,96.9604,146.31,24.4496,66.1137,28.7074,349.343,116.565,80.3917,51.6493,302.767,285.504,98.7417,25.2133,22.3715,228.846,320.23,119.136,12.6253,13.9471,84.612,252.408,242.258,261.999,449.413,1004.08,1003.13,374.503,436.103,1236.95,960.333,62.6585,20.4912,277.416,168.107,118.266,410.718,36.4902,36.0187,204.144,204.596,209.086,146.499,479.232,539.218,333.857,100.984,38.1843,274.696,243.993,11.0793,30.0407,188.9,12.7587,149.175,100.498,110.83,330.717,653.688,447.072,146.495,171.918,446.952,495.738,120.902,8.96567,84.5208,129.061,153.969,80.267,34.4657,2.55948,113.354,305.478,318.978,226.163,246.058,457.063,570.323,193.741,93.3251,282.378,288.266,76.6748,63.1298
29.721541950,112.184,49.1602,251.709,285.38,387.833,5.51769,117.382,258.609,464.061,229.471,0.547077,171.01,312.004,36.3786,107.137,155.952,38.0394,217.829,520.204,590.499,311.778,1162,1257.99,537.763,123.573,397.432,603.268,1094.82,522.82,3.5504,75.9284,446.334,525.43,157.741,235.698,58.4557,640.936,967.83,284.889,172.562,523.122,1401.86,405.553,39.2598,393.587,299.283,63.465,12.9812,131.15,9.04768,295.835,633.646,212.106,103.736,306.514,599.001,487.737,11.2935,304.479,1315.57,861.592,49.7363,70.7034,281.439,278.818,66.6805,385.852,269.684,74.2575,570.091,884.431,484.112,78.852,434.257,842.646,327.038,27.1499,138.796,313.077,377.326,318.869,45.2692,74.782,653.37,396.442,209.176,252.093,583.133,688.611,1575.65,293.956,993.611,976.815,797.956,331.781,194.188,790.002,161.961,160.893,39.9293,74.6046,1.04174,405.618,214.965,112.403,8.71704,364.244,412.581,184.226,52.8655,30.812,350.492,482.284,180.867,24.195,12.0228,141.272,326.001,375.452,248.159,367.698,1247.27,1104.58,353.35,428.664,1298.27,1149.02,88.0885,56.3299,414.91,226.541,164.514,464.622,46.5612,93.0274,362.567,422.134,224.371,91.2316,554.807,718.569,389.197,31.5398,107.172,298.667,211.542,39.6483,7.52308,206.045,71.19,227.907,167.312,66.4212,299.613,710.337,623.168,146.82,153.571,656.776,643.544,172.739,6.50549,93.8737,230.719,244.793,153.308,75.6574,13.431,164.39,433.003,431.801,185.911,196.87,666.317,745.37,128.932,122.604,338.476,352.907,165.973,76.4163
31.207619048,102.919,10.6588,287.802,545.133,468.726,12.3868,146.091,356.261,579.58,282.127,11.5596,228.711,415.166,82.711,151.587,133.702,11.6185,266.028,601.117,525.346,122.348,1234.09,1649.35,484.722,61.5348,336.759,887.47,1536.27,683.403,36.9934,165.065,408.522,522.197,357.654,333.151,56.321,959.692,1017.55,162.844,126.882,716.021,1549.5,506.217,13.2393,445.955,294.618,61.9309,41.3794,212.208,89.2038,518.414,786.406,146.477,57.5411,354.718,781.054,586.854,24.5921,415.802,1536.35,935.201,56.3967,91.8603,393.147,403.569,175.466,490.429,298.053,47.1152,692.348,846.535,500.232,25.8286,520.302,1068.48,399.051,10.9741,146.263,356.441,445.444,386.457,93.526,50.3008,684.668,364.182,263.548,157.369,501.978,1308,1852.94,54.4164,1108.05,1072.56,693.867,355.024,121.25,936.082,319.176,168.665,64.1247,95.586,26.4614,466.774,347.268,156.828,11.6609,405.313,501.236,280.106,103.871,78.0607,488.756,607.13,256.406,47.6013,29.615,197.554,361.729,478.18,225.901,267.654,1379.08,1084.12,276.669,359.546,1215.33,1251.46,190.578,143.423,586.167,305.346,193.07,488.193,145.604,209.522,588.291,653.976,248.797,48.3268,577.38,802.597,437.837,0.382589,197.46,317.832,146.174,87.4828,2.27363,249.001,205.185,324.352,231.719,21.555,258.619,643.772,781.257,166.165,163.884,849.546,719.232,227.528,14.2103,124.909,338.995,326.471,230.498,137.846,51.8638,232.887,523,500.516,142.35,141.153,829.606,895.236,86.5691,152.445,360.436,359.836,284.286,111.851
32.693696145,92.9122,2.21927,304.749,843.057,572.018,42.4801,145.121,444.167,616.779,327.791,46.7677,273.093,506.88,170.585,185.445,113.313,8.9267,286.531,601.162,420.38,18.6615,1180.86,1945.48,413.576,33.201,231.592,1118.11,1864.32,917.53,125.788,244.641,337.201,439.435,585.888,481.096,176.801,1247.2,1007.57,71.0489,52.937,926.073,1535.72,597.361,37.9877,524.645,235.291,52.253,69.7468,344.857,298.158,780.21,882.782,89.8572,28.3854,363.278,918.616,614.316,97.4832,582.261,1571.69,955.714,80.6669,103.707,493.467,526.493,296.742,547.701,338.385,84.9805,750.748,689.163,469.729,15.4293,633.076,1200.78,438.64,10.4249,158.772,344.736,449.558,419.64,157.619,82.3035,723.381,273.777,284.074,114.657,449.576,1965.89,2002.59,116.253,1214.74,992.346,536.872,370.875,113.781,1026.24,580.77,144.933,85.5266,142.854,98.7983,512.418,486.884,180.203,63.4511,458.839,473.171,389.687,174.459,145.567,615.758,674.65,294.965,98.5691,76.0456,221.608,358.79,502.358,222.299,213.989,1373.87,935.109,182.911,260.979,1005.13,1228.94,366.975,287.565,738.001,401.83,172.232,489.862,335.879,384.768,816.623,847.778,274.3,50.0202,553.249,735.142,495.08,31.1635,293.366,299.461,81.4772,131.379,42.9252,360.076,353.019,395.601,310.351,0.269712,191.678,521.862,825.818,257.871,257.112,939.724,715.2,258.871,31.9753,174.287,454.96,337.605,309.055,208.726,104.438,309.134,545.158,496.475,118.79,115.637,868.973,1026.08,90.9207,176.907,341.499,304.59,395.741,185.942
34.179773243,107.798,11.9659,273.289,1179.16,694.608,59.1222,142.083,478.082,566.183,355.506,89.7401,292.498,564.022,276.741,199.35,91.2531,27.2388,284.049,508.001,314.909,12.2052,1042.21,2053.12,409.593,31.1492,134.438,1256.86,1928.02,1180.75,291.809,271.727,248.717,298.956,752.222,747.416,413.028,1286.54,1091.16,2.86284,0.768871,1238.5,1329.38,616.361,232.047,673.956,106.114,60.6234,71.1263,622.496,711.151,909.676,899.164,118.182,23.8582,402.95,993.687,504.111,284.151,793.991,1323.53,984.648,94.6236,94.5431,600.77,580.224,385.71,552.11,361.722,187.7,739.194,463.916,391.868,78.5042,751.799,1235.19,404.201,39.3912,183.795,267.027,403.806,395.17,215.563,185.49,787.031,150.509,277.809,120.406,458.589,2494.69,2044.05,331.151,1300.37,896.69,393.659,436.198,148.532,983.198,1014.91,114.194,137.287,244.827,122.847,559.149,669.625,121.219,163.751,605.269,271.456,577.389,250.52,151.794,776.947,671.3,263.526,216.188,148.503,176.361,352.235,402.78,271.303,281.429,1194.05,727.676,97.0228,165.564,745.477,1050.23,577.622,482.281,804.374,483.294,111.834,478.777,602.868,581.836,936.375,984.508,294.749,80.926,501.613,532.889,546.451,153.281,384.514,225.996,46.3796,143.435,173.747,590.779,443.149,388.955,453.621,41.3881,87.2902,451.207,646.61,472.518,528.657,858.194,643.744,282.692,29.7894,263.633,629.58,213.408,444.471,255.749,118.362,438.282,461.797,449.765,140.38,104.374,796.616,1140.32,128.264,178.616,309.535,199.376,483.485,275.881
35.665850340,156.272,22.5561,234.383,1507.66,849.449,46.1528,159.432,434.463,451.695,355.461,118.068,283.521,570.048,358.788,191.724,67.171,53.0517,262.983,353.344,229.185,65.6068,871.944,1936.9,505.838,46.2031,106.082,1255.51,1715.6,1353.88,536.421,238.763,172.79,149.593,822.331,1097.94,705.253,1064.11,1243.09,67.672,88.8712,1741.2,1036.36,586.602,717.913,894.176,8.87743,137.775,107.252,1115.93,1355.99,827.028,843.795,317.557,78.6653,589.238,1019.46,308.916,601.169,972.5,888.495,1014.24,100.652,90.5662,693.663,544.427,408.446,499.803,343.956,328.532,658.845,247.589,283.297,193.253,863.266,1164.42,306.027,94.0418,212.073,155.47,329.442,312.003,252.434,353.847,845.769,68.5975,249.912,159.899,514.6,2768.74,2016.69,472.103,1436.98,902.945,362.72,609.057,169.764,846.843,1597.73,210.789,302.777,442.473,72.4439,663.681,915.219,29.5988,348.96,856.594,52.2392,847.031,359.448,92.2204,989.37,657.427,194.259,423.262,236.558,92.9543,341.643,233.717,368.368,469.046,898.055,506.799,53.3551,91.9108,502.893,761.967,747.672,681.282,761.658,505.135,52.4121,486.27,885.664,729.15,908.867,1013.47,327.592,107.01,428.427,291.979,570.282,378.666,434.065,137.098,34.0692,141.12,412.094,939.301,482.215,317.279,674.632,191.833,13.5286,437.093,345.786,779.52,998.023,688.494,530.801,359.687,15.1085,452.476,875.811,51.3022,647.121,297.555,91.2183,629.235,330.27,398.733,244.361,79.3249,701.238,1221.7,166.828,167.203,279.545,94.6208,529.983,342.594
37.151927438,247.548,36.0685,239.746,1760.83,1040.73,22.1994,201.883,329.897,307.121,329.251,115.475,251.266,522.16,380.022,166.278,43.7558,70.1225,227.904,192.912,167.326,116.957,705.505,1637.83,661.899,78.7752,159.742,1122.01,1296.26,1359.94,796.933,194.258,121.286,43.3266,847.499,1434.23,920.061,724.771,1332.5,397.35,465.835,2503.38,839.729,602.113,1406.19,1211.91,62.951,337.166,300.824,1844.54,2127.61,612.236,753.435,707.361,259.519,975.31,1056.08,146.539,1008.88,1052.79,443,1014.96,127.164,122.388,745.939,436.174,355.781,408.975,277.177,457.031,527.289,98.8721,176.849,302.285,930.077,1024.63,178.833,156.724,222.132,61.1892,252.208,192.776,263.514,539.876,878.162,70.4709,208.18,213.087,555.788,2744.24,2005.15,400.93,1663.38,1054.15,481.941,872.571,167.034,726.037,2249.68,560.617,657.438,754.03,25.6366,847.699,1240.51,12.9555,670.832,1195.8,18.5532,1156.62,543.271,30.3471,1256.48,707.649,169.21,701.53,339.093,27.1714,332.985,83.7566,493.641,696.133,585.983,308.981,63.6926,46.2578,315.394,450.107,815.424,821.471,620.956,455.766,41.622,515.837,1127.01,762.04,751.11,921.608,358.945,110.591,339.258,118.305,576.999,679.036,416.111,66.3198,35.6751,147.307,736.799,1363.03,510.747,248.019,957.562,456.007,51.6033,467.536,90.125,1124.71,1591.66,557.703,446.488,535.355,43.3038,787.423,1178.86,6.81554,892.056,384.704,71.3034,860.15,249.387,378.764,440.062,49.6737,674.963,1241.37,186.296,151.264,262.591,43.9537,534.591,348.659
38.638004535,376.297,65.298,303.906,1890.84,1235.8,30.029,253.142,205.195,175.635,276.648,85.5979,208.474,429.131,334.153,129.793,27.2356,61.3086,195.995,67.8909,126.771,123.587,539.883,1264.16,781.794,126.315,263.163,905.474,806.754,1183.93,988.775,180.933,110.265,19.6614,848.707,1696.37,947.39,398.855,1275.11,1020.13,1253,3457.23,912.535,695.71,2082.55,1624.59,346.541,653.803,740.117,2725.35,2811.17,426.647,673.009,1228.71,631.254,1485.29,1128.4,129.582,1453.35,1003.7,154.065,928.001,220.308,216.609,742.762,292.621,240.576,320.526,169.798,536.972,371.436,32.7397,99.893,349.938,911.872,874.666,62.2383,210.355,197.051,16.0176,196.954,78.0827,261.249,647.168,890.105,153.27,151.921,258.374,525.723,2454.14,2106.1,182.239,1919.46,1282.06,733.405,1146,164.667,709.541,2828.09,1229.93,1192.96,1116.48,82.0178,1113.02,1623.08,175.201,1099.24,1589.36,276.641,1463.12,784.651,61.4389,1543.63,877.939,263.6,965.472,461.771,33.7996,339.747,32.29,595.468,863.563,339.117,173.413,99.0242,24.7233,189.173,200.944,758.467,846.512,435.839,350.2,101.58,564.628,1244.59,684.751,520.481,748.006,351.303,90.523,264.591,73.5269,615.695,959.021,352.46,22.6744,39.7384,181.061,1083,1786.65,558.156,244.554,1258.57,801.11,230.088,509.109,11.5602,1439.39,2204.26,540.505,438.13,788.977,197.629,1290.13,1472.64,157.164,1124.35,575.343,141.049,1077.19,277.008,406.575,691.42,63.2515,751.277,1188.05,175.285,129.806,261.052,84.9906,500.561,284.489
40.124081633,519.506,122.369,409.964,1854.18,1389.33,103.121,280.339,110.017,88.5688,194.824,54.3334,169.819,311.33,246.588,95.7962,15.9408,36.035,164.432,5.95094,113.063,83.9493,359.508,928.268,776.248,184.259,374.885,642.054,400.317,873.832,1054.31,218.744,128.277,73.6163,870.479,1774.88,815.122,151.678,1099.29,1750.55,2463.72,4461.55,1215.23,841.015,2574.98,2023.91,795.855,1043.52,1409.04,3529.91,3228.3,380.644,648.337,1731.11,1204,1932.3,1214.34,317.216,1827.39,897.989,50.0901,747.643,400.315,390.653,670.88,161.2,114.217,248.345,69.587,543.468,233.594,21.0095,69.2785,301.811,814.823,727.098,3.50634,250.847,134.608,20.8623,180.285,16.9491,242.904,625.876,870.171,283.748,91.1605,278.189,396.014,2026.51,2338.39,54.6673,2149.92,1371.82,1060.96,1355.29,193.251,764.232,3264.16,2094.82,1754.08,1463.75,286.237,1394.84,2003.5,535.62,1514,1973.34,790.688,1694.6,1023.58,236.887,1776.81,1171.87,488.739,1107.4,594.484,149.809,367.43,87.5605,644.215,881.83,222.851,112.148,108.775,15.2139,119.584,52.7928,623.471,723.027,273.58,236.387,217.037,588.116,1216.12,532.219,307.153,550.335,284.356,66.051,221.972,173.334,738.394,1104.45,278.922,4.08052,40.8711,225.361,1382.52,2116.38,622.69,324.636,1522.67,1131.23,510.225,557.334,113.323,1659.26,2698.75,660.124,496.6,1032.2,542.277,1878.01,1700.71,434.825,1302.19,879.492,359.764,1195.98,406.341,489.928,906.768,181.219,886.972,1061.31,142.681,107.99,258.941,202.858,458.457,165.124
41.610158730,606.24,217.492,535.105,1611.3,1466.34,253.832,251.516,68.0799,51.053,100.427,46.0529,157.315,192.509,174.624,62.2401,7.52546,18.7583,123.741,12.8509,136.445,59.9162,167.25,725.284,603.166,258.22,428.734,402.425,132.355,549.006,961.496,316.38,143.322,154.995,944.483,1600.61,610.978,21.874,879.974,2291.12,3922.14,5353.39,1530.34,979.385,2795.33,2242.3,1226.71,1484.56,2125.75,3918.79,3370.7,473.42,641.537,2103.8,1895.82,2061.78,1310.32,666.615,1953.98,883.236,74.3724,495.807,662.814,653.772,518.366,81.0886,41.4267,178.484,15.4743,495.816,147.659,28.5196,78.3091,184.995,658.273,570.631,38.516,287.523,52.407,71.0705,217.204,17.652,187.873,524.586,762.621,439.474,33.1438,314.12,175.896,1664.01,2465.29,312.897,2408.37,1125.03,1408.74,1476.3,227.538,835.015,3566.95,2781.65,2187.1,1732.91,572.506,1578.29,2321.88,994.062,1743.39,2287.31,1385.58,1745.62,1204.98,548.192,1834.28,1513.59,814.666,1030.54,724.683,378.356,402.917,180.671,661.498,705.184,244.496,131.949,84.4682,7.57287,93.8447,20.6667,472.467,499.9,172.17,169.695,315.736,579.213,1031.59,388.825,166.931,381.141,179.52,63.8239,216.64,353.506,946.647,1095.75,198.646,10.0778,44.1564,235.54,1607.94,2268.32,652.387,480.45,1700.55,1305.33,812.632,621.422,270.263,1771.59,2981.44,826.958,572.07,1194.38,1020.44,2372.79,1857.32,666.457,1401.48,1252.67,692.017,1173.45,566.455,595.9,992.55,424.605,1011.57,858.663,120.002,90.1663,252.197,316.048,449.228,43.7415
43.096235828,599.22,333.167,624.688,1211.76,1435.48,441.639,184.331,59.1925,48.0739,36.1286,50.8134,182.574,129.11,142.753,43.4985,3.92301,12.1737,87.621,91.0762,194.848,124.825,52.5076,623.859,369.365,322.401,411.125,217.275,11.5646,294.979,756.119,447.622,133.439,212.022,1035.91,1226.51,422.221,7.62978,642.858,2503.86,5220.27,5941.76,1687.84,1020.25,2730.51,2178.84,1455.04,1882.48,2635.81,3723.61,3247.36,637.041,609.326,2282.27,2488.25,1833,1333.35,1013.05,1829.79,972.025,143.451,271.476,922.913,986.833,341.827,51.7196,34.1739,108.345,18.7156,437.134,120.473,36.6355,101.074,78.7972,474.778,404.544,144.102,335.965,5.64577,173.053,296.669,56.5594,122.208,380.364,580.41,575.412,19.7977,390.872,21.1858,1356.62,2362.95,1080.61,2670.17,638.552,1715.33,1516.81,220.535,948.429,3639.56,3001.59,2368.73,1841.4,811.798,1615.81,2454.02,1390.06,1714.62,2416.25,1841.13,1584.62,1253.32,906.603,1676.12,1736.63,1170.57,751.153,830.419,667.702,425.697,247.636,638.511,439.057,322.817,242.128,91.7256,5.18927,102.441,107.169,344.239,282.656,163.4,150.135,333.623,538.963,736.161,313.05,127.137,254.79,82.3478,104.862,233.086,527.367,1172.3,990.942,113.043,38.0318,53.3099,191.824,1754.26,2211.12,595.253,666.898,1742.21,1255.9,1040.08,694.672,354.669,1792.91,3014.47,920.959,598.691,1244.27,1458.06,2620.55,1924.21,705.407,1416.27,1616.14,996.826,1035.97,661.981,646.145,959.697,700.328,1064.13,616.245,117.659,93.9502,229.687,360.786,473.329,11.8713
44.582312925,521.377,405.92,653.714,736.188,1331.3,581.754,110.339,63.6085,52.2857,12.6878,59.9345,270.777,137.179,142.554,62.3731,9.39904,14.9214,62.3803,246.411,315.126,276.498,61.2811,575.472,214.909,346.824,360.173,101.414,19.6807,120.592,569.59,516.798,113.336,221.923,1052.32,830.041,274.278,74.8213,393.189,2459.13,5798.47,6136.59,1629.7,914.1,2459.72,1793.98,1431.91,2047.82,2828.24,2933.6,2956.87,751.902,535.228,2239.38,2767.45,1351.25,1243.74,1191.46,1504.77,1125.58,195.129,142.131,1075.51,1326.95,241.614,55.8608,57.544,55.0221,74.2157,356.599,152.24,56.9938,120.309,33.3479,288.558,260.668,237.657,431.773,60.3144,344.334,378.158,100.995,73.5092,244.803,345.104,677.3,112.376,525.852,50.7598,1029.05,2087.84,2070.91,2918.67,191.845,1986.28,1482.43,160.049,1076.43,3410.55,2713.08,2180.33,1811.94,857.521,1504.51,2335.52,1552.23,1456.23,2271.79,2028.02,1210.21,1183.56,1130.21,1372.89,1696.46,1446.29,412.619,880.261,962.207,399.91,262.233,568.731,207.835,383.429,438.478,188.456,28.5722,159.28,279.643,249.497,147.801,251.205,167.583,255.599,461.643,429.662,309.788,145.681,181.603,37.5093,177.399,235.999,643.179,1316.94,844.278,38.9639,86.5859,74.7379,132.665,1792.74,1968.24,453.806,786.153,1702.77,945.886,1177.28,725.795,331.669,1692.41,2840.05,867.441,545.851,1189.21,1618.23,2636.55,1799.59,575.921,1282.19,1918.41,1149.13,797.311,669.545,572.15,870.212,840.908,1051.37,377.991,127.077,126.119,179.966,335.927,501.073,106.057
46.068390023,409.768,388.016,613.238,314.266,1190,614.92,54.7938,67.1275,51.5951,14.378,69.9497,405.093,229.467,165.321,92.1231,23.5703,33.8325,81.2674,474.032,489.707,429.771,186.691,593.759,157.675,327.328,339.346,53.3576,133.712,28.3663,465.223,470.532,97.9268,184.231,978.844,522.606,150.035,179.654,184.286,2260.26,5340.04,5932.02,1413.03,752.808,2008.34,1235.3,1156.89,1934.71,2631.23,1832.79,2585.1,731.771,453.029,1945.56,2688.93,774.863,1109.21,1067.14,1132.19,1206.46,235.961,114.049,1079.63,1542.83,313.463,105.052,83.1843,27.3568,150.468,254.468,219.822,113.585,128.988,34.5753,147.94,158.927,250.18,575.148,268.852,584.693,442.993,115.778,36.5525,155.009,138.361,711.214,351.865,699.857,265.761,679.771,1739.11,2780.21,3114.97,119.681,2233.39,1385.88,77.8607,1095.79,2991.96,1998.59,1699.75,1644.23,686.172,1283.7,1981.85,1419.21,1023.94,1933.37,1852.04,776.246,984.037,1132.73,981.969,1415.9,1527.77,174.005,904.56,1181.97,322.032,220.238,466.437,69.7277,424.154,668.71,364.459,114.512,290.727,457.207,193.844,108.4,403.315,212.659,134.697,347.235,206.79,335.88,172.298,137.6,59.181,265.454,203.618,672.896,1327.23,663.784,13.7589,153.354,116.642,131.483,1661.33,1627.15,273.725,796.467,1588.75,512.119,1203.78,714.378,227.8,1433.39,2533.48,676.373,453.231,1014.05,1461.8,2366.29,1551.48,332.429,1029.98,2047.12,1123.75,523.802,592.257,413.694,730.376,787.766,955.696,218.005,114.256,176.632,109.947,265.359,508.556,297.142
47.554467120,304.653,268.028,538.294,55.6275,1032.35,557.054,19.2643,64.8248,38.1067,25.9404,99.6888,528.253,395.186,203.204,91.2711,57.4017,89.049,175.039,710.234,707.228,509.696,353.405,672.014,158.016,283.873,402.234,89.2395,317.077,27.8609,425.32,347.728,82.6486,136.01,826.516,330.127,64.9069,261.42,50.5343,2046.52,3955.15,5406.96,1182.45,607.575,1495.1,679.733,726.561,1617.79,2073.26,832.641,2183.25,612.978,391.786,1463.68,2304.06,347.74,974.565,713.077,809.656,1104.26,302.671,172.249,938.258,1554.69,570.777,240.246,122.164,38.7613,201.806,155.975,284.643,224.961,138.365,45.937,67.0483,94.6729,173.852,763.936,621.68,844.817,492.724,87.9761,14.2108,113.457,21.0465,676.063,689.9,884.931,567.386,358.687,1387.43,2873.38,3160.42,609.762,2457.55,1238.82,17.5713,978.057,2459.29,1151.97,1081.04,1366.89,402.267,1005.58,1503.01,1045.17,552.591,1536.44,1377.62,418.91,701.278,926.823,598.416,997.817,1384.57,128.911,959.584,1290.23,206.515,141.31,354.535,51.8003,463.568,857.068,541.419,292.191,516.47,561.248,164.505,147.345,576.024,274.879,61.6288,225.398,83.5333,347.979,165.643,111.376,133.314,328.594,149.277,630.277,1217.6,454.114,64.2656,237.862,175.654,213.235,1394.68,1234.05,129.471,720.84,1383.67,167.261,1125.03,686.765,121.224,1027.76,2166.82,457.611,345.097,763.124,1075.28,1861.09,1254.27,98.1335,714.041,1951.59,1001.12,307.426,469.024,249.199,569.433,578.418,802.8,131.318,73.965,237.195,42.1809,190.012,463.723,533.054
49.040544218,211.675,109.457,487.467,10.3303,855.098,470.032,0.81597,59.7406,21.1714,37.6727,140.251,615.975,580.264,241.853,59.3777,120.198,200.253,349.565,885.064,883.731,519.134,465.034,760.786,211.944,236.116,516.928,255.055,567.444,129.243,367.649,245.006,47.4507,79.2566,702.932,203.514,18.0917,307.004,23.7456,1864.44,2241.02,4619.91,1084.42,518.035,1043.08,261.591,314.895,1213.04,1331.53,219.522,1813.44,531.74,354.088,914.487,1778.77,202.634,849.954,374.72,549.596,849.136,386.931,297.031,683.43,1402.36,957.667,457.375,209.287,94.5911,233.448,67.8784,334.227,354.278,178.719,45.9179,30.1315,48.0469,76.8251,960.289,1074.52,1039.68,509.573,41.3075,13.5552,108.428,12.1083,631.515,930.219,1104.2,827.324,119.325,1041.33,2443.5,2884.22,1506.86,2764.23,995.885,0.88071,842.083,1809.94,494.43,549.337,985.415,179.467,743.814,1005.93,608.982,194.776,1178.95,835.622,181.632,428.353,622.773,285.219,587.114,1083.59,275.529,1065.34,1295.21,87.3302,74.9461,253.915,141.052,515.687,915.766,689.193,518.891,782.473,609.984,121.825,233.068,748.84,335.905,71.7422,157.619,41.976,305.047,139.666,87.9508,226.9,351.523,92.5142,556.688,1068.21,222.345,202.865,375.942,224.16,296.116,1145.34,761.663,110.535,674.495,1022.61,49.6535,1063.15,635.718,78.9655,614.048,1727.4,355.456,258.035,476.38,653.56,1234.67,969.829,1.4543,393.292,1692.74,898.267,198.313,379.051,158.031,394.056,354.028,611.297,91.2138,44.7049,264.69,21.6787,155.481,332.497,803.506
50.526621315,146.881,27.3087,485.953,183.085,661.22,374.63,16.1839,52.0601,9.49877,42.3009,171.009,671.571,701.704,275.983,18.6755,208.043,389.672,572.138,919.637,974.266,455.546,483.557,826.715,286.871,177.429,634.252,571.576,840.8,335.985,277.667,177.216,8.09298,42.6518,638.83,121.401,12.6674,326.223,158.718,1621.23,890.709,3647.02,1211.29,449.568,748.382,44.0042,56.6053,862.802,643.988,42.8051,1573.84,600.522,310.302,461.404,1221.34,346.032,795.573,184.189,347.405,565.956,422.003,473.373,389.563,1180.54,1372.18,699.352,334.078,200.117,266.543,22.8936,352.38,436.173,264.014,27.2009,21.5274,23.7432,29.0317,1139.13,1524.56,1076.55,499.432,6.94492,36.2294,122.711,89.985,622.249,916.063,1312.61,999.157,7.05558,719.201,1755.39,2283.87,2419.78,3128.88,728.778,25.6548,716.672,1187.25,138.447,214.924,605.042,105.706,544.597,600.352,260.347,62.5731,930.579,411.975,74.8063,262.532,316.503,87.4293,300.517,712.656,556.147,1183.79,1195.3,28.801,38.4679,184.163,317.488,576.526,790.683,804.707,679.541,1016.41,645.857,60.2424,345.517,866.435,402.736,142.684,157.127,46.3004,221.224,125.91,83.5811,291.9,337.726,56.5933,496.692,923.08,48.919,397.488,567.336,272.241,312.4,935.419,334.484,226.415,702.318,583.404,145.86,1120.09,609.557,75.1098,314.932,1268.98,386.937,222.111,221.115,307.492,695.44,698.199,74.8468,146.365,1407.36,877.893,206.6,347.48,170.155,259.84,208.444,408.374,87.5073,41.8663,228.051,82.1891,169.905,184.368,1075.53
52.012698413,128.107,77.6426,553.372,527.974,439.776,303.476,62.7889,35.7353,1.39732,52.2031,162.262,696.132,724.664,277.033,1.29457,316.763,694.355,762.501,775.193,997.118,318.205,431.774,810.412,382.782,92.5135,792.449,908.072,1060.08,654.735,161.321,158.116,5.4874,85.7331,598.803,79.715,34.9137,319.568,449.108,1323.32,174.54,2642.44,1556.29,335.529,603.333,76.544,42.9641,628.633,214.87,183.336,1423.09,871.989,279.063,178.409,704.443,650.122,870.437,142.848,189.107,357.393,366.587,711.25,137.913,966.226,1640.8,968.95,419.065,313.486,347.399,57.4189,315.42,445.404,399.857,13.067,29.7387,30.8866,66.4192,1231.74,1901.55,910.445,473.862,27.1158,94.7949,134.511,174.986,648.825,670.536,1436.27,1108.96,27.6417,418.346,1106.17,1520.89,2997.24,3325.77,612.508,64.604,645.05,651.994,64.7713,61.1188,368.618,150.365,389.208,352.28,96.8003,112.437,791.353,241.349,68.0838,248.028,89.6189,10.9831,153.921,413.315,827.529,1199.37,1072.82,43.7877,21.7387,146.119,545.876,618.323,539.99,856.201,693.296,1162.61,703.823,10.8227,442.661,873.691,494.401,224.022,196.946,69.0932,131.466,176.49,126.923,299.832,287.638,76.0227,460.18,783.434,5.51031,636.699,777.261,298.045,283.125,713.122,84.4253,400.559,844.636,193.654,397.178,1271.43,647.859,89.1533,144.721,875.017,461.256,232.692,56.2713,94.5913,340.703,443.968,279.935,24.4223,1229.97,925.714,272.256,370.682,258.022,195.455,160.986,249.331,90.4305,60.3138,146.083,234.329,245.669,147.407,1298.03
53.498775510,146.533,210.561,698.455,941.736,250.723,260.34,122.544,14.9415,3.8618,73.0696,104.259,715.266,633.029,250.459,31.5332,456.731,1041.32,896.495,488.802,1002.6,142.803,365.251,662.848,525.14,51.5669,1022.22,1058.99,1185.61,1054.86,99.6285,190.555,55.9789,204.8,572.203,68.9944,62.712,305.652,761.373,1043.25,12.7499,1801.13,1897.94,170.209,581.647,374.772,308.977,505.518,51.5538,422.74,1360.69,1218.31,242.88,78.8377,332.33,888.387,1035.55,214.612,91.6732,257.558,250.183,982.2,46.3517,771.067,1656.4,1214.19,424.492,401.042,481.932,190.39,239.323,400.522,567.025,51.6625,61.7924,62.7235,159.434,1221.84,2099.29,634.353,441.993,143.293,193.496,121.649,230.349,685.387,344.275,1417.68,1169.96,150.598,177.089,653.74,790.554,3079.61,3189.5,709.825,108.007,603.423,279.326,195.862,20.6434,288.768,213.371,302.549,264.921,58.7982,203.08,781.146,321.939,116.583,336.562,18.9971,41.8256,106.536,256.203,992.935,1033.55,1000.47,87.0617,11.596,145.223,800.526,596.349,303.757,794.284,578.485,1158.75,806.644,21.953,491.333,754.019,599.971,269.665,230.308,107.603,87.6264,318.952,262.495,252.818,236.875,170.586,397.795,655.311,129.181,867.969,973.141,280.575,222.57,502.171,26.9117,538.227,1095.26,10.5996,755.257,1411.85,687.484,109.772,113.04,551.381,491.65,242.402,3.11354,16.8832,145.415,238.343,498.429,60.3507,1224.32,967.634,321.008,432.72,333.212,181.244,207.357,159.617,87.4193,87.2905,81.6792,449.328,386.24,299.12,1454.42
54.984852608,162.864,334.074,947.786,1252.97,169.776,246.871,200.812,0.564047,27.8666,105.606,39.9615,702.921,505.03,179.773,130.962,649.789,1287.46,956.13,183.326,1032.72,37.6351,289.589,459.329,677.729,159.569,1304.91,942.329,1214.1,1424.86,181.595,276.372,166.656,359.94,533.722,85.8711,84.6028,290.744,916.773,881.808,121.064,1242.72,1974.27,63.0698,683.887,855.365,770.62,501.153,56.6857,554.646,1360.98,1426.99,239.646,80.9897,127.944,914.984,1259.39,324.989,48.0043,246.134,197.247,1229.46,162.13,591.313,1431.71,1374.17,346.175,445.79,625.614,404.353,176.228,353.061,736.267,154.269,120.343,113.447,263.927,1111.53,2032.23,423.581,423.867,383.903,320.597,87.5544,262.257,685.941,97.3223,1263.32,1194.31,284.475,40.9175,389.544,302.066,2682.35,2735.8,900.066,226.267,571.852,101.173,388.702,64.5331,325.033,217.735,246.743,305.955,71.0547,216.515,866.567,519.22,223.3,486.386,77.1523,127.049,125.921,280.242,1008.93,706.939,993.852,121.331,3.42607,195.47,1013.77,550.848,164.556,631.724,394.781,990.944,958.724,134.488,440.875,583.112,643.058,275.728,221.805,169.156,130.104,566.647,513.102,193.471,206.919,322.019,289.999,551.261,356.793,1017.96,1144.76,213.039,153.637,339.481,73.5714,631.845,1387.71,129.776,1189.11,1454.49,633.718,138.128,148.989,336.588,403.011,249.706,6.41035,12.0041,59.5135,110.516,611.556,265.184,1337.23,939.543,299.598,500.368,345.695,171.536,316.107,133.579,81.1551,123.172,67.6745,698.919,596.125,589.901,1520.5
56.470929705,133.995,419.162,1257.98,1345.7,208.605,287.846,311.138,12.1398,87.2679,165.166,23.5422,628.171,399.255,83.3683,311.828,889.67,1294.87,953.574,15.8483,1100.55,106.032,212.394,288.599,784.888,441.409,1599.56,645.128,1166.68,1679.83,382.639,407.455,344.102,499.756,470.716,109.384,105.873,271.573,853.814,906.709,196.052,950.226,1751.78,119.989,857.956,1461.73,1318.38,584.095,116.107,550.597,1288.08,1417.33,309.774,86.5083,41.9,772.505,1477.48,423.064,48.4951,294.957,316.115,1388.7,446.63,411.243,1100.3,1406.22,221.182,430.4,739.162,631.21,174.325,361.546,870.211,284.259,199.117,182.23,327.164,910.21,1730.75,392.005,444.034,751.653,463.606,47.5095,275.095,645.709,1.11052,1051.42,1158.56,357.573,5.36439,245.316,122.494,2063.05,2032.64,1053.01,482.068,595.353,78.283,543.267,187.052,423.059,170.15,191.033,400.887,96.5152,164.899,979.579,680.062,386.988,663.457,212.373,243.373,196.69,417.677,934.029,321.158,1051.11,145.469,4.55057,262.611,1135.71,547.787,149.697,426.2,207.709,725.545,1105.84,353.841,311.984,417.881,578.726,254.546,166.498,251.452,290.332,921.579,819.607,179.196,200.537,485.308,155.847,480.347,583.872,1038.09,1257.95,147.5,104.748,214.451,150.646,698.806,1647.35,541.525,1671.6,1362.69,475.307,204.033,168.59,202.4,240.063,270.068,23.7706,30.8951,23.9764,55.3871,599.029,648.263,1422.1,815.49,193.651,565,315.274,147.082,444.748,149.452,87.049,160.238,115.354,972.855,850.016,844.145,1505.89
57.957006803,72.0746,486.274,1481.93,1256.43,314.305,380.966,451.757,71.3473,195.121,255.53,92.5536,493.443,320.703,29.6552,550.626,1115.67,1055.87,892.406,97.1877,1192.01,352.026,164.448,205.019,801.553,819.933,1859.76,346.477,1083.02,1761.69,627.792,544.391,544.124,614.165,352.801,141.414,149.132,206.247,690.239,1026.27,169.113,811.428,1439.11,276.86,1001.6,2163.12,1861.63,656.543,169.807,487.543,1039.62,1277.4,405.473,83.8317,7.98084,596.188,1573.39,533.615,108.255,361.115,551.169,1480.59,787.475,231.553,802.533,1310.51,103.144,389.909,755.973,796.559,260.206,455.497,913.83,403.06,275.365,248.994,326.88,645.805,1314.15,514.791,543.248,1163.53,626.684,25.0414,278.959,540.121,85.0593,875.658,970.443,389.199,35.4149,157.709,175.94,1499.21,1200.88,1143.27,806.615,665.668,181.285,673.667,353.238,477.81,155.223,173.551,482.072,117.443,121.367,1042.75,788.876,508.757,837.005,428.199,369.069,273.645,574.553,847.498,83.7693,1079.48,199.169,18.4657,329.568,1125.98,619.754,240.886,232.625,86.4794,459.825,1185.03,605.003,184.965,284.198,434.458,212.577,91.0088,334.478,567.319,1355.24,1072.4,217.304,227.603,615.958,51.3419,448.366,694.414,959.58,1232.42,161.794,76.0692,118.131,219.812,738.503,1759.24,1174.78,2159.19,1137.21,298.114,292.034,164.45,102.073,108.051,276.947,57.7834,66.3406,14.0241,27.1561,562.978,1115.96,1344.47,653.094,67.1044,605.573,296.925,111.794,572.459,201.917,91.0434,187.679,249.379,1240.23,1052.95,953.038,1388.67
59.443083900,20.2386,529.464,1546.34,1030.36,410.437,515.231,595.65,180.28,332.846,370.462,240.033,330.852,262.91,73.9013,790.368,1239.28,690.912,770.38,417.402,1301.66,647.91,170.827,223.98,713.272,1132.88,2063.13,221.377,1008.46,1622.38,836.368,633.547,697.058,671.977,223.865,154.296,203.427,118.474,512.024,1144.64,109.143,773.003,1116.3,402.353,1158.69,2744.98,2239.25,718.892,166.241,417.898,663.784,1082.88,446.211,83.5095,10.6983,424.102,1547.11,636.801,191.852,433.927,801.293,1458.42,1053.27,111.21,619.448,1097.7,57.6325,344.535,658.319,846.043,426.44,596.643,838.896,475.273,318.892,291.54,266.991,388.199,873.416,695.448,751.94,1468.39,786.007,56.084,260.744,399.386,289.184,757.191,633.703,429.703,75.2759,107.246,342.129,1007.21,555.267,1060.88,1131.24,720.613,350.834,779.283,506.789,451.444,188.444,215.43,517.001,133.155,111.964,1042.68,819.773,516.637,980.334,689.667,449.636,334.13,685.872,763.123,81.2259,1081.46,270.535,41.1783,384.547,976.222,721.292,411.091,105.96,30.775,295.323,1140.25,796.502,112.482,210.938,258.986,165.514,29.9649,406.464,876.505,1774.2,1227.9,251.06,281.42,689.266,39.5774,444.01,651.536,777.09,1094.08,262.642,51.1952,65.2936,234.522,735.73,1664.88,1819.78,2556.88,884.05,161.076,362.197,136.283,42.1734,31.8198,263.141,106.278,100.921,36.2672,7.75247,557.963,1525.24,1104.21,484.292,1.46442,600.83,315.952,109.927,661.827,285.079,78.7783,196.988,481.928,1414.58,1133.02,873.869,1177.08
60.929160998,8.84377,534.372,1456.24,726.524,442.998,631.454,719.959,311.506,446.177,504.762,416.327,186.887,209.893,219.48,981.398,1195.75,355.211,594.551,861.802,1419.18,810.125,242.001,325.906,526.73,1281.42,2125.95,368.464,967.246,1272.23,942.645,640.45,726.653,691.562,105.428,138.648,234.867,59.9043,404.186,1136.28,140.858,794.522,816.471,409.63,1316.7,3009.43,2340.21,751.744,104.207,362.845,290.648,900.323,372.533,100.606,23.8597,314.317,1365.69,736.556,255.73,469.687,980.748,1281.42,1157.58,110.368,530.272,822.302,117.136,289.06,488.628,757.512,616.292,724.962,661.698,474.635,317.035,287.907,175.581,195.252,500.346,800.026,1040.75,1532.15,905.615,164.179,206.879,279.556,488.345,645.352,289.211,502.408,101.462,68.6644,547.294,567.965,215.832,826.313,1367.36,685.762,538.777,813.024,588.087,362.417,242.826,309.705,484.551,145.285,147.378,972.14,763.342,398.996,1069.39,938.92,441.526,364.316,679.637,701.61,272.392,1044.27,347.936,63.4224,403.316,745.856,757.503,618.305,82.8826,16.8101,240.173,979.823,857.107,113.649,192.238,112.354,128.801,15.9823,440.516,1110.71,2069.33,1260,247.441,326.878,712.001,140.175,436.063,503.128,507.783,914.177,385.217,39.168,45.8339,192.578,656.579,1412.55,2187.62,2804.53,697.22,86.5488,383.677,95.6212,20.1611,13.573,211.168,174.176,121.56,72.4574,2.63044,612.959,1789.93,744.515,347.217,26.5563,541.787,383.531,172.696,664.745,381.892,49.9717,203.252,757.766,1446.93,1042.03,645.253,912.716
62.415238095,28.3069,501.47,1261.48,424.921,389.63,673.591,793.196,422.668,479.978,642.747,557.357,93.2648,161.771,401.854,1115.8,958.977,153.024,427.139,1241.2,1496.33,767.153,345.945,460.978,296.539,1254.67,1986.17,703.405,967.118,807.19,908.818,558.595,628.96,675.13,28.281,115.253,211.859,71.1876,386.75,944.941,328.168,851.602,551.315,317.126,1354.31,2935.7,2103.63,738.317,24.9514,338.048,68.086,738.074,218.055,142.439,32.026,269.312,1097.23,765.041,293.42,412.607,1092.03,919.122,1137.09,247.744,435.311,570.201,240.09,237.536,286.932,584.122,740.469,790.525,434.78,399.617,274.065,234.237,93.4784,89,235.864,772.295,1282.88,1369.35,915.847,331.602,144.888,189.305,593.038,519.226,74.5188,547.58,138.161,53.7881,750.54,235.778,95.1701,631.747,1379.66,585.966,637.607,789.769,542.355,259.886,262.471,437.845,392.609,148.904,239.532,807.648,652.633,198.114,1124.09,1080.16,362.378,344.834,552.1,652.997,518.87,962.184,413.983,78.6563,370.589,508.978,681.011,804.729,162.257,36.4086,234.747,745.786,787,153.915,214.281,39.2218,114.179,54.1958,410.271,1203.38,2137.95,1187.82,195.366,335.514,680.498,326.176,405.663,316.077,235.743,737.145,445.148,48.6464,54.8926,117.833,509.8,1079.37,2118.89,2856.6,622.086,66.111,342.388,77.4792,15.909,29.2069,141.891,239.887,138.656,85.6136,23.6947,757.342,1874.22,385.844,248.424,91.7115,463.777,483.861,273.881,572.943,470.298,26.1039,231.377,946.093,1370.34,772.313,383.606,637.904
63.901315193,45.433,470.308,1018.72,193.383,261.182,638.77,769.088,480.956,425.438,734.801,630.606,59.0672,128.876,536.633,1162.86,635.838,81.4974,320.494,1411.15,1456.26,593.182,418.56,598.084,98.6603,1136.7,1629.99,1034.92,987.953,366.9,749.235,419.015,437.236,650.341,17.2342,88.2138,164.278,150.687,395.046,662.371,606.257,910.808,334.84,182.936,1236.07,2524.73,1675.74,615.725,16.3544,364.746,59.9837,587.532,82.3995,180.232,42.1796,277.924,830.868,652.412,320.177,288.733,1143.5,470.355,1058.77,456.137,313.876,360.216,343.962,200.139,131.619,369.1,754.844,766.995,218.767,294.774,190.859,156.986,49.4898,52.9246,76.1903,663.243,1330.49,1079.06,780.371,512.719,103.101,156.991,528.69,427.769,7.31886,524.069,204.769,85.0026,938.977,95.7668,105.538,655.422,1148.33,455.283,582.446,726.607,390.982,167.755,230.531,553.079,296.717,130.353,389.986,556.337,534.405,33.64,1136.51,1054.7,253.219,283.412,348.045,608.368,669.235,842.204,445.275,80.1958,300.105,323.067,531.13,923.091,280.839,94.9948,220.676,514.199,645.452,180.761,252.957,55.395,126.504,115.781,321.795,1141.97,1919.91,1079.14,101.865,303.404,585.911,543.505,339.068,162.68,53.4948,579.115,401.748,88.2105,81.8521,46.2624,327.155,763.869,1632.89,2764.51,594.196,74.7163,269.008,90.6826,21.0685,59.1107,76.6726,277.063,163.158,61.6878,82.5502,1015.9,1776.06,150.583,165.815,146.65,370.955,594.058,370.489,411.973,521.319,43.3457,281.548,975.612,1186.51,435.534,189.271,397.22
65.387392290,47.0476,444.443,818.115,49.1222,116.472,542.18,649.864,461.376,310.19,738.957,643.186,64.242,107.229,593.005,1071.96,381.407,66.7785,301.84,1356.7,1247.72,409.535,401.66,740.297,12.8209,986.367,1165.39,1185.41,957.349,83.5662,567.445,231.33,239.14,612.422,102.765,72.3098,142.269,272.813,354.296,410.61,798.338,986.716,168.441,72.5468,1022.04,1856.34,1235.95,379.905,134.338,466.45,265.285,461.201,16.0276,171.409,78.3444,372.715,555.582,481.881,313.74,186.069,1119.35,117.859,993.323,612.499,188.721,204.265,367.139,179.937,72.7675,161.286,680.314,637.896,75.259,211.466,82.4741,93.1344,33.4306,65.0164,7.19416,555.321,1112.74,778.09,546.432,654.562,99.2635,150.814,386.42,335.244,61.8199,489.606,245.781,158.676,1151.47,226.794,230.507,888.879,804.478,298.938,433.39,601.015,225.865,91.3767,169.067,598.795,249.584,100.182,570.568,291.949,442.373,30.6733,1056.44,905.678,140.779,217.629,152.391,542.408,654.879,686.262,435.518,61.904,234.615,211.234,397.906,949.985,368.701,199.542,179.299,350.525,508.799,153.291,301.137,130.355,156.39,167.797,210.544,962.068,1461.44,978.924,17.5345,228.769,461.125,706.046,263.28,74.0406,5.85323,441.099,286.106,148.279,109.206,6.88801,175.935,496.084,974.287,2579.51,561.281,85.1534,199.971,107.796,38.7967,101.322,20.9808,304.913,175.516,33.0177,167.989,1316.55,1622.61,47.4451,87.3061,172.663,255.771,690.135,421.576,242.401,522.374,99.1803,331.299,871.537,893.298,184.815,92.8079,235.509
66.873469388,38.4986,398.971,721.053,0.136241,17.664,418.442,464.047,379.294,178.565,648.403,610.398,85.5127,89.9214,576.754,839.431,258.151,54.4982,402.32,1088.88,950.775,259.515,333.802,825.944,109.398,853.644,680.248,1110.92,848.115,1.56944,432.382,67.2326,79.2595,586.419,285.606,81.253,153.613,397.527,268.864,232.853,791.803,1054.56,94.4649,13.3355,822.827,1081.09,900.445,142.68,380.22,614.038,563.364,422.863,4.24116,102.588,162.273,550.811,317.618,338.172,267.282,125.907,1080.9,18.2834,944.506,625.463,88.2437,120.933,275.429,221.24,102.699,23.9965,562.723,440.879,26.4704,167.253,11.8563,49.2361,29.251,83.0342,12.7162,503.167,702.24,554.388,290.325,735.978,124.298,155.013,239.195,236.351,200.513,469.538,213.833,282.136,1396.1,599.637,475.583,1216.06,494.991,175.652,234.411,461.055,101.646,34.3302,99.2228,577.966,260.275,103.735,682.603,135.62,391.885,246.614,879.249,689.391,73.4502,168.982,35.1837,436.396,517.859,496.288,394.472,31.7314,175.679,189.8,369.738,891.161,367.97,359.119,137.332,289.713,390.76,81.9413,350.555,228.312,184.74,190.637,100.313,764.4,867.556,927.497,9.90688,119.719,363.829,708.057,239.259,50.6493,79.8224,325.564,158.779,198.693,128.216,11.5832,69.4295,321.607,438.404,2350.83,495.618,82.6891,145.781,102.832,72.8598,148.678,0.865063,334.515,174.637,16.9474,251.879,1575.73,1521.86,26.0769,27.9614,164.853,147.86,735.583,418.548,116.628,496.735,159.622,352.166,691.292,560.327,91.4702,70.249,212.221
68.359546485,28.0691,364.324,709.982,32.5108,10.3473,300.636,255.933,285.876,70.6787,490.266,549.739,103.425,72.965,506.426,542.898,234.091,44.5784,574.8,732.395,624.472,189.425,275.64,806.106,348.101,756.492,278.719,867.516,679.81,80.39,361.764,0.692068,3.88395,564.705,511.735,139.421,200.404,450.4,182.067,124.649,616.342,1072.71,140.163,2.38729,708.344,421.126,697.454,27.5455,661.647,788.687,816.523,447.881,33.6096,32.3558,282.497,764.58,200.618,266.856,185.424,122.183,1068.38,208.376,884.984,507.23,30.6308,80.5178,152.954,334.612,199.196,12.8387,461.122,226.167,80.8626,163.582,6.14106,29.6683,24.8935,86.9269,59.7491,492.251,307.864,406.015,121.839,761.255,157.667,147.718,133.359,156.523,350.176,443.013,135.506,431.96,1661.66,1067.54,804.251,1491.06,337.234,111.754,79.3917,345.1,32.8502,5.30902,41.3946,516.096,325.682,155.138,673.6,131.212,419.588,627.53,656.023,447.942,108.504,142.329,0.661027,311.633,335.22,307.706,331.108,11.5155,116.411,241.759,494.885,762.182,286.081,535.517,166.401,307.363,283.457,24.2475,369.085,332.718,191.105,178.888,18.0222,618.613,348.597,888.171,108.334,43.6319,292.172,561.806,276.43,84.8991,232.507,239.721,69.9819,199.81,146.542,63.5649,9.8256,230.342,241.463,2109.29,400.89,66.5757,102.538,76.9094,115.113,191.854,34.6861,372.915,162.384,13.6434,321.105,1705.76,1500.55,47.3008,9.99556,145.191,76.7076,719.785,380.372,58.6445,466.488,184.139,346.138,482.588,287.784,146.13,94.4941,301.859
69.845623583,28.1173,361.165,760.163,112.095,68.9463,215.688,98.2778,197.17,18.3205,326.131,449.999,119.71,56.6096,412.373,273.933,254.515,71.6294,715.923,419.308,359.716,183.182,245.418,715.545,596.686,673.24,48.9799,576.975,480.652,237.663,345.74,30.9104,20.2169,564.718,695.516,236.31,260.045,406.606,130.328,79.1098,369.377,1039.57,267.242,36.2864,648.665,67.5808,602.91,87.8295,866.136,934.814,924.53,505.693,88.4852,6.22595,406.007,981.26,237.35,247.015,110.179,183.214,1066.91,576.203,805.646,329.629,21.725,64.3487,87.5269,490.277,351.291,141.919,382.03,74.8682,205.98,199.359,48.5142,28.2578,21.935,70.8737,129.008,479.455,70.1774,325.961,119.447,730.504,177.389,127.134,81.3346,103.191,450.909,390.826,65.9904,549.009,1934.22,1443.39,1103.04,1636.03,352.061,99.1937,53.7254,270.701,4.86526,7.17769,11.714,443.86,419.474,229.786,562.59,261.328,538.904,1026.05,450.153,258.214,225.764,132.068,20.5659,197.495,186.939,156.029,256.451,13.375,76.7216,315.774,713.844,640.461,168.76,683.468,277.928,357.852,200.598,8.66364,347.223,424.573,161.559,148.461,13.6117,510.384,57.8007,870.364,267.667,24.0769,240.455,349.908,342.687,184.413,404.757,187.515,30.5081,153.346,158.211,138.61,15.0059,208.885,359.709,1866.11,331.214,43.9193,67.3902,44.0539,145.123,232.188,120.502,393.737,160.558,20.5935,346.54,1680.17,1488.9,109.546,40.2555,141.209,73.5014,620.384,348.562,81.3149,416.801,168.646,304.24,323.156,118.507,279.708,165.319,420.917
71.331700680,44.9447,398.974,817.395,207.777,146.157,162.754,29.7776,132.14,19.9437,186.497,331.37,129.954,47.7445,321.427,94.0235,267.413,160.461,762.276,216.037,192.311,213.713,248.472,573.872,739.976,585.244,4.34181,342.862,291.079,377.04,365.202,109.314,87.855,594.932,772.841,339.243,299.743,298.262,128.628,80.2795,154.332,1004.87,375.143,106.403,626.793,20.2714,567.584,301.861,936.772,993.894,846.596,573.114,145.579,24.6966,509.681,1142.98,403.87,256.279,59.3507,261.03,1066.03,943.753,702.815,164.688,56.0656,64.3352,102.478,647.198,531.442,360.272,341.529,18.0638,325.184,274.511,120.493,38.1768,21.0229,45.0394,201.146,437.913,7.25727,296.121,282.947,668.062,156.1,99.9913,65.4289,87.8764,477.699,309.741,32.6493,591.512,2206.02,1545.86,1283.87,1605.92,478.717,131.19,147.046,245.294,6.86093,23.4941,4.42071,385.207,512.106,276.642,410.054,448.388,729.735,1292.93,322.904,160.964,347.814,138.991,55.0749,117.009,95.835,67.9571,194.994,22.0652,58.3975,371.575,933.074,575.834,92.4057,747.995,430.595,403.026,150.982,20.0949,299.811,485.347,106.582,112.596,89.6533,437.925,25.4075,856.2,426.267,46.1706,203.422,169.513,379.777,367.809,530.385,164.794,29.4667,90.404,157.976,213.173,87.5586,232.154,601.977,1651.02,321.375,23.4982,38.394,18.1327,150.099,264.662,224.288,388.816,166.108,28.7857,327.582,1492.65,1435.01,201.981,97.3116,159.436,137.853,462.746,320.846,165.021,358.193,117.427,223.129,247.219,67.4268,411.043,284.014,489.667
72.817777778,75.4252,449.58,830.256,297.209,205.134,137.051,28.5534,95.8949,47.5954,89.3506,220.06,122.468,56.4317,251.835,12.3872,248.122,294.441,707.497,138.297,115.156,230.249,266.3,398.508,733.91,490.073,76.9001,204.176,138.878,422.942,393.737,195.685,176.854,619.148,726.89,422.636,278.471,186.084,147.87,116.91,55.9261,1019.36,375.758,185.783,650.536,163.66,553.962,558.981,903.49,893.575,661.866,584.565,202.884,71.9604,582.745,1181.13,626.563,277.406,28.4374,291.386,1068.22,1129.02,590.522,56.4618,103.549,83.6336,179.318,750.167,705.143,568.677,344.506,41.223,389.264,374.723,193.484,58.2604,20.4616,25.8623,245.738,373.115,62.9042,309.258,502.79,594.56,100.206,71.0006,66.5407,110.279,434.703,214.222,30.0574,604.1,2425.53,1328.5,1307.43,1404.27,602.522,210.166,285.099,260.665,27.3863,33.1677,6.50375,348.244,572.883,264.899,268.313,593.597,931.872,1354.95,302.36,143.674,406.759,166.349,63.8931,69.2912,54.4742,47.9083,152.517,20.5977,49.6578,388.424,1067.33,569.636,113.038,704.854,563.227,408.344,125.068,30.6585,252.517,499.855,54.8283,87.0607,191.317,403.217,166.262,829.264,524.125,95.3322,166.92,69.8344,347.959,639.166,578.43,147.376,58.1824,44.0861,148.199,274.234,189.662,282.419,795.404,1444.4,361.052,14.6275,17.5804,2.24527,139.156,272.89,301.932,358.059,163.967,31.1342,285.033,1183.22,1296.68,305.92,154.586,195.573,220.593,302.045,280.331,262.392,293.971,54.6518,133.505,228.065,112.949,491.923,430.751,467.34
74.303854875,105.586,470.372,776.836,355.771,227.454,138.419,48.9395,76.6673,63.7859,36.567,130.787,100.967,89.6787,202.117,4.12175,209.153,411.429,585.702,161.817,93.4998,194.619,263.786,233.359,587.68,413.836,162.884,132.913,47.1057,368.324,406,255.345,264.946,596.246,583.107,453.359,207.614,98.9461,154.299,184.121,122.134,1069.49,287.727,277.527,690.723,339.358,567.1,717.963,796.009,661.848,441.502,516.915,253.952,129.939,595.439,1098.07,795.132,298.549,12.142,263.758,1056.42,1045.55,493.744,11.3342,126.555,123.75,272.094,767.896,817.194,695.998,373.715,102.569,396.007,468.885,237.49,83.9021,19.5365,20.0745,238.801,309.025,149.596,352.549,659.925,511.692,49.3823,40.6326,72.8096,150.119,339.597,139.652,33.4773,659.054,2578.45,872.513,1183.58,1095.27,626.827,323.094,394.296,295.579,57.5313,28.1834,15.4471,325.821,558.855,212.181,162.749,642.064,1047.33,1237.56,362.286,167.661,388.456,204.669,42.7002,36.3365,43.4,66.7569,118.158,11.0846,39.4516,370.636,1056.76,610.305,212.459,580.869,615.086,364.14,108.875,24.1644,221.332,454.474,42.7887,77.3674,252.039,393.185,352.71,790.684,524.329,157.25,110.349,37.3514,299.204,962.99,535.715,128.539,102.763,23.4698,131.531,317.196,273.277,335.183,833.713,1240.96,390.234,13.5142,9.45627,2.46285,115.74,250.744,331.53,288.856,159.153,20.1879,243.464,823.59,1070.08,388.076,198.032,240.183,257.223,182.262,210.717,335.243,216.892,16.5878,69.2658,224.916,205.606,514.328,543.732,379.337
75.789931973,120.094,437.665,667.857,355.109,217.764,146.885,69.4654,56.9729,60.4487,7.66532,80.0845,68.1636,151.482,155.08,29.1395,189.66,407.611,486.858,186.738,103.931,111.242,253.439,86.3606,420.185,323.794,216.061,86.9078,16.2972,279.013,357.147,286.311,325.991,499.52,408.157,401.138,129.946,54.0445,113.262,285.139,363.821,1129.69,179.165,363.629,735.213,432.422,569.782,734.457,614.545,408.477,240.77,389.776,283.067,169.517,555.293,892.471,859.257,302.412,10.1983,228.343,969.568,786.504,400.392,13.2641,128.978,169.629,320.167,725.518,797.546,720.215,409.004,144.58,383.999,491.92,258.525,102.677,16.9835,18.7849,215.292,227.103,225.373,375.823,716.474,407.013,34.6677,24.2336,60.7411,189.575,218.99,106.603,22.7351,805.414,2696.38,372.942,981.453,732.596,542.548,417.804,462.576,305.561,90.9313,20.627,26.0528,314.33,454.037,162.181,97.4087,601.375,995.557,1011.16,439.234,196.471,315.424,235.559,15.8696,14.3348,40.4629,81.5777,96.3473,3.95735,22.339,337.923,890.926,680.245,309.806,423.702,559.341,287.258,92.1761,10.3663,178.185,398.692,66.3682,63.5544,272.537,360.044,486.781,739.187,430.067,220.947,45.9032,40.2851,306.101,1220.73,483.764,90.3605,159.103,20.6749,111.791,340.013,306.139,354.263,720.39,1018.05,379.22,14.5104,9.58227,14.5567,100.066,182.306,329.385,180.231,164.336,2.84684,187.184,519.878,765.653,434.474,206.629,279.033,231.007,104.436,132.51,346.641,149.05,7.53827,38.9387,213.818,284.023,496.28,547.815,286.135
77.276009070,117.551,346.337,544.193,275.747,186.744,139.763,84.2696,33.8065,45.1028,0.787562,54.5081,33.6277,208.482,132.455,43.8435,196.626,280.285,427.178,157.751,131.372,33.4837,238.175,10.8153,296.032,211.912,222.827,54.8736,33.0409,189.949,265.842,277.121,325.276,369.056,249.483,269.76,94.1926,37.6871,48.3714,413.686,742.717,1192.73,94.5041,401.694,769.83,404.099,534.053,648.245,377.642,227.891,117.884,212.513,318.965,144.431,511.561,576.179,849.898,274.416,15.2009,226.342,778.176,487.925,312.971,45.5968,111.833,205.494,308.109,617.843,668.428,619.421,451.093,134.537,361.629,453.754,230.104,130.638,6.54966,21.8184,208.872,120.671,290.915,325.274,703.783,289.681,42.0559,28.944,28.2887,234.935,98.2086,110.662,16.7258,1094.89,2689.96,111.388,759.481,386.387,414.928,423.881,492.585,277.567,109.293,24.1305,24.0435,336.095,271.305,153.176,96.6058,460.477,827.913,706.806,492.576,202.778,222.77,252.978,1.15754,2.6242,43.0477,68.2059,92.9305,3.49384,13.0991,273.846,664.262,706.467,347.33,267.928,436.024,189.055,82.2169,3.42932,113.011,358.329,111.469,39.7856,269.187,290.952,523.706,676.225,274.701,269.586,6.25061,61.7147,360.452,1349.88,479.894,66.183,204.478,28.4652,104.981,318.425,289.398,317.972,515.45,781.854,323.224,20.53,10.5049,26.466,91.4507,99.6549,296.005,75.9598,176.305,7.24032,105.731,315.706,455.828,430.347,170.824,307.326,149.383,68.9939,82.1532,285.49,105.743,8.89732,32.9851,190.127,305.356,439.847,446.077,207.463
78.762086168,99.0959,227.349,422.416,156.34,142.152,113.344,89.7974,12.6791,31.7627,8.70838,40.4976,8.49892,248.512,131.967,37.6769,220.341,125.343,377.433,94.7632,158.833,1.39277,245.979,49.2553,204.517,109.741,206.352,25.1193,84.0408,118.719,189.591,206.796,294.101,224.108,123.415,141.82,94.5201,40.6894,9.24399,595.623,1158.84,1181.29,89.5549,419.614,724.573,313.279,434.34,534.303,171.592,142.07,63.4143,75.1503,347.339,73.2836,475.403,259.904,785.792,246.262,17.6664,236.837,539.063,247.422,235.001,90.3782,79.1361,227.025,231.64,479.848,473.559,431.461,488.041,77.9512,352.501,365.138,165.87,161.806,3.19909,38.5348,244.653,33.2788,345.615,208.569,638.924,210.118,43.3961,53.841,4.10903,277.991,25.4856,130.614,52.8871,1446.42,2589.17,162.941,552.863,144.476,293.111,326.334,488.309,220.407,105.536,44.8882,24.1111,377.411,99.6998,179.856,155.318,269.326,615.247,400.081,493.848,175.912,154.124,251.969,6.14948,5.96653,58.5718,29.3971,111.88,12.7775,24.754,188.098,433.583,669.773,296.692,148.435,294.264,102.395,81.1735,21.8722,45.1946,325.528,166.355,16.5818,256.534,204.341,487.772,607.334,125.321,292.052,3.86545,96.4678,419.909,1327.95,560.52,92.9672,241.626,29.9496,107.768,266.13,228.897,231.441,317.724,527.498,255.051,26.486,12.7173,33.8983,78.5333,31.9905,259.704,12.3177,184.607,56.0071,32.8161,203.617,204.269,400.986,104.537,320.541,63.4173,56.5221,71.9892,202.237,75.202,8.65355,38.5984,149.391,273.244,336.944,308.178,139.354
80.248163265,74.6937,115.483,322.86,50.7821,94.8203,83.5849,78.7932,2.35712,23.6146,21.639,27.8747,3.09781,273.476,163.952,35.7961,244.552,27.9721,313.519,44.37,161.913,47.768,319.023,187.967,124.822,45.0994,194.085,1.37038,176.713,87.4125,177.887,95.8636,257.015,100.572,43.6242,61.843,94.443,65.8659,48.2751,858.769,1498.79,1014.02,201.239,466.165,547.105,239.796,300.172,459.816,82.6824,133.529,41.7508,18.9076,357.087,8.9388,479.606,47.7223,690.242,244.034,15.9,240.084,302.789,125.801,173.202,133.695,44.7835,232.081,123.497,342.345,272.703,231.089,496.19,29.5627,370.969,249.22,104.296,166.917,26.651,86.7105,353.828,47.2386,398.858,89.3895,528.545,176.667,28.325,112.719,28.4745,336.453,16.0851,147.383,137.834,1748.33,2469.91,363.89,411.135,44.3525,198.14,185.486,434.818,162.374,77.3845,87.1866,55.9581,431.68,10.4442,227.237,234.549,110.072,403.505,175.913,452.983,143.167,133.004,215.324,38.9707,34.8098,101.311,0.830047,156.145,32.4781,49.3068,107.781,242.503,573.367,186.672,76.8967,171.621,74.2545,96.3593,72.8362,5.56818,297.922,196.852,4.0094,268.145,131.765,457.753,533.82,41.97,282.957,43.6557,152.807,401.285,1220.3,703.508,176.149,269.905,26.8872,111.907,218.111,144.881,127.126,184.39,292.248,196.376,23.481,18.9821,32.8062,61.4002,1.3225,241.326,14.6885,187.1,125.04,3.21412,157.368,67.0554,398.404,48.9051,328.291,11.4453,47.7297,84.1792,153.005,41.3926,15.6064,59.2411,85.724,229.788,193.406,192.644,88.1172
81.734240363,51.8594,49.9213,236.56,1.22403,72.1634,61.6539,61.2369,0.582115,20.8974,32.426,16.3259,16.2487,289.092,229.081,72.099,262.428,11.3354,252.8,19.9425,145.922,166.935,461.028,390.376,72.8962,15.5289,194.849,22.38,325.514,130.918,220.408,25.7986,218.392,26.3616,9.36476,23.4434,85.2906,121.106,171.035,1159.84,1716.76,689.592,421.411,533.385,310.442,188.174,220.036,457.565,112.031,180.984,29.9493,17.534,367.282,33.5308,483.94,14.5056,616.563,241.134,14.5238,234.706,110.296,116.952,167.357,159.356,30.2654,212.324,33.0073,231.467,120.016,79.2693,465.828,49.8542,401.794,162.61,64.3318,132.649,84.3108,201.487,563.967,236.037,449.675,43.4373,397.489,157.717,26.0415,206.999,136.977,410.934,66.8739,156.232,241.44,1907.26,2412.62,464.423,354.454,82.2881,126.692,77.5895,334.151,120.28,51.9007,131.505,134.851,506.503,32.4596,276.635,288.417,19.9662,245.751,73.3079,379.693,183.836,159.913,135.279,109.9,106.307,169.033,26.0889,227.322,70.1537,67.9568,52.268,109.6,442.426,89.9295,35.0081,89.397,128.771,149.438,158.773,25.2041,262.988,185.629,13.3854,308.704,133.152,478.238,479.666,31.6279,253.424,112.454,216.95,304.434,1047.59,899.977,279.654,272.398,31.4228,133.692,184.406,87.43,54.1885,104.983,125.836,153.296,10.3919,32.9458,20.3849,47.5251,11.6175,233.979,93.0523,191.602,164.163,25.0649,169.765,86.7706,408.099,66.1094,346.754,1.52103,39.6309,102.382,145.03,23.6527,42.5603,83.2466,30.9337,190.701,59.2737,136.021,56.3859
83.220317460,36.9788,30.8465,160.704,24.4175,83.9125,73.3517,55.4374,3.03174,30.5013,34.5634,9.79571,38.6517,294.47,310.157,163.752,282.558,55.5609,195.457,28.4686,126.733,318.673,649.248,600.562,77.2321,2.6483,218.011,141.973,518.069,255.03,287.153,43.8027,198.843,6.23619,8.8741,11.0193,70.7214,199.754,326.803,1423.83,1801.69,316.875,706.47,632.921,106.025,174.952,196.718,499.945,268.187,267.385,11.8835,31.9707,432.237,187.142,431.297,125.137,621.958,208.888,13.1132,237.692,7.5647,192.172,254.315,164.414,29.5525,179.064,0.875854,161.836,36.1138,8.75033,409.986,142.654,429.554,145.063,52.3343,73.7543,179.536,405.747,857.446,592.051,520.767,97.9152,270.876,131.041,65.9551,324.235,321.164,492.412,152.557,151.843,315.229,1902.48,2381.73,388.613,346.478,221.047,91.9888,37.1559,197.594,120.218,51.7709,140.061,243.057,633.074,152.641,297.148,293.541,8.92063,153.843,49.739,322.086,370.725,236.021,40.315,232.074,244.217,241.572,91.9233,310.928,162.531,72.874,27.6637,40.1976,324.113,39.5229,10.4277,49.5147,258.287,293.861,269.679,87.624,219.443,139.399,46.211,366.37,238.206,561.117,453.144,63.9023,216.55,176.512,263.466,176.074,852.56,1113.92,348.412,238.559,62.4305,190.098,175.52,77.3719,45.2212,64.0507,37.1528,118.953,0.290565,55.5709,6.14776,38.3423,40.4013,236.68,221.628,203.146,142.904,101.383,248.809,235.008,405.509,167.255,392.258,36.0127,33.4028,114.72,191.921,50.8893,87.0589,91.5883,5.11542,167.149,2.12233,151.431,62.7108
84.706394558,29.2509,30.2354,99.7627,94.5119,143.207,152.88,73.2926,11.3724,47.3092,38.6092,7.00054,67.6012,259.564,410.731,306.111,276.911,130.743,147.176,48.4781,134.719,409.273,861.439,784.761,119.922,0.794543,267.75,395.2,721.871,417.628,356.737,134.163,197.167,34.3938,33.5078,12.9264,78.9777,250.938,473.544,1599.94,1703.62,64.0416,1024.75,783.478,42.7131,211.446,185.15,529.751,509.304,406.044,5.33699,75.3178,576.519,386.861,368.527,279.288,645.429,208.932,10.4435,273.522,34.5354,331.906,403.059,185.678,38.6606,125.32,51.4287,147.17,12.5906,25.6633,330.453,270.35,434.416,203.196,68.7081,24.8364,314.788,660.735,1160.64,1039.45,626.7,207.073,177.464,89.0387,152.63,435.827,547.898,560.89,213.663,161.298,284.886,1819.19,2236.31,250.874,323.723,430.05,101.004,35.1174,111.121,135.101,62.9219,130.361,325.681,833.273,341.99,249.244,278.943,61.0071,97.1534,47.4858,334.534,700.892,383.548,4.03931,391.805,423.365,323.379,157.239,373,338.421,86.7495,34.0744,56.9884,227.217,22.5187,2.02006,56.5289,431.681,573.758,394.034,141.541,184.553,76.9383,93.5244,404.671,443.005,672.113,429.117,112.153,154.695,231.071,259.033,84.2194,681.317,1305.21,328.806,198.635,111.581,261.18,227.96,107.878,74.0984,52.1714,8.34277,85.0283,6.47726,83.1165,7.0924,40.2966,52.197,260.909,346.131,214.624,79.413,234.213,412.228,414.345,392.981,309.537,430.06,123.839,46.1826,142.928,309.453,126.209,127.894,94.3682,7.94884,150.157,56.201,248.068,155.104
86.192471655,20.3872,41.7095,49.5768,163.343,281.785,326.374,120.232,25.8163,57.8838,49.9062,13.8777,109.88,169.737,531.279,481.912,214.137,220.587,127.063,51.0844,195.248,349.489,1093.83,955.82,134.006,6.67406,351.74,830.02,901.009,484.775,465.076,252.734,167.892,103.459,101.632,53.4648,142.571,208.62,623.579,1590.75,1441.76,60.2145,1401.02,1038.59,138.992,262.812,159.756,532.12,725.918,578.37,70.3415,219.597,837.453,481.947,315.118,403.2,602.906,306.868,9.23681,408.681,248.302,512.819,489.657,262.888,75.4458,54.4845,206.347,214.788,38.9655,80.3984,242.703,390.282,385.282,297.174,124.008,40.5947,474.463,871.604,1382.82,1451.44,762.156,284.012,130.15,43.6227,279.178,511.549,707.053,655.71,190.866,187.177,163.328,1719.37,1976.49,142.688,237.507,723.412,216.587,36.7129,114.086,118.564,86.9773,126.868,321.132,1138.23,590.646,128.413,288.207,116.938,65.2161,36.2221,391.744,1134.17,646.245,95.3015,539.189,583.373,407.542,193.128,385.325,581.741,175.309,87.4634,158.459,142.409,23.9239,0.903443,68.8713,631.937,1048.63,516.276,132.823,184.496,18.7869,155.672,362.965,712.247,801.481,325.551,181.885,66.6775,302.413,176.908,62.0559,619.529,1453.85,219.528,168.926,141.672,346.571,363.181,147.125,86.3497,63.8692,26.7954,57.1701,19.7858,118.949,52.4245,62.7847,30.8884,330.725,398.237,217.193,16.6014,410.785,723.395,528.411,333.573,472.841,395.396,247.174,120.886,259.786,537.225,202.241,133.584,111.354,21.7029,129.835,216.7,459.339,382.353
87.678548753,8.291,64.8918,17.5438,217.446,514.002,574.444,203.606,48.398,54.6449,64.289,41.8341,157.029,69.5946,648.135,665.428,117.924,310.832,162.344,60.3533,302.006,189.101,1318.15,1126.41,100.994,22.9392,502.145,1400.09,1056.23,388.798,619.073,365.872,108.858,200.538,240.141,178.288,259.135,107.712,772.06,1384.71,1080.87,356.169,1815.12,1418.07,354.874,314.275,100.676,531.802,785.81,774.637,264.285,522.355,1173.99,457.699,259.933,459.527,486.414,463.431,72.4447,695.089,675.505,708.017,445.465,386.048,154.576,40.3309,475.496,407.388,120.311,111.472,178.494,452.49,288.957,378.24,222.96,144.069,627.73,958.054,1434.64,1714.07,881.129,281.815,115.637,32.5728,393.865,545.05,723.869,752.591,120.193,225.609,40.5377,1641.84,1709.76,67.5079,140.544,1092.02,529.562,90.0891,183.163,72.3043,136.7,133.261,276.099,1493.82,887.161,20.4609,335.796,131.75,49.7145,15.4834,468.098,1617.62,1019.16,304.71,628.97,682.102,462.227,185.486,355,816.875,394.935,223.902,316.678,83.6498,32.6818,1.71003,61.3436,896.214,1660.42,657.987,72.647,217.903,7.02502,218.647,254.73,973.072,936.369,163.302,267.391,6.71105,387.036,72.6719,89.8495,737.617,1560.59,86.1356,145.628,133.398,462.894,520.506,188.452,67.4046,86.5452,79.8106,49.7375,25.8467,188.708,171.67,114.831,18.531,426.939,362.493,207.803,3.16017,609.78,1175.6,582.848,230.415,637.631,287.121,366.983,304.637,555.287,878.596,255.414,103.31,146.118,25.2174,124.326,450.628,786.427,733.399
89.164625850,0.0230922,96.9631,12.6408,273.706,810.773,847.095,312.245,78.1586,36.5794,79.6165,97.5595,194.562,10.5974,733.672,842.828,38.0349,402.222,272.958,132.93,439.518,42.7245,1504.49,1292.6,50.0254,61.4429,731.233,2003.72,1160.88,211.616,761.247,474.648,36.6682,326.909,485.848,396.144,380.831,33.2567,872.687,1135.84,678.912,932.988,2218.85,1768.1,647.28,378.317,46.5442,519.547,660.829,968.825,568.763,934.824,1543.14,370.095,219.293,435.422,322.971,621.607,290.585,1123.93,1228.38,897.684,285.126,532.279,311.17,143.872,813.573,730.414,289.568,116.612,145.891,455.177,164.32,427.98,353.098,298.098,742.056,881.913,1291.23,1762.64,920.245,216.263,113.931,70.4192,470.524,506.174,613.895,800.241,81.1271,289.895,22.772,1604.2,1484.68,21.7403,109.2,1525.02,1068.51,276.224,297.832,28.6221,199.168,167.433,266.942,1846.37,1169.48,12.8793,413.979,113.881,45.9691,3.82614,546.71,2075.55,1444.55,545.65,652.033,667.932,475.212,141.774,302.671,979.342,715.636,467.076,500.183,67.994,47.4118,14.6197,63.5301,1246.27,2247.73,828.408,12.1733,303.296,81.3834,264.503,136.23,1155.3,1075.78,25.9249,381.312,28.4038,492.052,25.34,153.5,973.409,1642.67,29.99,141.551,94.9184,592.581,624.826,228.997,31.6908,114.825,155.833,70.9859,36.5154,310.504,357.586,200.923,58.8435,530.552,267.656,186.512,61.7739,834.273,1660.47,635.476,144.162,787.81,151.811,469.341,630.201,1025.8,1266.7,307.367,61.8468,207.548,19.8043,142.583,705.401,1183.72,1127.42
90.650702948,12.883,137.937,40.9284,342.546,1089.55,1089.43,418.645,103.241,16.8895,87.534,170.991,225.709,16.0264,771.089,980.923,37.3807,506.778,454.303,292.42,571.659,14.2401,1668.51,1420.39,27.5976,118.704,972.614,2563.98,1205.22,75.7,809.985,578.307,0.0579751,503.843,819.547,647.873,480.559,22.7669,969.088,929.515,392.349,1606.77,2540.45,1904.49,927.752,474.238,64.9116,473.636,446.86,1078.84,879.986,1405.88,1854.87,297.381,184.537,378.178,153.367,756.75,667.033,1589.58,1789.07,1033.65,108.903,660.444,548.175,377.357,1181.36,1112.41,525.624,135.401,153.238,427.002,58.0334,422.001,478.374,469.072,768.604,680.359,987.564,1610.87,847.431,132.035,104.074,137.983,526.336,372.97,467.455,725.229,139.673,404.135,232.064,1571.96,1230.31,49.0754,197.308,2063.84,1740.78,577.724,436.956,33.1911,287.495,237.052,362.054,2047.51,1434.38,142.881,493.28,99.3448,47.0509,17.743,635.919,2396.68,1807.28,741.12,582.333,564.96,423.22,97.4375,241.16,1050.29,1023.65,784.054,688.889,100.304,70.5156,47.6201,111.066,1626.41,2721.47,942.776,17.9372,429.147,278.98,308.644,67.2156,1210.82,1184.16,17.2456,539.08,195.721,599.264,67.9971,228.051,1236.95,1681.16,121.17,157.789,65.2878,712.917,630.225,254.861,4.68053,151.568,237.429,113.107,72.8095,472.153,580.975,312.136,165.297,612.689,170.074,159.563,186.978,1057.13,2043.72,722.291,145.882,913.545,63.0564,571.45,1041.2,1545.9,1638.74,369.497,53.9457,280.694,27.658,186.471,921.29,1546.26,1444.31
92.136780045,61.953,184.079,93.4404,404.166,1286,1227.79,482.48,123.823,2.75014,87.2157,235.035,256.709,77.7668,743.031,1059.71,144.901,601.643,670.261,522.942,662.729,140.596,1776.14,1522.4,49.8285,171.21,1153.23,2984.21,1216.53,40.0681,754.941,644.421,50.5821,713.09,1203.91,835.69,523.883,101.548,1075.92,844.961,313.693,2145.55,2655.61,1760.15,1091.7,586.96,192.086,412.93,242.65,1083.89,1055.43,1816.69,2070.36,266.3,152.504,326.778,52.2042,829.257,1084.92,1996.05,2169.65,1089.42,8.37958,761.094,820.202,679.109,1494.67,1462.96,753.656,187.795,213.753,395.656,7.83246,349.287,574.248,596.826,687.992,428.042,646.883,1278.12,712.93,55.4467,86.1543,197.887,566.875,199.377,331.693,545.409,292.438,603.49,714.653,1445.35,935.386,180.546,417.806,2669.19,2422.29,871.887,571.661,124.068,414.65,335.079,510.934,2061.03,1608.9,383.35,559.657,106.266,52.3474,57.1972,733.099,2489.88,1981.05,828.614,433.869,419.524,313.101,75.089,206.743,997.744,1215.67,1096.52,831.987,177.431,106.495,94.7609,206.234,1967.63,2979.98,951.367,100.544,586.035,595.126,367.02,86.6853,1101.52,1259.51,181.537,694.653,514.526,723.277,154.754,283.549,1440.58,1654.88,310.254,196.463,99.6141,799.338,527.689,259.596,9.74749,197.189,295.048,161.459,148.3,638.009,785.634,427.379,300.27,654.842,120.787,147.538,323.007,1215.32,2243.57,822.033,255.977,1004.9,91.8297,681.63,1406.81,1955.42,1901.92,454.799,93.2698,350.519,68.5779,249.949,1024.54,1773.19,1574.9
93.622857143,142.109,227.483,149.651,433.275,1346.35,1229.6,466.24,142.565,1.42447,77.1621,267.21,289.871,151.763,660.513,1057.09,329.118,658.393,853.521,762.012,688.302,364.12,1802.93,1572.97,119.77,196.304,1222.29,3156.05,1249.93,95.9203,607.536,668.884,179.593,892.658,1578.66,910.614,465.757,293.308,1157.54,850.912,461.383,2425.78,2412.07,1443.79,1015.23,732.322,403.153,342.901,123.219,1012.08,996.931,2056.88,2163.9,276.714,126.742,296.819,62.5727,812.991,1381.99,2256.36,2203.43,1072.43,36.3087,818.648,1051.45,947.258,1652.9,1681.39,896.096,266.326,316.633,378.834,17.215,240.312,608.166,641.697,514.47,216.356,375.974,846.212,574.082,9.81467,60.816,227.018,587.951,71.3206,213.161,339.14,469.275,886.154,1403.87,1195.61,648.838,372.181,691.126,3260.1,2979.02,1007.39,675.272,312.465,557.089,432.167,637.422,1888.58,1622.58,648.857,599.611,132.684,59.6081,114.441,801.304,2326.51,1905.52,769.151,261.572,280.673,173.038,86.2296,216.74,821.236,1236.53,1295.25,894.654,267.436,152.044,141.125,320.875,2196.45,2963.53,842.056,231.354,759.272,942.378,456.639,181.376,858.394,1276.58,485.662,797.166,869.178,898.93,224.333,286.425,1562.44,1504.5,497.192,268.385,231.673,797.333,375.52,233.167,60.5392,249.909,301.115,200.75,254.097,761.684,901.824,520.397,406.796,635.569,154.273,163.08,393.209,1277.72,2194.86,901.016,437.962,1028.75,260.132,793.438,1579.92,2128.9,1964.01,557.522,173.688,396.329,140.829,314.486,979.604,1785.99,1491.2
95.108934240,231.946,260.597,178.711,422.264,1239.97,1117.79,361.605,162.771,15.2292,57.3323,263.368,319.693,189.81,544.29,970.084,505.48,661.606,927.463,933.748,642.67,566.244,1741.19,1515.98,226.779,183.843,1157.22,3045.34,1301.26,187.891,421.428,637.735,332.972,1011.73,1812.24,892.873,313.437,578.444,1186.51,804.553,806.234,2415.79,1829.7,1071.57,735.007,887.501,584.061,293.884,125.831,885.729,723.338,2085.65,2098.32,316.065,103.965,287.669,175.638,705.138,1446.91,2293.1,1876.72,984.891,178.194,824.937,1158.6,1089.04,1579.9,1721.44,886.041,348.393,432.126,370.431,64.1775,134.323,572.08,588.564,312.361,95.7472,214.271,446.186,452.796,8.55221,35.1309,223.321,581.568,36.4889,125.01,176.604,567.954,1212.49,2137.12,904.809,426.843,538.44,936.998,3707.46,3269.63,932.863,708.356,577.434,663.638,487.365,683.018,1550.85,1476.79,805.894,618.588,159.214,62.9742,176.886,792.355,1947.67,1615.88,579.367,124.942,178.144,53.4118,128.237,245.662,580.585,1076.59,1306.9,868.333,320.54,200.973,170.529,413.164,2240.9,2700.1,638.242,360.826,911.193,1201,578.477,291.113,570.784,1193.24,815.474,843.307,1083.07,1116.38,269.678,245.213,1588,1230.51,588.017,376.677,410.066,701.841,232.961,186.497,158.294,287.618,257.011,217.578,343.101,825.741,874.219,564.129,440.293,551.489,257.935,208.913,354.664,1235.21,1917.98,896.118,623.395,954.995,505.431,899.337,1463.43,2030.42,1789.35,638.567,271.802,402.855,216.542,358.392,799.803,1580.59,1238.14
96.595011338,299.711,281.247,160.383,372.789,993.763,940.074,204.304,188.194,39.634,31.2682,234.385,330.372,176.877,406.928,831.82,571.475,616.696,848.307,983.658,543.177,642.277,1585.18,1319.84,342.336,139.381,987.099,2688.85,1309.42,258.952,245.877,563.039,432.692,1026.36,1864.6,776.168,156.255,852.724,1174.81,614.998,1249.79,2165.48,1105.42,719.263,424.604,967.211,662.617,268.098,206.024,743.632,357.433,1923.93,1887.27,339.875,73.1183,291.929,346.224,520.192,1294.51,2056.25,1345.49,817.279,357.379,794.509,1075.16,1069.64,1277.54,1588.44,723.935,402.416,516.124,353.858,117.107,53.9986,497.919,452.822,151.912,63.5193,142.134,173.381,349.77,50.2731,15.6436,209.986,522.443,100.357,79.636,88.1234,518.388,1503.11,2757.03,698.668,312.164,601.769,1123.96,3818.95,3246.49,684.742,671.678,847.202,696.89,464.699,615.217,1129.63,1210.03,768.866,623.255,165.556,62.821,226.945,673.193,1468.43,1194.23,340.048,57.3086,116.994,2.01021,190.132,254.23,352.86,785.875,1138.26,760.215,306.826,245.051,166.958,457.595,2057.36,2278.17,400.885,441.824,1006.32,1257.15,723.473,342.486,326.234,1006.86,1038.96,815.142,1062.79,1331.27,318.551,214.301,1506.3,885.91,548.349,494.171,549.793,549.893,141.463,129.765,289.322,297.213,179.047,206.148,373.204,821.571,705.02,548.086,378.589,434.707,375.768,266.367,240.004,1078.43,1528.61,752.396,739.357,791.085,712.938,969.376,1094.32,1706.48,1421.14,658.125,343.595,366.385,267.849,352.449,556.481,1211.14,930.09
98.081088435,323.538,284.533,105.568,288.278,691.843,733.21,67.9348,209.319,69.6252,9.09305,195.047,306.551,127.333,273.775,676.138,484.426,532.756,642.816,898.97,416.987,566.8,1339.27,1012.48,422.57,81.9753,781.239,2171.22,1207.29,272.392,121.664,459.686,423.313,946.989,1693.33,637.276,57.3147,1012.72,1136.66,333.919,1647.27,1777.57,492.518,447.611,204.795,934.449,615.409,255.364,280.68,607.777,80.6843,1611.4,1599.12,302.108,34.7094,305.719,500.707,314.108,1012.29,1603.97,796.419,601.38,478.504,720.914,831.176,895.413,856.266,1311.13,494.287,398.82,535.065,316.317,146.776,9.78159,420.549,297.64,55.6749,82.3707,117.604,41.3194,261.494,121.055,10.3437,190.041,440.731,194.93,69.5041,67.0248,364.653,1646.81,3175.14,671.818,287.302,559.141,1168.59,3558.87,2912.33,394.963,571.611,1031.59,658.567,359.358,452.458,725.928,886.055,558.955,611.751,144.913,58.2822,247.429,469.448,1001.71,754.177,144.905,51.2137,95.9702,28.9997,256.815,223.785,192.824,464.081,855.486,601.535,233.32,267.104,136.646,436.586,1684.2,1787.58,212.126,449.785,1009.63,1093.32,843.171,314.848,162.399,763.368,1060.82,725.776,828.423,1508.86,377.135,229.341,1351.03,537.335,421.469,568.369,598.151,375.839,104.008,95.8479,420.137,273.073,99.27,164.915,342.203,733.369,475.479,459.248,262.207,309.441,456.195,309.057,113.115,841.494,1139.25,499.97,728.648,583.431,782.787,964.192,630.777,1252,976.557,586.878,356.704,295.876,274.127,292.626,317.127,805.543,657.378
99.567165533,299.096,270.65,43.3781,188.232,413.723,534.893,6.06264,220.997,95.5381,1.59788,152.558,250.005,71.805,167.464,530.156,300.922,407.053,408.159,702.377,292.096,413.003,1017.46,677.562,426.078,33.5397,614.774,1598.01,972.654,231.111,59.6541,342.468,315.083,797.923,1338.52,536.461,43.3675,1004.91,1084.08,80.1308,1953.86,1320.12,150.536,296.159,127.798,772.477,491.59,225.152,301.53,472.493,1.49277,1263.07,1256.79,217.723,4.87276,331.572,564.446,149.263,732.065,1052.84,390.419,376.768,473.991,610.972,501.625,669.014,417.725,996.942,282.446,310.446,519.361,229.114,161.037,2.56305,336.226,206.131,18.9451,97.2107,102.073,3.31436,203.068,181.504,25.491,193.179,319.921,285.001,72.672,78.6176,223.105,1526.34,3444.47,795.312,287.035,468.17,976.77,3090.11,2288.12,207.346,459.645,1052.26,570.459,204.884,276.877,399.802,574.16,310.371,542.46,126.224,49.1989,234.357,264.515,578.359,427.354,48.6092,58.0666,114.929,123.462,309.259,169.897,96.9795,217.504,571.542,418.039,144.006,248.61,98.5114,361.019,1211.83,1304.94,130.384,405.24,890.037,800.149,867.066,249.616,84.126,513.685,883.795,598.111,499.86,1632.5,439.889,283.946,1154.27,268.463,279.567,546.963,562.989,209.423,99.5595,110.441,489.634,246.156,41.6122,103.886,279.242,567.663,268.164,328.555,141.292,206.008,462.232,321.314,27.6513,588.196,828.604,243.152,577.431,390.728,681.368,879.864,246.338,788.038,574.588,434.894,307.104,208.677,237.754,191.939,138.626,487.494,455.176
101.053242630,248.123,233.811,5.19717,104.091,203.127,375.908,23.1632,215.391,123.226,9.01315,102.356,192.244,29.2867,100.901,432.049,127.983,250.502,239.104,444.561,201.46,299.83,649.408,402.265,343.849,17.5228,491.494,1098.15,615.573,201.066,43.2538,217.11,192.434,579.321,971.91,419.088,141.668,847.792,985.073,11.4096,2207.22,924.521,30.5313,227.843,220.46,501.251,364.842,157.517,271.226,331.673,91.8115,985.309,879.729,127.722,2.99628,365.926,531.837,54.2761,504.995,617.309,165.633,164.377,372.864,468.956,207.734,476.838,108.165,722.879,130.082,172.963,489.127,118.45,161.405,35.2309,247.266,178.045,23.6366,83.2614,80.7688,18.8217,185.766,185.958,59.4646,213.174,179.81,352.829,97.1164,73.5339,145.091,1202.83,3651.15,917.612,288.476,354.434,699.985,2387.07,1649.18,139.554,332.879,969.412,416.243,76.7015,150.374,183.048,353.77,136.447,395.179,135.16,50.315,195.091,124.386,242.069,275.694,14.9278,31.9066,199.952,291.695,308.96,124.99,68.9495,75.3554,402.372,235.475,57.3672,223.769,51.0227,271.176,758.48,863.089,170.206,350.128,659.986,495.745,757.602,213.951,64.3287,300.164,608.132,445.27,230.287,1691.21,521.611,317.351,965.958,132.758,163.104,441.626,451.549,99.2071,98.0201,167.665,463.735,238.451,23.2995,51.1746,223.838,351,141.866,214.936,62.4479,136.478,394.793,306.306,1.12107,386.734,633.156,93.6379,342.989,241.31,487.829,723.635,45.6151,420.702,281.168,261.643,210.226,132.327,169.982,82.8023,51.1402,309.726,318.671
102.539319728,190.045,180.743,5.11305,43.7299,87.0875,262.755,74.4908,183.612,170.075,29.5485,52.8516,161.148,7.91021,113.355,357.861,44.2735,153.672,150.662,184.825,199.357,292.515,312.412,203.656,232.897,58.1682,366.157,701.82,292.394,191.688,58.9273,98.7013,110.922,407.919,637.378,295.614,320.277,625.425,793.242,232.034,2447.73,744.884,2.70234,213.532,401.273,248.78,236.323,84.0753,202.764,202.394,244.883,789.562,529.084,70.049,28.4456,415.723,425.635,22.1355,366.86,406.374,70.9245,33.2553,245.744,341.76,39.2405,359.458,36.52,503.75,39.9916,65.7846,460.13,25.2004,166.249,75.6934,180.07,156.603,50.4382,57.3417,58.9271,58.0557,174.527,161.947,90.8761,234.34,56.6201,409.351,143.734,46.1655,98.9547,918.922,3779.93,965.829,266.228,285.382,541.854,1507.93,1171.56,135.486,256.819,785.794,266.617,9.02578,73.2997,93.7916,251.417,74.7203,214.275,167.817,89.5367,136.514,51.5068,59.1161,247.803,9.64424,7.6113,392.788,512.877,246.268,95.1841,106.407,60.6402,353.792,94.2276,6.95075,215.677,14.3928,168.511,433.007,497.41,282.419,288.988,416.955,236.852,565.29,240.623,64.5586,156.424,331.253,310.229,126.286,1648.34,653.602,276.059,827.327,126.95,76.3199,316.641,292.237,51.303,99.2973,221.215,382.908,231.15,45.0935,40.8961,210.055,139.585,104.203,170.259,69.6443,91.1949,283.555,303.21,6.77055,277.888,573.695,87.8859,132.832,136.188,309.683,556.047,7.90867,186.477,123.678,122.587,109.512,80.3485,96.1422,10.8417,38.1596,251.939,241.881
104.025396825,136.983,122.636,39.3551,13.4837,38.8593,180.9,120.408,144.608,221.858,66.8186,30.0518,184.479,8.12323,212.805,300.24,55.1915,137.512,141.755,16.9497,325.01,413.009,69.3649,87.9663,171.169,110.178,267.188,385.165,111.552,168.483,118.129,12.6858,94.497,373.407,381.368,189.49,466.345,420.667,536.159,704.972,2666.53,844.534,3.1473,269.297,553.335,85.2354,132.262,27.1441,123.406,110.207,354.964,659.231,251.541,76.7929,79.845,473.472,289.039,33.648,290.302,391.306,73.9251,62.532,160.644,266.666,57.6664,314.818,141.745,352.522,11.0672,30.5049,412.958,15.1839,200.707,85.1849,138.751,126.282,73.5675,52.4115,49.3701,117.205,127.251,155.725,78.0761,271.189,2.1144,514.726,192.471,29.3472,58.8451,767.079,3798.76,1027.61,260.744,325.311,585.802,696.5,857.058,118.58,275.359,546.291,153.067,5.58709,41.5181,87.2529,235.921,113.786,67.7956,210.807,171.159,87.7853,25.7331,2.13867,271.503,79.0086,86.1842,719.947,760.344,137.921,88.2742,145.338,146.158,430.871,41.1379,13.2317,237.164,20.4668,78.9071,235.869,261.278,383.342,228.91,218.112,69.1657,371.762,299.283,65.6631,80.9051,137.282,217.23,215.877,1478.3,803.222,167.578,744.236,237.581,16.4015,240.816,124.891,71.5639,130.109,202.842,315.064,194.809,88.8558,91.2954,260.732,12.6409,143.722,198.993,135.906,67.5639,174.616,349.551,22.081,275.176,636.045,182.269,21.6526,75.9554,207.244,437.169,56.2709,68.8328,58.0591,61.8222,55.1776,50.936,42.2348,7.79116,85.5985,259.268,181.405
105.511473923,94.7504,72.464,85.346,12.379,18.0338,132.475,131.338,111.442,254.852,125.486,68.3578,262.81,48.4114,343.401,292.136,96.6057,157.391,221.769,39.5921,570.551,607.081,2.6916,78.5809,167.09,126.239,217.467,175.044,42.2244,130.51,208.585,12.1296,135.251,448.419,246.405,120.232,495.465,262.589,335.117,1205.43,2816.19,1159.49,45.5853,423.72,618.009,11.4843,74.8891,4.04516,64.5255,54.7455,409.326,565.701,83.4959,155.628,160.948,528.84,166.115,56.0932,232.907,491.926,168.548,242.672,181.346,280.758,218.942,308.87,299.266,264.235,15.6148,40.7521,382.95,104.526,236.067,76.212,109.159,117.446,73.0782,93.014,88.954,167.524,73.8039,147.62,40.3559,308.897,91.7654,694.37,253.835,43.1717,44.2359,703.697,3667.17,1241.49,349.535,558.44,729.514,189.527,644.871,68.8803,340.595,334.448,86.7824,30.7983,36.8787,101.883,248.757,220.393,6.48265,271.148,264.369,69.6127,23.4999,10.2157,319.089,289.76,355.507,1189.86,977.523,50.4885,95.6625,139.469,277.488,634.138,124.646,96.8932,292.732,64.6137,41.2291,149.795,153.419,419.417,155.373,90.0579,8.21011,237.619,323.918,67.0288,66.1836,42.5195,166.668,412.95,1246.67,856.993,50.4948,718.962,430.006,2.14779,215.881,21.8213,160.681,204.133,119.546,275.122,138.677,140.547,198.644,355.468,26.5902,250.222,274.528,191.677,64.6258,132.068,435.569,43.8304,337.766,784.067,309.201,9.70917,54.0612,200.614,376.481,96.4651,26.2712,33.997,85.8522,71.3678,44.1951,26.2876,72.5234,183.744,275.651,118.189
106.997551020,66.576,36.41,115.498,38.0412,6.73976,122.961,104.284,85.1722,254.486,196.935,173.803,406.344,148.395,416.669,338.108,105.875,177.572,390.684,270.779,940.624,828.103,85.6375,138.447,227.463,121.893,215.376,88.6926,36.7378,125.343,292.274,70.7353,214.197,583.918,229.612,100.171,378.409,201.705,261.974,1460.28,2804.08,1619.24,196.788,642.115,574.251,22.4467,70.9362,2.35768,62.6763,38.6386,464.787,487.527,25.9685,261.17,316.264,573.132,72.3941,63.0801,193.967,649.587,340.33,447.835,320.094,416.968,409.869,293.279,430.065,226.949,17.6956,38.3821,426.439,252.772,232.74,74.8941,96.1708,151.956,74.8437,219.786,213.678,182.281,40.7363,122.646,9.46707,327.279,348.15,997.626,336.899,72.7579,52.9689,690.171,3329.73,1645.52,618.397,1030.55,814.876,11.1317,511.079,28.0861,380.783,211.577,46.4799,46.5173,35.9811,103.717,250.186,350.272,53.7789,369.768,331.303,60.8542,29.9222,40.2539,385.685,634.825,844.478,1813.42,1087.26,22.5528,95.963,98.3222,401.646,941.115,381.323,293.219,399.857,89.9681,38.1132,143.927,176.282,397.871,80.4862,30.1013,7.57668,194.133,262.821,81.7081,97.7215,37.2703,163.296,533.55,1050.73,719.094,7.51235,773.792,641.721,49.9602,216.74,17.3148,285.475,349.246,35.4898,281.065,69.3185,188.689,326.258,470.101,174.16,422.356,359.37,186.064,85.2314,176.88,530.591,85.2915,386.369,981.835,427.092,38.8283,52.7261,266.381,343.429,85.879,23.2608,35.2833,156.639,131.168,63.7569,58.6763,185.005,325.116,272.525,63.8425
108.483628118,39.5508,15.4534,124.926,93.3832,10.0848,140.223,72.3925,60.9375,223.769,256.434,329.622,600.46,309.196,395.392,397.608,85.6236,192.713,644.303,655.666,1357.86,1064.27,241.169,224.526,329.884,150.488,254.444,133.33,73.7139,212.744,348.382,125.831,320.086,720.928,270.762,108.745,209.821,234.286,316.063,1413.9,2503.15,2158.83,515.525,786.905,490.156,99.3366,94.7803,14.3246,113.62,95.077,565.838,439.142,35.2355,339.387,598.195,619.221,15.6168,51.069,170.257,788.284,601.126,574.682,490.405,660.37,575.846,231.571,512.177,234.723,10.4053,38.6459,530.207,390.952,208.145,77.5693,106.858,238.959,146.661,457.542,428.588,182.788,30.4509,83.6679,1.17965,345.279,707.874,1373.36,516.164,104.596,50.2957,693.9,2753.41,2157.16,1144.35,1630.61,777.823,33.9722,457.455,60.8644,347.502,169.565,23.5823,48.5943,32.9614,92.1951,219.591,493.669,195.934,479.663,365.114,47.1415,32.8517,76.0149,456.161,1020.44,1538.25,2471.88,1079.9,38.3895,96.5897,41.434,511.608,1302.67,767.996,596.279,565.638,83.2476,34.0969,178.467,333.257,362.834,40.8902,25.1819,25.4079,201.035,162.404,101.651,149.351,106.766,205.342,478.409,899.923,453.638,82.8568,904.554,828.523,150.114,224.526,86.6518,426.914,546.875,52.0259,320.968,21.4722,240.213,413.821,565.177,426.552,651.435,413.927,134.189,123.231,264.234,613.664,161.779,360.37,1172.24,575.709,47.0067,57.0817,367.67,301.585,47.5387,42.4449,59.7601,235.673,200.959,99.8345,122.016,323.896,513.204,244.045,30.453
109.969705215,11.8994,2.80162,151.851,173.183,33.2287,149.376,68.7664,56.5899,153.804,299.311,492.416,801.282,499.274,291.381,443.52,74.7856,231.754,909.487,1121.88,1745.77,1198.41,424.392,347.802,380.367,224.213,385.694,324.273,172.457,346.911,384.453,174.436,370.524,849.13,335.546,95.3234,90.5547,293.299,533.144,1097.76,2032.14,2574.23,966.239,818.469,365.465,217.246,136.102,37.6749,178.393,252.872,774.605,387.769,59.6314,416.15,927.28,706.676,10.5244,56.8661,169.115,825.239,918.925,604.244,588.208,971.757,712.86,124.907,561.249,287.909,15.0167,96.7636,657.411,457.505,176.372,71.4208,141.16,392.468,356.118,763.992,666.119,223.6,49.3209,33.9994,21.1945,403.724,1035.5,1705,829.655,140.72,29.2254,648.847,2078.02,2493.51,1924.43,2162.15,632.661,145.03,475.918,163.61,283.801,160.716,22.7315,50.0836,20.9154,96.6481,138.891,690.059,417.482,510.474,393.825,27.5984,42.5941,97.3046,496.697,1364.06,2265.58,3008.91,986.645,67.8715,116.395,2.13062,626.94,1557.49,1233.19,997.154,702.695,82.5695,33.8068,203.889,556.007,427.565,66.4286,47.6445,42.8844,204.715,88.5429,118.766,231.4,201.451,264.16,304.651,776.513,184.636,268.078,1098.31,929.595,281.346,224.554,161.94,605.979,768.008,158.57,357.958,60.4526,334.124,391.922,618.134,767.491,858.661,427.515,65.5234,171.398,362.169,648.137,262.07,269.204,1302.05,792.984,36.4056,74.4301,462.764,259.188,14.9545,72.6165,98.7255,294.823,280.337,127.727,168.985,506.604,726.806,191.366,9.4101
111.455782313,29.7573,17.2252,236.068,270.046,54.4163,151.369,103.697,64.0296,84.2985,297.456,606.089,962.16,660.72,155.683,472.106,126.42,335.04,1064.93,1539.77,2019.55,1156,578.63,481.298,354.33,293.134,601.203,682.74,392.42,448.427,364.686,225.054,314.058,1003.97,382.735,68.1668,19.5386,349.056,878.443,709.508,1531.06,2757.03,1318.69,829.594,176.584,393.737,206.887,41.7801,225.954,566.049,1042.59,333.484,80.5918,468.642,1209.01,818.06,87.2235,104.844,175.5,736.298,1259.19,520.118,605.447,1283.67,779.199,31.2109,595.025,382.869,49.0321,217.78,796.53,429.292,140.827,53.841,183.648,616.541,711.524,1047.77,853.464,307.957,96.203,8.50839,64.3351,527.197,1181.77,1867.77,1286.25,196.997,22.1629,467.4,1524.27,2334.72,2865.63,2472.41,439.808,266.767,551.235,266.101,210.39,188.084,35.4931,39.8728,5.94501,131.582,77.7361,965.593,642.044,444.252,409.575,26.7568,55.7882,97.8488,482.022,1615.92,2736.62,3283.97,901.888,72.049,180.67,29.6272,719.408,1612.45,1636.74,1406.4,791.052,81.308,36.0456,209.45,752.32,647.709,178.577,81.115,42.6489,209.935,62.5614,131.358,330.978,275.176,303.154,124.905,678.127,31.0891,554.102,1362.63,830.628,446.151,212.976,187.157,858.299,945.957,281.365,398.955,201.348,463.447,290.343,622.389,1161.86,935.243,416.378,7.70815,247.422,394.346,636.652,367.32,147.063,1364.99,1047.93,48.4713,130.552,525.089,212.959,4.47722,114.792,139.434,307.564,358.987,136.392,183.773,704.719,929.94,144.046,1.19799
112.941859410,126.643,91.4847,426.227,405.34,46.2905,169.652,181.843,63.7819,42.2338,248.914,630.537,1044.53,726.211,58.5025,472.968,307.337,528.704,997.688,1814.35,2109.93,927.334,663.308,557.04,288.911,309.632,880.217,1123.1,738.534,508.48,266.481,309.879,176.05,1239.03,392.636,58.159,2.03144,409.337,1186.96,449.833,1170.11,2698.28,1361.83,850.519,20.9951,651.143,337.799,15.1306,318.783,1046.11,1241.87,290.626,71.9659,514.001,1315.31,953.455,222.687,175.031,186.81,536.164,1603.31,384.885,626.445,1468.56,756.356,5.27352,633.889,489.897,117.277,374.213,896.612,357.837,99.1872,40.3677,217.497,936.13,1121.7,1178.2,964.679,399.586,154.119,26.0697,129.751,708.014,1086.44,1802.25,1805.57,333.98,72.8265,214.147,1138.77,1724.73,3757.68,2477.36,275.444,338.301,670.686,309.816,145.146,225.872,61.51,16.0217,7.97563,212.373,156.478,1344.94,759.707,330.637,388.172,54.2346,72.7093,77.4438,424.361,1713.98,2771.2,3179.43,939.477,55.7229,320.863,148.686,710.233,1502.15,1788.34,1721.17,827.062,72.0011,35.6103,200.217,841.426,987.743,428.145,137.067,17.1157,241.639,72.8356,139.647,415.975,323.201,280.136,22.9073,622.375,101.627,934.249,1658.67,539.932,640.849,213.189,186.253,1171.9,1019.37,362.303,423.528,387.939,627.03,178.126,616.359,1511.16,873.301,360.548,17.134,377.007,309.141,621.401,446.64,73.0783,1316.85,1296.86,125.905,241.508,538.551,157.194,22.8572,173.456,171.686,257.091,450.115,109.396,190.401,839.129,1089.28,144.397,1.07273
114.427936508,278.212,240.201,739.816,627.64,21.2782,235.938,295.951,48.9338,22.8364,189.946,528.347,1052.56,665.051,30.144,467.565,631.929,784.594,737.154,1875.34,2048.7,562.693,679.102,510.235,245.164,257.902,1211.21,1489.61,1114.17,564.289,140.604,441.767,86.6429,1556.71,435.938,83.247,51.9466,453.772,1313.95,429.692,1113.24,2306.51,1145.73,807.813,29.5119,991.78,621.619,9.74032,554.112,1568.93,1304.01,260.595,47.7459,539.515,1197.82,1080.62,370.284,220.89,194.041,311.195,1915.08,368.991,772.463,1410.86,666.339,98.4877,652.753,552.719,223.425,520.33,903.094,301.398,61.2276,53.4703,258.733,1366.21,1438.3,1084,1001.87,425.913,223.119,91.1565,232.609,850.883,851.142,1475.41,2324.88,589.014,192.447,58.8241,886.591,985.39,4368.25,2224.81,176.165,313.899,857.519,271.279,109.134,225.76,105.133,0.592563,46.6552,366.529,496.483,1799.91,730.49,220.37,323.913,97.7389,101.6,39.5171,369.705,1579.62,2422.36,2647.89,1157.62,100.951,560.585,319.468,592.056,1257.79,1630.08,1834.95,832.974,47.0873,31.924,172.26,815.934,1301.8,845.332,282.826,1.86274,327.796,101.082,126.365,488.58,326.471,211.067,27.3598,637.452,389.515,1373.72,1927.49,218.797,813.532,296.464,234.903,1512.28,934.319,390.36,385.981,554.378,825.026,125.374,609.591,1726.65,719.509,275.237,135.027,552.316,173.8,627.279,518.349,84.663,1118.1,1521.65,291.412,363.721,502.808,104.657,52.5458,259.697,197.056,182.964,555.012,64.1559,201.334,837.93,1190.41,219.589,18.7125
115.914013605,428.788,455.146,1135.73,936.803,46.2969,371.299,428.004,33.0575,11.7364,141.208,348.75,973.039,527.617,49.1801,488.223,1064.61,1025.36,407.857,1717.56,1910.47,204.111,647.698,350.189,256.589,207.375,1547.2,1624.35,1392.38,665.861,88.3522,613.803,190.922,1862.28,610.539,157.315,167.408,451.117,1229.35,672.235,1248.93,1716.31,757.875,708.969,222.392,1383.31,1139.49,155.666,963.716,1953.19,1213.21,245.091,41.4256,494.123,956.146,1090.01,508.15,223.45,179.831,149.361,2180.06,669.398,1098.73,1124.36,541.478,294.079,633.438,534.491,332.676,615.913,794.226,287.739,54.2587,101.554,354.825,1809.62,1609.61,777.163,995.464,345.762,296.022,207.576,362.887,877.687,578.165,1018.9,2726.45,986.05,342.635,84.1307,746.128,490.712,4588.1,1832.26,127.194,249.318,1098.15,207.212,90.3884,187.125,156.329,19.7952,141.579,642.169,1121.53,2204.25,627.056,131.715,249.113,122.399,142.923,15.2566,334.924,1237.5,1843.24,1846.29,1481.36,331.702,890.944,467.121,413.727,935.869,1240.94,1694.55,816.293,22.4516,25.4158,140.13,685.88,1475.77,1370.88,565.449,79.5526,483.017,139.02,91.7894,562.331,276.352,145.934,126.758,691.92,793.328,1838.32,2097,38.0652,925.229,495.971,425.522,1810.31,720.126,368.631,282.616,659.33,1015.79,169.66,599.888,1750.88,569.875,197.665,349.086,727.762,103.393,667.606,634.698,167.669,799.161,1690.61,542.359,415.661,448.705,68.4445,84.1792,371.921,231.592,148.72,661.601,43.8654,210.842,704.044,1203.91,366.45,72.6871
117.400090703,484.341,702.218,1571.98,1216.75,176.063,574.521,589.319,25.2736,2.717,104.954,194.735,764.613,423.271,58.8798,563.986,1561.17,1125.12,162.12,1393.74,1799.95,21.9247,553.285,172.529,311.035,258.329,1843.99,1435.6,1516.01,810.136,176.042,801.532,543.345,2085.96,865.919,293.874,352.137,357.719,1047.94,1073.44,1342.58,1140.67,362.96,542.553,504.088,1849.98,1840.05,535.274,1458.15,2110.58,974.011,246.564,68.205,372.704,678.349,947.236,611.116,178.472,151.36,111.649,2382.89,1360.05,1548.79,762.33,410.921,505.641,569.49,439.25,399.57,630.019,603.029,295.612,103.552,190.177,511.638,2124.09,1650.12,385.212,974.698,190.844,366.908,346.119,484.32,766.705,353.354,633.176,2864.68,1470.87,503.954,271.319,680.106,449.261,4420.99,1484.62,101.394,284.256,1329.99,184.796,73.5901,134.175,186.02,84.4522,321.408,1091.18,1866.59,2395.72,568.504,99.1831,157.947,130.865,170.591,34.9061,331.61,758.105,1288.13,1020.26,1785.61,750.507,1253.9,583.062,221.708,618.233,815.129,1278.64,818.257,20.2379,13.9407,127.476,484.478,1465.79,1828.11,1003.4,344.102,684.832,173.37,64.8254,599.368,244.876,122.856,269.075,701.311,1212.44,2249.51,2052.17,95.319,1052.73,729.557,710.829,2069.47,456.406,350.8,132.443,735.027,1095.63,297.492,604.839,1533.17,535.376,174.659,594.576,842.963,168.641,773.883,798.77,260.749,478.763,1727.02,864.89,359.432,395.319,63.9156,122.556,469.06,299.908,200.81,778.247,70.4707,192.081,510.306,1099.06,563.269,172.351
118.886167800,411.067,925.571,1965.02,1357.25,384.531,829.327,776.203,45.9366,10.5326,77.0589,104.73,493.124,383.973,32.246,740.656,2021.1,1034.69,45.2816,1084.21,1737.32,80.1877,438.538,53.4745,367.33,468.219,2073.28,980.456,1497.89,975.066,357.244,960.103,1095.87,2169.87,1054.84,485.105,585.695,208.293,870.03,1467.83,1249.7,697.979,100.52,339.152,759.693,2328.68,2561.28,1111,1899.58,1996.22,668.357,243.58,117.177,222.703,422.636,698.87,653.706,108.302,119.641,203.269,2498.28,2298.95,2004.63,491.621,302.012,636.975,468.106,301.093,392.461,561.738,389.986,287.419,208.331,310.356,688.355,2190.85,1603.36,97.6316,955.566,50.6886,420.997,452.607,558.064,558.12,215.753,431.807,2742.5,1848.56,655.052,546.667,675.45,733.677,3991.79,1346.04,91.3745,505.487,1484.89,235.903,61.8181,78.5905,187.43,178.411,589.187,1691.48,2487.73,2276.4,616.567,126.6,78.6156,128.076,166.921,83.2815,353.955,311.897,904.367,437.341,1980.5,1184.71,1561.81,692.66,122.958,361.002,505.215,740.667,817.234,79.0697,18.1282,126.094,282.941,1280.64,2043.18,1541.6,821.866,898.17,191.156,49.5814,592.875,284.061,151.622,407.788,618.832,1528.45,2479.11,1760.8,390.888,1214.3,901.857,973.8,2270.3,309.075,361.444,23.2546,783.221,1028.88,444.63,577.766,1163.35,636.434,243.401,763.289,875.25,360.247,921.776,985.471,310.323,244.15,1606.02,1184.2,239.535,345.437,114.614,173.804,500.496,393.687,371.868,899.156,136.471,143.813,317.336,891.473,772.918,301.13
120.372244898,261.093,1059.8,2212.25,1319.96,572.93,1103.53,972.965,97.9428,40.7008,60.5241,75.3058,250.162,385.788,6.46291,1026.97,2322.83,812.145,31.7825,904.969,1696.75,320.395,353.705,24.9464,387.395,781.254,2235.68,459.741,1398.96,1101.01,531.04,1058.64,1654.24,2095.83,1060.01,694.603,797.097,93.9388,746.289,1702.24,954.398,425.254,3.83382,156.83,899.855,2672.27,3106.68,1743.14,2095.79,1688.94,372.721,228.769,154.159,101.154,228.331,425.043,631.264,47.2131,92.1316,362.386,2509.79,3154.44,2352.96,389.063,231.252,641.789,342.524,175.811,298.681,447.697,206.601,247.547,327.275,438.953,813.922,1966.52,1526.41,59.0414,922.09,16.1688,447.342,484.056,556.016,322.821,159.433,435.183,2390.61,1981.85,735.485,808.546,738.078,999.844,3497.74,1425,115.603,863.835,1567.98,322.909,50.8871,34.5727,168.161,264.147,902.863,2356.72,2750.06,1876.9,745.817,193.436,38.5945,113.452,136.908,129.371,388.534,65.4441,704.782,267.696,1990.65,1450.86,1692.14,849.061,194.156,220.796,350.016,302.411,753.761,227.238,68.3036,127.702,148.131,977.931,1934.38,2056.15,1426.54,1070.18,194.427,47.1145,555.698,375.993,233.981,503.912,443.488,1685.15,2407.11,1315.46,798.534,1355.62,963.572,1104.65,2354.59,411.92,414.021,31.0457,781.803,857.217,522.906,496.008,761.484,826.269,400.542,781.91,810.63,603.341,1068.45,1107.79,303.974,124.709,1379.52,1380.41,135.004,318.819,222.91,227.481,445.59,485.898,634.833,996.576,217.361,86.8861,160.331,650.467,917.723,437.223
121.858321995,105.788,1064.82,2248.51,1126.47,651.365,1349.9,1127.53,174.384,88.293,58.5831,79.5956,97.0047,373.321,70.0863,1410.79,2314.98,605.408,50.2254,843.414,1686.84,554.192,322.332,81.0136,343.027,1096.63,2292.43,149.29,1267.15,1124.19,608.699,1079.62,1949.71,1951.4,809.034,912.528,872.918,89.359,710.312,1665.82,590.705,269.383,22.7701,48.2629,888.859,2789.48,3230.47,2285.48,1911.78,1324.39,154.204,195.998,154.52,25.5979,113.794,219.656,540.315,28.2101,76.8587,470.433,2479.46,3495.71,2533.89,447.707,189.711,549.468,210.704,98.7211,170.92,295.475,100.96,183.255,418.612,516.413,843.121,1500.07,1468.87,269.624,852.794,113.15,453.771,417.051,486.364,138.08,151.547,536.184,1892.96,1839.68,702.772,947.84,906.208,929.771,3133.57,1538.83,194.031,1271.01,1569.96,377.524,49.0719,16.7191,124.312,318.305,1185.07,2924.38,2576.85,1322.8,875.389,264.742,37.1257,99.4134,94.3388,155.122,408.007,74.3228,695.946,458.974,1743.5,1479.66,1556.27,1087.38,449.217,238.061,286.561,74.6466,628.434,462.312,175.023,123.692,101.911,647.542,1568.93,2365.18,1974.1,1201.38,163.966,57.7068,513.583,437.233,375.015,525.551,247.686,1632.73,2099.42,796.736,1161.64,1429.32,878.405,1043.42,2279.38,782.002,508.592,152.13,723.969,642.025,490.957,365.353,450.885,992.42,618.679,624.988,691.307,757.705,1173.4,1087.92,265.671,102.754,1110.53,1369.83,126.477,354.207,331.223,270.949,320.288,547.264,915.689,1020.97,290.45,34.4937,63.0985,457.431,923.961,538.756
123.344399093,16.0747,910.664,2105.92,835.186,605.421,1476.93,1205.73,253.441,130.774,82.4895,88.2334,23.6204,324.741,284.943,1820.71,2012.75,464.677,43.9612,864.935,1720.43,575.41,366.773,177.089,232.142,1362.18,2141.34,193.1,1182.03,998.212,566.345,1005.86,1856.74,1780.02,418.225,1088.61,790.564,174.459,757.028,1375.25,307.611,174.214,88.6972,5.62059,814.844,2568.61,2907.61,2533.85,1437.68,973.273,57.0406,158.694,112.117,0.0414726,72.8371,140.664,373.265,72.8544,91.2145,425.452,2464.33,3122.98,2503.86,654.942,132.022,457.354,108.353,57.8497,89.2511,141.244,58.1375,139.1,426.079,534.661,728.94,967.931,1398.9,610.503,738.708,284.02,465.074,260.848,392.67,47.6436,152.833,593.133,1369.99,1472.67,568.208,926.312,1175.85,530.443,2945.31,1518.18,323.818,1614.22,1517.22,332.515,67.7863,29.6454,62.6757,344.962,1312.62,3247.64,2084.74,791.028,899.086,311.934,63.7503,90.9631,61.3243,142.643,423.664,285.578,815.468,774.804,1350.07,1242.71,1220.09,1321.76,859.761,430.172,225.502,17.0575,517.968,751.363,294.535,120.478,124.122,365.202,1128.71,2326.37,2264,1308.28,104.93,94.7613,475.025,397.485,561.423,484.431,103.645,1378.94,1702.5,335.501,1359.46,1383.2,672.415,781.055,2085.44,1280.55,625.23,307.209,625.03,451.557,365.854,246.789,288.479,1005.78,844.236,375.272,565.036,724.544,1188.43,947.054,209.085,164.405,820.322,1174.8,284.624,440.873,369.89,308.197,165.089,578.572,1091.42,957.444,332.865,8.54363,20.5415,349.812,789.706,564.074
124.830476190,10.0235,666.12,1818.92,556.149,440.118,1486.16,1132.77,325.625,156.515,115.311,86.5285,0.562653,274.239,591.69,2162.15,1562.64,361.343,10.04,962.618,1716.49,398.975,456.406,282.793,111.783,1512.22,1798.83,476.858,1215.2,732.538,460.122,812.404,1470.92,1586.28,97.2314,1170.99,601.289,282.021,833.018,969.834,154.898,111.729,144.432,9.16365,792.019,1986.85,2318.64,2319.88,903.08,683.033,89.5699,120.746,61.9379,30.95,77.5527,156.033,213.681,141.479,133.184,264.217,2446.75,2227.96,2256.71,965.37,59.1604,417.456,100.826,42.0899,64.6064,39.1727,57.1952,135.084,349.697,490.995,509.956,507.558,1288.15,898.249,602.873,422.727,473.779,100.533,304.001,41.1956,155.733,521.608,904.082,1033.72,351.82,838.46,1402.98,128.482,2887.81,1343.3,436.599,1870.96,1390.39,219.152,104.556,55.7583,17.7233,339.871,1233.69,3222.87,1529.38,407.605,779.444,319.54,97.7298,90.8443,33.5654,100.497,441.779,588.21,999.538,961.433,960.219,825.108,775.146,1471.97,1352.72,718.991,160.098,20.2842,498.25,1039.42,397.165,108.33,179.116,180.704,806.661,1896.68,2245.33,1358.41,58.6231,158.691,439.439,266.101,743.005,435.193,48.5464,994.278,1359.28,65.6051,1296.83,1255.55,395.963,425.636,1832.16,1673.34,742.564,406.455,493.587,328.186,239.777,200.02,229.3,885.049,964.429,175.297,429.601,546.939,1080.2,777.754,138.946,310.35,509.024,911.849,586.911,537.815,332.063,310.078,58.3255,582.778,1107.38,789.281,353.232,20.6938,22.7869,302.774,590.142,476.161
126.316553288,45.26,452.329,1462.32,332.796,249.791,1378.75,918.479,364.916,159.294,133.362,79.4333,4.1741,231.682,894.234,2323.71,1164.81,239.688,17.4943,1075.63,1620.46,176.339,555.138,399.644,45.2198,1535.45,1355.88,751.467,1358.31,455.888,341.929,533.867,972.246,1374.89,9.05103,1189.17,359.476,377.07,839.834,600.201,110.96,75.9509,154.643,43.3234,823.701,1249.17,1645.53,1703.09,517.173,472.011,243.467,87.7608,31.7524,96.2492,126.738,228.979,87.6562,202.404,197.952,122.488,2362.23,1238.86,1877.35,1269.66,22.1685,410.339,214.283,64.4688,89.8512,1.3769,72.0838,159.254,245.174,381.874,281.118,220.732,1082.18,1035.89,435.483,479.014,447.455,23.2978,237.612,85.1206,157.227,348.326,550.579,603.251,193.979,748.348,1481.11,30.5545,2868.18,1164.22,464.665,2084.73,1162.36,104.473,145.972,93.2312,0.0355085,322.755,959.893,2862.97,1173.72,218.667,528.17,315.686,100.802,98.6609,10.9408,56.8122,452.963,887.038,1126.65,953.961,585.75,433.819,382.776,1414.87,1826.88,1014.02,103.845,35.8415,563.711,1278.41,469.173,78.1928,260.88,100.01,644.419,1296.15,1875.06,1409.26,37.589,221.038,404.949,106.499,893.485,420.397,54.9758,648.917,1106.24,16.1833,1037.8,1069.94,143.356,144.128,1564.33,1806.52,784.13,443.938,312.303,311.545,225.397,244.518,199.195,696.84,923.291,78.2439,331.117,314.439,862.815,685.645,64.2499,514.857,230.423,674.237,883.291,667.725,211.242,308.13,24.3505,565.127,991.529,527.076,383.548,69.5323,54.3496,267.684,392.342,323.738
127.802630385,80.9167,321.133,1145.91,171.497,126.095,1194.33,626.212,350.72,139.096,128.406,72.9409,11.0899,210.175,1081.16,2250.13,910.55,126.903,130.308,1117.41,1454.02,49.3303,615.252,533.444,89.7164,1461.9,904.719,857.798,1488.15,331.39,262.401,237.625,530.694,1146.98,240.189,1151.46,165.845,429.631,729.068,338.602,110.329,75.982,115.145,93.2682,884.07,582.52,1048.44,960.198,354.751,362.466,460.792,88.9816,32.0929,140.186,201.325,348.008,18.4331,264.73,255.523,106.814,2175.83,547.078,1521.7,1437.88,64.0472,421.476,390.027,147.057,151.039,15.214,80.2247,197.538,144.256,259.773,125.047,81.6362,824.729,998.691,259.949,457.84,364.379,34.4209,216.028,140.373,139.117,171.544,309.637,271.27,182.889,711.239,1389.33,286.495,2853.29,1111.8,455.564,2205.07,892.022,25.6455,179.969,139.481,21.2326,291.1,595.486,2297.98,1079.74,198.45,271.374,290.08,78.4192,103.548,19.084,21.8618,465.479,1102.22,1097.71,793.081,274.677,185.865,137.082,1134.8,2171.96,1268.9,79.9194,61.3263,611.423,1457.1,508.143,43.2512,334.819,128.819,603.981,722.643,1309.45,1459,63.2102,247.167,362.292,9.36141,1003.34,487.589,60.1963,443.475,931.588,132.877,705.965,854.376,13.3825,13.1738,1311.71,1698.67,679.95,453.075,129.235,418.668,353.317,334.049,171.242,482.155,765.893,88.9543,279.003,124.011,598.788,694.69,46.7444,711.919,73.9248,507.29,1006.7,819.324,89.4564,307.776,74.8127,538.643,777.164,258.058,421.433,151.839,87.4137,220.703,241.653,189.436
129.288707483,105.261,282.84,908.032,77.4017,126.182,974.821,337.321,293.241,101.8,106.067,75.4223,9.7241,206.767,1101.14,1921.5,818.781,90.076,344.158,1038.31,1231.88,85.9253,642.776,632.036,263.977,1324.98,514.725,772.691,1504.91,393.376,247.354,41.6885,209.059,942.386,715.777,1062.15,81.988,428.467,537.975,185.707,90.7164,116.742,67.1288,143.943,934.004,158.562,632.431,367.516,398.111,371.541,628.876,132.563,61.2337,134.083,280.419,497.578,47.4297,344.406,267.203,188.748,1973.4,337.539,1275.3,1404.3,185.625,440.023,522.816,303.474,257.933,60.5149,68.6804,225.293,85.4715,196.294,56.2038,26.1298,592.278,830.831,107.53,407.077,238.494,87.7264,247.139,171.069,117.369,43.4082,175.413,105.613,266.028,755.233,1176.73,692.782,2874.61,1199.4,512.445,2142.69,668.4,0.940772,179.976,206.424,73.8935,224.524,276.713,1704.68,1157.64,269.629,106.757,234.257,55.0855,116.389,79.6827,3.5743,525.14,1151.89,911.25,556.878,90.1455,61.1264,31.6384,794.046,2223.51,1479.43,107.276,94.0067,580.709,1542.37,556.749,22.9703,359.178,228.208,609.846,313.135,787.661,1436.58,161.471,229.373,303.055,28.3678,1072.34,663.429,35.7644,348.905,803.417,319.068,382.944,696.056,13.7682,13.9148,1091.83,1451.55,441.11,458.302,55.3555,622.532,559.27,405.871,128.174,300.604,558.849,169.539,247.432,31.9249,391.631,728.039,156.832,862.643,72.9094,394.962,921.874,943.427,55.8933,305.313,191.563,486.419,537.169,72.7521,434.444,257.584,105.55,164.505,164.515,114.211
130.774784580,130.19,326.048,751.665,35.6227,209.485,767.243,128.356,222.971,56.5383,79.984,80.2662,3.21333,214.561,967.168,1415.38,836.663,167.257,566.59,860.54,964.288,257.648,651.906,656.493,492.845,1163.24,236.687,575.712,1359.43,581.035,277.777,7.55476,42.6965,776.449,1220.56,951.969,94.9039,395.125,338.09,112.832,44.712,196.1,45.6963,192.451,927.032,55.878,409.136,77.9796,522.986,474.873,696.66,199.668,107.321,96.1593,338.682,652.595,190.157,441.888,231.463,293.4,1798.73,552.055,1137.81,1212.72,334.527,420.449,583.106,501.211,394.439,132.97,48.8045,226.327,112.751,203.244,50.7467,19.796,406.777,614.296,25.7034,349.2,128.569,142.47,311.972,169.691,89.6939,0.112675,131.443,85.9919,351.482,831.813,951.12,958.803,2921.78,1382.93,666.882,1894.84,525.688,5.62636,153.545,291.407,139.277,136.588,76.6677,1219.38,1259.17,344.052,40.712,172.17,63.3714,152.275,193.78,31.9413,643.089,1032.34,621.721,354.897,12.6965,16.7597,15.5167,531.845,1914.46,1651.48,186.848,116.084,481.999,1504.75,636.643,38.9588,340.536,324.602,591.372,109.448,452.799,1295.9,331.87,169.707,240.381,153.806,1096.1,899.644,24.7066,287.895,683.802,469.725,159.155,611.681,92.8498,90.3323,901.013,1167.31,165.72,484.463,142.783,844.231,775.365,421.27,70.1037,174.119,365.932,251.937,222.169,31.164,267.871,713.688,409.4,953.863,205.607,301.124,714.949,972.236,127.494,319.225,325.615,381.636,345.199,4.05786,396.305,380.354,105.009,120.301,153.859,108.124
132.260861678,169.336,411.549,667.595,23.3088,271.696,623.084,37.9805,142.283,31.0688,61.9688,74.0392,0.873703,225.147,732.34,880.63,873.299,328.899,697.287,618.76,699.804,462.639,619.466,619.587,666.27,981.38,102.849,382.197,1067.11,791.826,322.026,73.2901,8.08891,699.691,1524.58,831.835,146.309,365.149,215.722,88.0617,10.436,302.84,62.1962,243.486,842.667,215.29,329.998,52.5855,614.921,632.263,635.892,279.111,144.634,56.4382,341.703,812.807,418.314,504.626,193.844,362.007,1617.03,978.078,1066.8,914.821,443.197,350.077,565.008,665.01,540.165,225.249,27.9611,223.547,232.255,250.634,73.5525,30.1555,279.536,398.769,48.6164,290.451,70.3979,166.965,412.026,137.661,68.6496,30.6869,144.281,148.381,387.753,842.927,788.303,890.95,3012.89,1532.11,843.749,1550.64,433.829,12.3389,131.93,378.826,186.426,59.3511,4.69331,890.264,1251.12,361.015,36.7161,145.576,112.466,196.787,350.023,149.794,803.396,773.638,329.783,238.839,0.568924,9.5807,26.5134,358.886,1412.84,1701.89,314.851,125.771,339.603,1379.13,699.776,106.914,296.75,351.556,532.027,68.7326,286.68,1078.06,516.53,95.4306,176.523,321.264,1085.16,1070.05,101.844,215.781,571.132,535.823,64.0955,564.399,191.276,177.603,717.417,898.664,9.43127,525.85,333.078,1027.34,925.437,376.731,20.2054,88.5138,234.911,255.162,214.153,62.3217,198.958,647.674,701.082,992.427,403.159,204.964,493.716,890.766,258.042,345.477,408.801,252.185,218.545,17.584,326.078,491.452,99.8249,103.837,195.567,147.547
133.746938776,221.188,516.18,606.674,32.7791,276.604,521.372,42.6113,84.5055,29.1003,46.4444,63.6276,4.93478,223.77,476.56,458.449,825.974,512.758,706.134,353.917,476.387,582.259,565.69,505.757,720.568,773.603,99.7028,250.899,737.059,888.443,376.555,151.077,46.2369,719.829,1528.44,697.205,181.215,359.092,199.906,86.4703,54.7266,464.654,108.509,266.043,727.404,481.063,331.939,151.78,644.576,745.577,490.944,334.066,163.025,23.0522,314.792,916.702,680.656,510.173,162.426,350.902,1433.32,1340.52,967.074,600.484,442.722,263.915,463.813,754.66,632.069,326.378,24.8293,235.69,397.058,323.439,94.458,43.8975,179.004,232.612,144.802,255.141,48.9281,161.888,515.351,125.141,67.8552,99.0084,184.389,229.587,364.623,716.627,707.764,586.555,3087.12,1534.17,942.984,1201.21,334.318,16.6022,130.923,480.446,183.66,19.2675,15.851,678.756,1115.33,299.38,61.1134,160.942,170.982,255.809,516.228,355.406,937.496,480.374,130.683,175.9,13.6295,11.9757,33.0814,229.39,940.561,1548.1,483.132,111.862,231.59,1149.96,736.458,205.631,239.75,295.35,442.254,111.066,199.699,858.659,619.97,45.2093,133.55,439.944,1016.1,1100.65,284.609,152.514,468.871,586.355,83.8369,493.013,275.027,260.621,471.472,721.61,51.6711,525.047,550.935,1125.38,947.027,295.962,5.72113,37.9163,148.717,183.862,207.671,83.8272,144.647,568.896,861.865,997.703,564.376,120.161,317.847,748.53,362.475,368.672,407.968,127.096,143.8,57.3587,267.35,537.059,117.183,119.615,246.293,207.552
135.233015873,255.337,599.925,528.822,64.5501,247.329,436.905,83.665,53.2033,40.7301,43.7276,42.4589,16.6905,203.671,276.001,186.254,687.075,625.974,628.11,140.205,303.451,562.685,474.911,353.699,615.885,578.862,160.872,183.475,440.54,819.519,427.25,194.466,124.439,786.785,1273.19,565.819,161.398,345.893,244.623,130.208,228.585,685.473,208.32,219.27,633.632,683.169,379.532,256.072,616.882,743.397,323.153,334.282,165.41,5.8849,269.383,948.431,862.014,484.758,114.713,271.141,1242.52,1453.89,789.998,339.77,340.267,166.223,348.682,706.922,663.518,390.242,56.6282,265.424,542.557,396.273,105.758,61.6485,96.3187,130.154,228.199,244.706,53.8243,147.278,576.392,176.55,94.0783,160.886,221.671,299.75,283.423,506.701,668.989,350.375,3075.89,1325.96,882.615,903.179,220.344,21.8079,155.552,567.951,163.419,8.87009,47.4823,541.474,894.742,198.713,92.3326,180.146,215.583,318.999,628.321,626.121,963.168,270.592,33.2627,125.881,33.5879,14.3596,37.4932,115.48,590.801,1231.33,637.994,88.3857,176.288,864.052,725.407,288.602,176.428,187.467,351.469,156.728,129.439,682.368,591.991,31.2268,116.462,464.585,853.239,1027.33,492.354,124.035,411.341,708.505,185.678,365.194,335.719,314.844,227.346,611.787,220.496,487.174,687.375,1129.9,815.337,221.034,16.3785,14.8863,87.2563,95.6296,191.185,84.2363,91.7874,485.313,811.935,965.912,602.883,71.044,231.958,566.082,386.51,365.647,338.627,40.3026,104.353,73.3182,233.902,495.212,165.239,146.493,274.855,252.713
136.719092971,240.359,637.381,417.856,107.35,202.99,368.761,110.5,37.6587,46.3677,49.0742,20.027,32.979,170.285,143.022,56.0765,529.771,574.074,535.313,28.8304,161.445,453.991,340.958,208.031,418.083,410.224,202.206,133.693,241.583,616.423,455.513,181.751,227.81,820.001,897.741,442.035,101.273,294.122,306.93,241.076,491.446,926.415,387.85,113.373,584.718,702.787,453.956,300.331,536.014,655.119,165.648,284.167,151.04,5.51118,218.993,917.271,874.876,438.247,56.747,180.731,1015.92,1311.68,550.546,157.209,213.01,74.2227,245.868,561.443,603.32,408.113,110.303,288.423,638.147,430.564,110.822,85.8675,39.6567,71.8762,252.388,246.163,62.1863,149.82,560.897,279.935,153.529,183.215,239.307,340.313,171.24,293.687,635.519,420.95,2988.33,937.645,675.96,688.55,100.454,41.906,189.033,601.88,179.561,12.0704,57.1575,443.908,655.378,108.772,108.702,188.602,224.835,353.397,650.963,886.293,875.157,158.278,5.6293,79.9785,49.4469,19.2442,53.1125,32.239,341.044,886.198,683.289,85.6527,173.554,570.942,647.452,313.143,118.935,88.7384,273.001,157.427,58.101,561.342,472.661,44.6668,117.899,401.281,612.34,885.772,624.207,139.78,443.003,916.566,311.787,210.747,364.821,302.786,61.2919,557.73,394.177,414.142,680.919,1026.49,606.373,155.851,33.8693,7.40223,46.6647,38.6354,151.698,73.4436,60.1743,380.303,615.55,865.14,517.246,70.9856,202.888,382.099,325.329,319.15,247.361,6.58535,81.0508,59.4699,195.593,414.914,211.733,158.184,280.616,247.906
138.205170068,186.696,619.373,288.313,138.929,142.429,322.06,99.1256,31.9253,38.5895,55.0124,6.67538,45.2012,124.416,71.398,33.9058,401.874,361.729,479.965,6.83343,58.4401,323.201,200.146,85.2243,235.63,277.691,177.913,88.9635,136.058,367.79,455.555,116.193,346.116,776.666,531.359,325.07,42.7307,213.088,347.244,383.001,764.956,1160.26,589.856,23.7738,567.535,551.666,519.304,283.027,428.976,541.615,59.4323,193.816,129.575,14.9901,184.576,792.365,767.401,337.711,33.196,123.074,743.7,1030.59,313.747,47.2652,116.814,24.9803,159.768,377.33,473.402,370.331,167.191,279.304,668.239,418.985,99.8243,116.352,12.9186,35.4055,233.251,229.683,65.7318,152.834,503.467,373.783,225.677,178.49,213.886,371.089,59.2375,115.278,637.254,883.193,2741.7,553.338,422.504,527.87,23.4479,74.3474,223.264,568.446,235.323,31.428,36.4185,381.471,428.112,60.4898,100.545,184.353,192.468,336.379,591.456,1033.12,718.23,105.503,11.1631,54.3675,42.1925,37.2989,76.2283,3.48403,170.439,583.622,596.662,116.193,173.935,338.456,506.063,265.835,82.0182,45.2968,204.328,122.007,5.58377,486.492,330.586,65.1621,121.146,291.661,364.956,681.954,637.454,193.796,539.804,1170.38,423.657,86.5945,347.7,233.932,0.163526,557.353,469.647,330.606,534.396,836.415,409.078,91.7478,51.3611,11.119,25.3523,16.5008,98.3742,63.8388,52.4472,269.392,367.529,706.243,355.797,114.466,183.046,239.934,204.161,238.599,166.304,25.4391,66.4523,34.084,131.337,340.493,215.803,158.131,248.495,204.578
139.691247166,132.144,558.275,165.489,141.998,73.0027,295.859,62.8874,33.4787,20.8262,59.9484,2.75447,49.1905,73.0021,45.8027,50.6783,309.845,128.358,458.96,43.0026,11.844,218.345,81.7811,13.6246,115.275,180.003,96.9186,68.2154,103.824,155.812,428.613,38.2902,479.236,667.94,259.821,230.032,12.0106,130.398,340.581,503.905,970.013,1321.39,740.758,7.95152,586.71,320.28,553.002,242.885,345.18,468.903,18.0546,89.6464,118.812,17.4486,169.063,599.398,592.782,205.027,53.9092,93.6987,485.793,735.974,136.376,11.5894,56.4415,15.9479,118.633,195.05,328.003,281.952,207.101,230.276,622.935,399.055,64.4039,150.217,12.413,13.0429,201.085,188.245,62.9367,128.35,438.683,403.369,286.732,163.635,157.239,404.491,2.31542,12.7368,703.194,1590.99,2314.27,317.594,230.611,409.567,0.0228522,98.7306,262.276,468.015,292.429,81.9725,7.08404,347.475,247.622,45.8934,85.4183,167.387,139.12,265.226,481.908,1010.03,540.923,84.2949,17.2767,48.0128,15.5097,82.0233,95.3956,13.968,73.8916,351.362,425.431,176.318,139.149,186.351,340.564,180.416,65.8595,69.2136,158.822,77.458,17.2613,442.347,198.831,74.246,119.504,174.751,177.751,454.088,538.294,269.179,619.138,1396.94,532.825,41.4352,286.715,146.38,45.2594,606.644,420.125,252.262,321.116,602.109,268.653,38.5348,62.9922,23.8245,22.169,12.7988,55.1518,64.6608,53.1902,176.136,158.32,526.307,184.101,178.008,149.109,144.928,79.6937,162.231,102.337,86.5382,61.1128,16.9389,58.5363,282.144,170.481,142.218,190.249,138.309
141.177324263,115.606,480.349,67.2537,123.083,19.1253,279.315,41.2693,37.4403,4.96335,68.2699,6.4979,45.1608,32.3975,39.9818,55.0494,252.713,8.86272,457.871,109.43,15.9436,145.348,20.127,1.51737,48.9186,102.721,23.1842,83.4288,125.324,24.8257,405.721,6.02244,600.528,561.499,104.639,190.04,6.8042,74.1218,268.56,581.044,1029.72,1348.35,802.391,88.2168,617.586,136.494,560.37,231.899,334.383,449.098,31.2547,17.0779,127.868,6.40894,172.603,378.49,406.375,96.378,88.1617,73.274,299.151,529.556,37.5099,36.1364,23.603,20.6245,113.441,69.3112,201.367,172.034,216.45,149.129,534.254,390.69,28.0958,181.288,32.6091,1.56507,178.347,135.386,53.0601,79.9614,374.467,354.967,315.871,150.596,108.88,435.526,42.2521,17.1605,848.304,2252.15,1788.67,242.598,146.478,322.9,16.4572,104.09,286.007,336.511,311.283,168.549,12.7919,321.018,133.274,42.7844,96.6449,144.623,94.6942,175.386,349.643,848.778,377.218,67.9407,12.588,52.3527,2.57528,150.426,124.103,34.1915,30.963,190.881,251.59,230.05,85.819,95.1844,196.809,126.488,59.1461,147.372,147.044,62.5006,113.412,405.194,96.0897,72.5946,98.7768,95.3435,73.8086,236.672,396.683,309.772,647.516,1487.46,680.93,93.8647,226.046,81.4907,170.131,663.715,317.35,173.447,131.347,402.994,168.946,7.50819,72.6942,45.9358,31.9646,13.0839,32.2554,84.4197,49.6338,111.71,37.1517,377.434,61.6901,215.733,105.879,82.0845,13.1252,124.081,62.7071,175.81,63.0152,17.2053,13.4046,228.001,104.675,112.963,117.637,83.2937
142.663401361,135.89,413.089,14.257,90.1116,2.89713,272.103,54.6974,43.4988,2.98371,77.3031,19.9294,34.0301,10.1774,39.3445,33.9583,227.762,37.0007,473.492,170.644,51.995,118.589,2.60598,18.8478,15.8751,47.3789,0.166243,121.965,195.446,10.6159,408.105,45.0872,650.169,534.118,85.9856,190.654,7.02773,47.346,163.732,595.36,914.581,1232.77,759.269,223.846,657.85,78.4347,558.937,299.018,386.263,467.367,75.7626,1.11974,148.749,5.06357,190.766,178.371,266.439,35.4095,93.9533,62.9725,213.064,444.398,12.4843,75.9596,12.8906,19.8022,123.419,12.1265,111.253,79.3397,193.303,64.3864,448.511,389.581,21.4779,208.012,61.2456,1.6277,165.365,95.6647,39.3601,28.292,327.924,238.858,308.02,136.694,95.2598,491.898,154.64,112.889,1059.22,2639.02,1252.33,256.609,136.853,250.918,61.4413,76.7592,295.436,196.644,298.019,271.473,73.571,289.526,79.5939,36.7722,146.571,136.892,81.5978,96.7555,239.086,618.204,242.414,53.0162,4.25233,62.9918,16.8093,218.887,191.734,42.2565,23.6676,94.652,111.256,259.438,27.3392,56.1659,126.751,118.069,57.3585,251.381,184.115,92.2659,244.977,377.779,34.2281,62.0784,62.1802,56.1934,38.4534,89.4544,257.463,280.241,604.138,1407.11,851.174,249.745,207.045,65.1163,298.25,712.346,226.212,120.354,22.5013,253.199,111.599,2.7094,74.4482,79.6208,46.5919,11.6201,24.0343,124.506,29.5544,87.1384,31.4468,266.15,6.00237,213.387,63.2943,50.6286,19.3464,122.724,68.7261,272.156,74.2339,25.6635,2.83238,188.678,46.4432,75.4011,57.1631,48.1715
144.149478458,175.148,363.683,12.1643,57.4713,26.404,262.476,107.875,59.114,19.8968,75.1651,42.1523,21.5556,3.64923,34.7773,5.92654,235.459,177.751,497.199,199.997,94.6923,135.751,11.418,37.4132,3.30084,18.5877,13.5275,169.912,315.828,122.235,422.686,133.107,621.732,608.813,175.41,196.887,5.30353,38.0658,74.1914,545.123,663.981,1021.12,629.936,339.509,702.455,159.63,563.474,431.288,457.39,503.113,115.24,22.3958,186.431,58.4773,197.054,61.9308,199.628,9.78083,58.3229,68.8643,237.646,461.72,36.6032,88.8809,16.3791,20.1423,124.064,6.35963,62.4261,27.2068,143.09,18.8495,403.762,368.967,58.4536,236.17,79.5869,11.5706,161.383,77.2372,29.9032,8.02664,297.266,105.983,273.881,111.883,126.381,587.68,286.773,236.079,1301.34,2656.96,807.471,260.075,129.468,190.144,124.984,35.405,284.155,93.812,268.262,358.791,167.514,250.341,66.522,32.0161,210.376,156.025,112.999,57.0458,172.233,392.673,146.176,38.7843,7.13773,76.1772,49.3526,268.816,301.421,51.6323,26.6323,46.644,24.0046,273.71,0.124972,55.8879,124.188,143.175,71.9049,329.972,274.644,163.733,325.698,369.852,18.2809,46.2115,30.5117,51.4872,35.442,22.2423,145.261,195.116,489.027,1188.31,978.292,477.59,257.916,92.7692,350.566,741.552,206.266,98.4864,3.90814,151.963,84.772,8.45447,66.3895,122.636,58.3174,8.69796,25.9377,178.501,16.7465,96.9185,105.674,193.311,4.17384,182.635,44.594,42.7678,56.6115,147.64,145.683,340.24,93.6465,34.7686,16.2041,163.01,18.8388,44.043,21.1372,23.8026
145.635555556,217.26,347.161,27.7072,38.611,76.7299,231.878,186.379,91.4472,46.8853,62.6295,65.531,12.7083,2.86502,32.1206,4.68284,279.022,362.602,494.356,205.547,128.802,185.728,46.9524,45.246,0.976241,7.1994,30.1348,224.838,480.194,321.163,422.902,219.857,558.704,711.868,333.419,200.281,2.06968,28.0603,21.6337,482.727,348.654,830.796,432.484,413.979,692.438,322.476,607.982,540.69,501.467,532.809,124.587,49.4034,253.475,208.229,191.845,36.8381,166.489,16.9389,17.1356,98.2273,377.174,540.652,71.0204,81.0672,30.5398,35.1655,103.164,29.9342,35.4953,10.5173,102.759,50.9536,391.431,314.869,136.399,260.143,77.8386,27.674,159.242,78.2018,32.0619,36.9069,280.607,16.5898,223.727,81.5476,191.631,685.503,405.505,331.575,1471.49,2408.43,477.345,222.327,97.6935,144.02,190.598,5.46936,280.772,47.0184,243.862,391.477,273.095,194.715,70.0334,45.6584,257.21,176.918,183.05,94.0433,139.532,217.407,101.146,34.4774,19.9711,77.6848,104.022,290.401,392.951,110.014,38.4235,36.6993,6.87587,307.616,37.7259,79.5443,139.101,189.699,110.821,321.879,415.563,270.227,297.541,384.427,51.4179,31.8852,17.8882,63.5744,42.8646,6.38229,67.8358,113.096,313.974,911.233,979.126,742.228,355.778,136.407,324.087,705.682,282.055,106.655,38.8162,91.5343,63.3911,11.5728,57.3751,165.02,66.237,4.53952,35.9443,240.382,52.9564,132.04,194.083,155.835,21.3418,149.47,75.2137,51.5,76.148,184.312,293.08,371.924,101.402,44.5746,43.3319,132.675,32.2701,32.2581,4.54396,4.99255
147.121632653,269.713,355.488,32.5625,33.5315,130.201,183.627,253.675,159.063,64.9414,46.6686,84.281,8.70193,2.60126,36.7283,50.3615,363.966,510.09,454.675,188.896,143.735,244.029,116.331,55.1954,3.28611,1.72546,42.2747,270.364,655.76,575.264,382.935,259.805,456.672,774.939,534.29,183.768,1.84777,17.1652,3.76874,453.216,122.19,709.965,247.948,423.321,636.929,440.89,688.424,556.714,483.762,554.754,93.7846,85.5798,333.124,406.928,237.772,74.2101,115.69,62.2263,19.0356,162.993,643.151,646.79,82.8042,71.0847,55.3512,51.5316,77.294,66.4349,17.319,8.5081,100.099,157.632,407.216,216.614,230.548,294.507,48.9964,58.2207,136.553,92.467,57.6062,103.974,256.001,6.24318,192.437,39.9508,276.521,746.65,468.996,376.172,1484.04,1998.51,291.599,175.452,49.1049,115.058,222.528,12.8239,339.403,65.5922,194.344,394.621,339.71,141.615,63.0945,87.0102,273.431,180.206,261.442,208.382,123.962,120.193,125.61,44.7028,26.9376,72.2098,181.585,252.322,455.448,230.692,62.5219,58.3511,72.8769,395.807,141.654,103.258,143.717,250.585,143.887,256.834,568.955,380.983,195.862,400.637,124.214,28.023,17.384,74.8525,48.8,17.3949,29.0092,65.8093,149.895,635.642,844.905,972.39,442.331,189.711,225.097,625.704,389.191,138.47,75.1749,56.2796,41.8896,10.1587,50.332,199.024,75.7372,1.2257,55.4533,293.907,159.504,192.865,233.716,152.844,23.4745,144.79,147.724,69.6442,66.1958,222.092,469.321,385.493,80.6369,58.1631,68.8141,101.395,62.164,35.0205,4.84302,0.946293
148.607709751,332.602,358.919,30.5828,36.7351,173.726,122.014,285.768,277.686,71.8944,40.0062,95.6329,7.26281,1.8899,49.1074,147.487,504.027,534.954,395.551,150.734,137.277,302.252,193.794,75.7251,10.8401,2.14225,54.5374,271.071,824.449,826.727,304.398,246.335,312.632,764.962,740.078,148.126,6.79963,7.81001,8.22963,478.271,138.122,724.881,110.042,335.775,596.742,407.208,782.682,493.89,401.453,582.21,41.9196,139.253,387.037,576.042,357.78,140.422,57.5239,135.322,89.7943,308.842,992.528,721.22,79.2075,58.8654,96.0148,68.0597,43.9701,109.595,13.3917,17.522,125.929,269.71,451.567,106.095,318.517,349.39,12.0251,111.485,93.4074,106.768,107.203,170.28,223.695,68.1635,192.796,4.15905,366.787,710.311,494.12,321.98,1384.57,1461.81,270.31,161.883,25.3029,95.7177,208.031,112.277,465.802,141.318,130.759,367.703,337.986,102.194,39.9972,153.508,273.143,143.223,334.023,365.44,120.704,101.058,197.404,82.2888,28.8712,78.5272,281.393,155.041,500.195,398.191,105.124,94.4491,193.395,552.805,299.439,111.878,131.742,320.739,147.739,188.311,669.415,480.983,73.7368,428.101,207.935,31.5112,16.7334,84.1216,50.0503,28.8004,22.2233,56.3686,89.8679,430.664,645.145,1110.62,444.986,256.131,95.4253,546.801,427.073,192.435,91.8476,31.9503,26.6552,6.99864,36.8509,236.156,87.9459,1.7178,69.8684,332.974,324.441,279.225,193.824,180.404,9.99312,182.326,240.786,89.1828,39.0694,249.589,614.116,402.844,36.5555,81.2011,70.4654,79.5984,78.991,47.1028,21.5799,17.7681
150.093786848,382.006,338.527,33.153,44.8842,204.532,60.5336,295.356,428.348,89.4742,50.698,107.278,5.05071,1.16291,70.0782,297.659,678.02,430.642,324.294,112.71,110.466,358.96,244.245,100.869,27.2066,13.4366,64.1716,225.118,948.27,1020.94,209.135,206.891,156.051,714.468,867.332,133.971,8.04128,3.41219,14.9469,586.145,519.865,891.841,48.4541,183.567,588.194,244.088,864.783,410.695,300.922,621.131,8.46967,189.034,400.327,656.404,533.37,219.02,12.6262,214.489,241.1,578.361,1307.62,743.808,66.4965,52.2707,137.085,91.0154,13.4147,160.543,35.1471,40.0049,146.655,346.241,489,43.168,373.883,445.326,3.0665,176.725,54.5511,112.61,178.442,203.969,183.426,162.628,213.252,9.82149,420.111,607.195,450.043,197.853,1252.44,913.737,344.237,269.418,97.3073,69.161,205.977,328.764,619.894,247.482,66.8847,324.949,270.738,77.8207,17.2217,225.123,268.477,76.1734,390.912,513.757,145.061,125.054,281.804,159.067,42.954,109.215,395.89,47.4531,568.728,550.208,155.18,141.982,332.297,730.541,498.489,112.147,113.394,388.482,125.83,134.295,704.818,532.459,5.38526,453.305,292.002,32.225,16.1768,80.7652,59.6056,28.201,31.8965,83.1998,189.667,370.82,562.853,1089.04,379.07,304.009,20.8516,459.734,375.522,245.691,96.1693,14.415,21.9616,5.85331,27.429,274.039,106.955,6.25217,72.0079,346.969,516.002,365.937,112.597,211.541,19.8478,257.194,351.722,92.0462,18.5907,240.602,718.192,402.684,5.16081,105.478,54.0937,62.5198,74.6938,62.3119,52.5863,56.995
151.579863946,395.42,299.449,38.5882,53.6556,235.941,19.5415,279.406,583.109,149.395,93.0941,106.619,5.44605,1.00555,93.1723,506.001,856.055,249.376,248.336,85.6305,79.2925,422.82,227.857,133.441,56.6334,30.5716,64.5808,150.222,1005.8,1120.02,132.065,154.431,54.4377,657.465,899.837,127.914,3.91022,6.98393,18.6022,788.045,1362.92,1260.03,55.4094,88.709,572.977,92.8264,834.942,393.527,262.502,671.267,15.8227,200.864,385.977,599.322,729.996,320.198,1.80014,271.446,439.364,981.692,1502.17,668.782,74.1454,63.0122,142.951,125.247,7.91371,243.427,87.2438,66.2125,143.746,385.602,468.315,53.6261,431.797,562.296,48.7336,236.519,40.5593,127.379,244.786,201.142,129.568,246.331,267.032,57.2925,391.507,505.361,311.871,92.1929,1158.67,589.131,451.69,628.436,322.948,54.32,227.956,576.068,832.443,337.881,21.4751,258.64,191.404,55.3684,7.36446,297.068,251.888,26.7263,387.741,646.766,194.919,135.325,373.704,285.398,68.5273,141.751,512.664,21.0423,714.324,626.923,176.618,214.517,432.176,847.546,742.961,115.324,121.438,411.228,109.938,112.45,649.267,547.341,16.134,448.581,377.245,34.9929,19.2634,63.7017,70.9726,20.6064,40.7733,162.412,497.47,549.21,773.057,901.057,295.843,299.148,17.9145,403.522,239.383,296.674,85.5995,5.9026,28.23,10.4338,42.5405,318.196,113.166,14.2346,72.8518,300.369,734.552,431.908,41.2488,210.138,70.3287,370.969,498.785,64.9341,9.76017,216.651,757.743,375.416,4.84212,135.226,26.6501,52.2263,53.7624,74.1188,85.3407,120.837
153.065941043,366.766,258.515,34.3618,71.9113,271.396,14.068,239.025,696.377,292.682,171.201,81.2525,12.1747,1.91244,136.441,762.341,965.627,96.2538,190.02,53.122,68.2173,510.909,144.966,182.325,107.636,37.1803,61.7243,63.4107,1036.67,1082.23,99.5553,119.457,34.1426,633.657,843.441,119.326,2.76029,15.8272,29.9883,1058.99,2662.44,1969.67,138.958,173.222,540.237,27.3051,687.337,462.9,352.887,699.473,64.3163,183.393,328.251,451.4,868.691,459.345,43.6227,297.936,601.938,1455.18,1584.64,469.883,141.634,98.4532,98.2034,179.002,63.7815,344.693,176.182,95.1398,105.488,408.981,358.128,135.355,563.471,644.813,118.847,302.866,79.016,171.539,248.294,194.642,62.1717,312.147,325.792,122.557,314.903,410.004,152.627,70.3373,1145.73,677.885,646.162,1384.17,742.932,93.6473,238.806,759.031,1111.57,377.053,5.09973,189.83,123.048,35.0367,21.5565,353.289,246.157,13.3671,310.071,757.554,273.119,102.338,477.46,449.815,96.869,155.629,630.911,160.788,908.219,641.882,151.122,291.538,483.085,812.874,1032.54,168.602,163.304,347.191,139.682,133.075,491.196,559.034,89.255,399.402,449.53,53.3997,36.0207,37.901,81.29,17.8062,58.1731,302.971,986.993,1076.86,1324.51,652.792,233.124,231.423,84.5223,396.812,91.3116,321.941,69.5773,7.63035,42.2075,23.025,86.794,372.665,103.66,20.9424,78.6883,208.384,954.665,495.626,10.8719,166.665,142.965,545.064,670.077,35.804,7.59497,215.907,714.815,320.086,41.6726,169.485,10.8509,54.3255,24.1765,84.9189,91.3072,216.604
154.552018141,317.444,216.102,20.7994,104.768,308.699,46.7071,180.943,739.658,519.033,276.018,48.398,24.8709,12.8882,224.396,1035.57,943.617,41.165,159.208,19.3224,92.0952,653.128,56.0094,275.436,179.74,26.7467,64.3582,15.8119,1018.44,976.149,84.42,109.612,116.47,673.077,678.409,124.603,4.78244,20.4399,55.0506,1411.77,4235.6,3072.51,395.235,451.986,549.598,47.0386,464.1,614.982,537.762,675.065,143.469,139.698,251.389,256.287,934.427,617.47,128.631,289.847,672.713,1855.86,1622.43,209,300.21,170.146,30.3581,266.611,184.499,421.368,291.846,131.16,52.7836,417.371,206.335,248.717,773.321,702.436,154.984,373.425,217.501,246.944,171.562,203.793,11.447,347.842,357.457,187.501,202.971,352.964,49.9451,175.065,1236.06,1090.53,1082.23,2617.8,1401.16,221.587,195.118,866.439,1406.19,365.787,6.77363,135.304,81.7365,17.4486,58.6374,375.219,269.205,34.2063,188.045,840.333,377.426,45.7823,595.28,611.398,130.394,145.497,716.3,503.367,1136.29,572.12,104.431,331.175,500.89,609.802,1341.51,355.177,210.047,233.06,235.883,154.41,323.442,542.326,176.341,330.408,468.946,109.3,76.7047,16.7607,96.6381,36.7431,96.6855,486.301,1553.31,1950.46,2115.76,527.549,205.141,126.053,206.292,460.597,19.5428,325.54,45.1174,27.4725,65.5021,35.0047,132.919,453.064,93.5452,32.6844,91.8635,139.885,1112.71,579.926,34.3841,110.048,198.684,791.614,846.972,35.0288,13.0918,236.304,625.933,231.128,103.876,207.292,29.4164,63.3358,6.72119,102.146,62.9199,334.429
156.038095238,248.336,182.73,6.31688,143.036,342.111,109.568,106.293,738.016,756.642,388.413,35.3275,46.3192,51.7719,368.702,1241.22,820.924,68.3238,153.927,14.29,169.24,847.607,76.4349,424.9,282.139,8.78969,73.7408,28.6975,942.478,869.37,60.752,140.469,278.192,727.377,465.688,137.944,10.398,13.4982,101.403,1861.93,5705.87,4422.19,924.938,871.873,619.799,102.394,266.343,784.528,727.096,589.997,221.8,87.3266,173.073,88.675,935.256,767.879,210.44,259.593,611.968,2091.36,1644.49,32.8548,528.44,296.567,9.92091,391.009,327.268,448.472,399.854,175.469,25.28,413.011,76.4316,350.268,1000.98,768.257,119.272,467.804,461.54,332.33,70.9534,224.488,12.9034,354.97,332.327,243.474,85.5859,337.541,77.3313,385.084,1363.36,1591.22,1866.45,4174.14,2323.41,461.471,97.1047,956.292,1610.51,338.343,18.9111,89.1569,65.657,11.1525,101.534,359.209,310.663,77.2789,81.9777,877.286,512.705,16.3833,719.953,713.897,168.183,104.746,771.651,983.517,1332.61,452.847,55.2559,320.583,487.86,337.746,1612.6,725.731,255.633,138.876,408.173,155.031,215.567,488.134,227.448,252.354,421.777,211.968,142.606,21.1016,123.542,79.1781,152.995,677.453,2048.44,2974.12,2968.47,628.062,218.717,37.5867,353.039,594.161,102.851,335.272,16.9653,70.4396,96.0177,40.1263,162.545,551.905,120.309,63.8654,117.695,141.811,1173.53,669.49,109.073,70.2853,220.526,1097.65,1000.99,72.4993,27.6721,266.973,515.991,131.086,167.543,245.934,79.7543,76.8863,17.7317,125.761,22.0577,468.04
157.524172336,161.507,171.851,0.809034,161.894,357.46,197.813,34.776,732.078,890.756,486.533,68.7331,91.1496,136.58,523.27,1309.13,665.776,112.032,186.698,64.1902,308.989,1068.46,271.129,611.981,420.884,10.1314,93.86,85.3348,803.613,816.921,21.2836,207.801,459.19,743.349,279.56,130.628,26.7349,3.05824,182.611,2395.54,6593.59,5665.27,1758.21,1316.6,719.186,146.155,140.283,919.713,836.386,451.858,270.253,39.941,106.856,7.15071,891.698,894.643,236.051,221.834,439.525,2120.41,1684.44,37.3371,735.18,499.828,116.685,564.346,400.655,440.547,454.399,211.003,51.9281,423.408,8.09501,415.777,1139.48,865.82,35.5944,619.476,768.719,387.989,9.54686,242.935,93.5979,347.902,240.649,293.048,17.1571,373.868,204.004,599.195,1464.5,1918.86,2878.49,5733.96,3393.96,795.778,17.4667,1050.75,1666.53,313.115,27.9745,56.1408,58.8043,21.2963,129.636,306.76,356.582,120.192,30.9672,869.537,661.79,66.0821,825.394,722.432,197.378,49.0566,814.026,1446.71,1422.76,341.924,20.5922,259.118,461.538,127.492,1818.62,1215.89,315.029,123.081,636.131,159.873,201.115,395.683,220.078,171.323,333.099,344.886,212.511,60.2519,167.274,145.172,202.714,809.042,2372.07,3768.13,3686.65,960.802,259.794,3.71193,458.275,800.523,369.065,377.016,6.38598,127.481,119.623,42.7997,162.155,659.712,213.991,131.11,155.754,209.608,1132.62,737.899,195.442,64.9827,225.403,1434.64,1088.53,128.995,52.8855,295.89,394.295,52.6366,208.122,284.586,133.976,91.0184,60.3496,160.718,4.74477,608.297
159.010249433,76.3303,183.415,21.1666,135.131,363.857,290.542,12.0987,707.562,882.462,529.682,154.558,172.386,273.618,616.736,1215.91,552.415,113.41,281.869,175.121,472.15,1259.15,635.18,812.417,541.227,59.3997,136.472,148.9,615.757,836.746,1.71953,272.023,576.752,727.334,137.263,100.213,52.3072,7.38612,307.729,2946.22,6543.16,6385,2812.22,1592.32,801.146,169.679,104.039,949.59,851.397,275.226,293.038,6.97179,55.5213,7.29117,873.495,967.407,190.014,178.648,261.826,1873.74,1814.25,222.631,807.852,754.59,416.695,799.898,342.725,430.469,418.667,230.337,158.605,444.468,17.3159,421.26,1151.46,935.547,3.5422,823.041,1077.89,393.145,3.10445,256.047,261.417,324.109,135.999,307.438,40.0128,466.189,362.349,698.74,1488.37,1905.35,3775.98,7008.41,4298.87,1131.84,37.6243,1193.95,1534.49,296.647,20.72,42.8964,40.0094,51.257,146.444,213.226,418.745,126.365,26.5103,859.074,792.087,184.311,874.659,661.9,186.804,8.01234,886.996,1698.09,1374.17,276.751,7.01726,188.755,411.125,80.3185,1931.59,1711.03,387.617,190.033,876.493,235.331,264.436,274.528,163.553,102.603,230.278,476.804,281.825,108.102,208.808,245.325,225.152,813.943,2499.01,3933.2,4154.74,1419.63,291.929,16.4777,507.85,1074.76,715.138,461.374,43.1675,197.866,112.148,51.0343,123.004,786.499,384.97,221.13,196.238,311.654,993.855,755.059,261.894,75.8129,247.911,1747.9,1115.35,151.875,98.8467,294.416,280.986,15.3352,234.109,288.783,177.098,103.702,106.416,212.057,51.8795,743.586
160.496326531,16.3404,216.279,90.1827,69.0022,378.434,357.126,53.3034,668.587,730.705,504.34,259.331,294.991,450.152,586.224,1015.76,504.425,81.2033,428.425,334.486,624.001,1325.57,1066.8,1032.77,548.299,156.182,238.136,174.324,466.029,869.533,45.2201,300.345,611.519,647.763,60.8431,76.6772,61.6993,29.4023,497.095,3441.84,5434.32,6433.89,3721.88,1657.44,770.08,202.034,137.438,865.378,783.103,105.227,315.409,10.29,15.7419,43.706,955.958,971.955,103.455,135.809,144.602,1428.41,1986.35,524.635,703.648,1010.26,904.496,1071.23,199.957,425.039,317.4,223.506,330.575,487.638,69.261,373.406,1032.12,920.007,109.424,1061.29,1292.95,361.31,30.4638,267.366,473.875,307.638,63.5414,287.949,132.997,593.029,495.9,649.703,1388.57,1572.23,4178.66,7794.79,4663.94,1378.8,212.237,1341.01,1283.53,252.951,8.81065,38.0756,16.5289,94.1656,169.705,112.975,509.363,87.7138,35.8437,902.843,851.113,316.973,856.716,564.446,130.62,19.0922,996.831,1654.51,1172.46,293.247,5.56597,163.925,328.589,161.358,2008.53,2033.62,463.365,311.23,1074.07,432.79,355.209,153.8,92.8268,54.3945,145.574,576.355,328.13,138.997,248.526,339.23,226.867,682.319,2459.37,3306.6,4350.74,1805.75,303.866,48.8942,522.058,1358.78,1025.27,530.818,151.713,290.416,70.4159,70.957,66.9815,958.686,597.436,292.432,235.111,390.558,800.916,675.589,292.597,84.8685,312.476,1968.25,1120.82,112.949,182.332,245.378,192.9,40.7764,244.83,251.806,193.815,113.978,121.821,285.471,194.322,806.905
161.982403628,4.95037,283.287,214.977,12.0363,397.453,384.476,142.369,605.028,499.864,414.653,341.887,433.603,628.038,443.852,774.121,517.346,71.238,583.39,502.821,711.275,1237.58,1408.18,1208.48,461.298,255.675,409.54,188.128,415.112,913.871,118.922,290.714,554.861,521.915,59.6936,68.3488,45.0741,78.3809,793.627,3696.01,3648.92,5880.16,4096.8,1513.43,619.359,241.559,241.543,669.535,681.776,4.02331,373.857,59.4392,2.61836,97.0262,1083.96,969.066,24.4132,102.78,102.907,953.372,2072.96,849.247,477.945,1193.07,1499.3,1313.36,82.1771,412.894,209.594,196.112,523.826,539.191,123.04,302.274,821.353,789.776,359.961,1311.27,1334.67,312.146,65.2689,265.261,668.668,329.603,62.8069,225.433,254.527,754.061,535.848,521.29,1131.33,1093.7,3881.8,8009.11,4290.58,1473.22,545.532,1380.7,997.381,179.375,3.85949,37.1005,2.45561,132.333,217.501,78.6764,634.384,41.5611,72.5918,969.254,826.75,403.026,761.464,462.426,62.2835,98.6642,1108.67,1369.85,857.341,385.47,14.2871,198.458,245.528,281.291,2041.45,2118.79,490.724,436.609,1201.62,706.064,437.871,64.5053,43.2893,26.9405,97.4235,632.857,334.28,137.18,275.751,391.055,204.449,501.236,2254.35,2149.04,4266.6,1993.69,268.487,98.7699,473.072,1594.66,1245.28,496.311,341.765,422.664,21.2465,108.907,68.7591,1144.42,805.719,307.782,264.653,393.17,599.263,500.913,290.867,80.2548,392.477,2089.54,1105.87,48.1988,295.529,185.547,132.644,125.585,243.744,183.725,177.896,120.882,101.029,362.751,430.394,770.178
163.468480726,54.076,389.471,394.655,13.1374,411.181,367.95,245.856,502.447,275.893,293.333,360.736,554.895,752.847,259.18,534.867,584.194,141.8,668.12,635.528,694.942,1014.37,1545.64,1265.09,338.065,313.625,644.033,241.889,485.699,990.575,160.729,261.829,424.402,389.956,133.748,70.5977,20.9753,165.366,1179.51,3538.41,1887.9,4827.64,3910.45,1149.61,442.138,251.341,439.575,395.426,597.758,66.8744,456.106,138.198,18.8843,163.698,1177.4,999.541,20.1208,94.2763,86.9468,587.409,1984.76,1112.02,228.125,1252.35,2040.33,1485,60.785,376.844,155.953,177.858,662.434,578.755,156.655,229.193,577.958,592.436,663.222,1493.3,1231.15,240.845,90.0787,237.609,805.837,401.069,118.423,150.705,346.313,946.448,472.56,382.858,782.312,622.222,3062.74,7592.63,3354.52,1373.05,964.522,1227.81,758.847,86.8179,18.8459,38.5436,0.0459626,142.718,309.942,187.093,772.512,46.3046,160.588,1027.3,697.27,410.754,592.619,397.584,21.7003,226.728,1152.76,990.852,523.936,498.672,51.0016,267.478,177.195,359.994,2007.43,1975.33,440.909,510.778,1259.34,917.832,509.665,27.6526,16.5176,15.8775,99.9492,635.385,304.157,112.079,263.726,396.978,162.687,374.749,1882.36,971.796,3926.55,1983.48,187.783,158.989,351.565,1738.76,1371.22,341.792,614.982,594.166,13.1447,151.418,162.293,1326.51,945.09,260.029,270.505,313.506,409.245,302.959,252.508,65.7504,445.366,2125.31,1061.55,5.852,414.705,160.275,114.68,231.516,235.747,102.452,137.582,120.785,54.9554,439.678,713.8,628.554
164.954557823,133.277,520.301,629.528,114.787,404.919,302.155,336.384,349.249,127.247,191.777,278.632,652.71,786.139,110.764,322.486,682.366,311.675,627.995,697.481,567.542,734.493,1431.95,1169.8,241.501,320.802,937.426,362.676,606.955,1097.79,155.529,257.73,279.567,288.146,257.504,81.5144,13.7224,263.62,1559.99,3035.55,647.816,3520.91,3386.31,639.013,353.17,216.812,767.511,142.852,592.898,268.461,505.39,257.209,68.475,245.408,1128.78,1088.65,133.348,124.818,60.1241,344.758,1731.68,1274.58,50.6707,1195.26,2300.48,1618.61,130.716,298.526,190.167,215.778,673.392,579.836,179.414,185.595,367.795,400.957,886.938,1505.52,1091.65,135.292,108.751,177.695,903.699,480.889,179.571,106.702,352.09,1216.94,332.932,288.19,446.922,243.346,2133.14,6574.17,2279.79,1120.67,1332.02,910.559,576.836,18.3332,64.1723,50.3221,2.00009,120.272,463.195,483.246,880.743,112.766,278.684,1106.73,454.257,373.602,362.473,408.441,38.2357,337.315,1081.03,678.701,282.861,545.851,119.715,346.223,139.953,384.135,1880.23,1628.46,344.249,528.189,1247.76,925.871,594.889,45.8955,7.16716,14.4923,120.067,601.378,262.881,85.0403,206.394,362.382,132.752,325.285,1416.77,201.486,3475.78,1827.74,103.086,196.999,210.803,1743.73,1460.76,139.28,943.214,808.159,70.1086,178.48,312.583,1502.84,972.57,172.353,244.303,197.316,234.304,157.22,179.913,53.271,472.446,2076.73,959.63,22.8204,527.153,202.415,139.597,295.9,228.674,33.2219,90.9982,106.759,12.1476,516.55,979.931,416.663
166.440634921,202.723,659.076,870.112,327.827,376.81,201.954,376.577,193.705,61.9074,126.458,147.716,700.425,751.714,28.6926,164.031,799.282,514.248,486.779,660.434,390.368,443.826,1175.74,897.577,229.556,326.929,1258.43,523.915,685.706,1215.43,145.08,306.487,199.263,236.163,383.039,103.632,33.0533,344.587,1811.93,2358.5,83.6816,2330.13,2723.57,197.519,376.983,217.933,1168.67,101.552,682.139,497.69,488.22,405.584,161.59,319.133,916.813,1235.59,326.989,171.655,30.6358,199.542,1365.63,1349.55,14.9053,1073.12,2132.33,1757.81,230.329,211.094,288.656,326.351,563,523.138,214.282,203.268,238.624,282.042,914.128,1363.49,942.471,35.7954,133.699,117.202,975.214,522.354,215.708,95.9665,329.67,1508.99,262.428,236.08,186.733,39.1021,1395.78,5154.85,1496.33,856.188,1463.77,566.013,423.076,11.8302,131.2,81.2776,9.52378,93.9003,666.939,928.809,952.649,186.939,402.245,1209.36,196.207,318.258,156.788,476.87,114.206,364.53,925.573,510.043,166.941,519.109,193.322,405.265,157.735,423.584,1611.83,1182.66,257.775,530.987,1158.22,722.079,682.295,110.649,15.8698,20.8988,116.539,557.466,241.223,71.825,129.643,301.681,144.84,309.854,971.791,5.19394,3023.18,1680.68,40.8046,196.894,104.319,1591.66,1583.91,25.1505,1294.87,995.043,185.027,202.009,449.055,1608.42,944.262,75.9256,196.855,97.7889,97.2085,76.7961,107.369,56.0928,521.805,1917.24,795.095,109.912,602.121,326.182,193.176,280.184,225.743,1.27708,48.9283,84.483,3.39809,584.75,1154.5,226.912
167.926712018,234.51,744.317,1100.66,581.744,332.729,95.7908,376.54,62.6162,68.7139,118.795,38.9614,650.877,710.753,11.1381,74.0577,959.75,643.69,316.719,508.36,245.851,224.605,846.672,568.357,274.73,393.294,1559.38,674.784,644.934,1346.3,189.309,371.081,222.286,258.595,472.616,117.528,71.5406,414.415,1782.06,1767.48,28.0049,1447.05,2141.66,9.32718,463.338,330.214,1568.6,364.195,863.383,637.453,423.34,531.005,295.02,350.449,627.57,1374.37,546.376,195.41,6.85567,112.598,998.849,1327.62,165.094,893.866,1635.92,1889.23,296.68,148.255,416.614,477.458,394.769,407.916,279.259,294.532,228.171,269.371,716.308,1118.98,778.427,1.54839,172.621,113.568,1026.01,484.755,219.178,111.577,353.91,1759.46,357.168,201.925,44.4516,11.0131,928.301,3633.12,1251.83,718.206,1266.41,315.875,275.361,88.383,222.839,126.278,20.9564,91.1637,878.474,1459.54,948.352,223.552,558.796,1257.88,63.9618,267.831,46.5964,603.273,219.581,294.236,702.516,476.675,200.307,419.572,243.045,432.897,213.961,530.774,1299.13,722.666,261.259,566.479,968.038,423.305,742.121,224.37,42.7791,29.1218,92.2438,484.726,268.599,94.6851,55.7825,251.255,188.799,293.919,588.694,249.484,2738.04,1549.72,24.4374,186.706,61.1653,1295.27,1753.13,165.565,1607.79,1060.35,333.131,222.478,478.346,1664.2,870.335,17.9778,154.063,38.9712,24.051,51.0697,72.2998,84.0795,590.627,1684.36,571.315,230.49,647.428,476.136,255.518,198.196,227.09,14.8725,22.1312,72.5389,39.1217,608.253,1218.36,135.634
169.412789116,226.105,721.027,1326.21,753.223,283.811,23.6372,360.602,1.70092,127.105,155.994,1.08621,512.835,675.598,61.4157,78.7559,1161.36,660.034,179.648,308.598,148.68,127,548.702,282.514,323.858,526.22,1803.73,773.032,492.308,1475.96,328.967,399.628,325.207,366.309,491.317,123.546,107.298,460.224,1460.9,1377.38,172.139,915.76,1757.72,97.4532,513.992,568.416,1928.09,882.731,1087.21,634.261,332.723,574.171,462.395,316.268,384.119,1401.79,743.98,193.755,0.2484,56.1668,684.395,1228.27,474.241,646.569,1069.42,1930.93,332.884,117.658,554.207,601.124,234.92,258.178,376.77,443.599,327.294,333.46,412.013,821.556,603.233,56.0588,220.178,219.073,1048.46,370.038,189.067,139.888,459.279,1921.07,620.293,164.873,4.53105,70.8599,648.68,2326.44,1437.73,776.226,861.71,172,162.147,228.426,330.289,196.822,27.936,102.414,1046.46,1990.62,868.212,204.064,751.996,1197.32,94.9053,248.717,93.3215,747.073,322.653,177.643,451.994,499.393,356.306,292.342,245.845,421.267,270.301,727.021,1051.32,361.314,430.634,649.938,683.252,176.328,731.776,408.952,92.0681,29.4356,73.1402,371.098,331.003,168.192,27.5837,216.796,224.926,249.123,307.644,644.694,2648.1,1380.57,78.1273,179.633,80.2356,938.266,1879.52,654.262,1809.07,956.395,471.15,244.665,390.226,1677.06,754.424,20.0843,137.601,34.7,17.416,52.8683,91.2877,150.338,665.938,1380.11,362.937,308.458,685.593,563.88,306.384,96.2092,229.749,78.6562,24.7589,83.2486,99.3766,555.718,1205.52,166.74
170.898866213,176.375,618.472,1484.28,794.695,219.865,23.4649,363.025,26.1534,196.596,215.525,48.3444,352.111,617.675,185.3,199.618,1366.57,613.144,96.7145,141.329,103.515,144.177,326.325,88.0226,366.514,658.461,1933.24,846.312,340.013,1548.31,519.664,412.754,423.31,507.648,472.023,101.496,143.038,430.434,1012.42,1143.54,271.028,636.515,1551.29,328.204,480.64,914.721,2133.1,1482.79,1305.21,507.471,225.359,541.29,598.258,252.672,222.078,1344.38,814.82,195.329,11.3035,34.2988,411.6,1100.92,785.977,412.317,590.409,1886.03,344.91,117.765,662.888,657.016,114.269,129.194,475.994,597.963,474.508,428.625,145.726,550.817,414.657,167.134,277.771,435.007,1026.86,223.186,134.534,165.644,638.94,1924.03,964.957,153.375,4.72155,109.283,455.656,1398.62,1774.63,967.748,483.116,104.381,96.713,393.744,435.193,276.739,40.3831,112.975,1123.38,2423.53,763.528,154.989,892.138,1074.38,221.876,246.061,272.942,902.536,380.984,87.0057,236.109,494.372,555.285,202.102,222.168,352.567,301.982,1023.07,890.315,202.515,733.962,779.654,370.19,37.5317,690.55,629.531,165.522,27.4966,69.6819,232.319,406.6,262.954,64.1309,205.07,213.644,177.49,129.906,945.088,2668.79,1128.99,193.866,182.679,122.607,608.055,1876.98,1404.06,1856.27,711.513,551.545,270.853,264.455,1641.63,608.04,72.7235,159.474,71.6078,50.2698,68.6842,159.262,246.571,703.886,1053.59,209.401,303.648,710.476,538.612,332.356,23.013,243.03,175.608,57.154,107.609,163.137,435.012,1140.91,306.112
172.384943311,101.732,495.679,1502.03,732.182,144.001,104.013,392.363,108.553,253.452,275.477,153.999,219.476,507.008,402.366,457.253,1489,563.934,72.6208,62.8682,112.002,211.321,174.965,10.9774,400.991,678.258,1920.01,960.244,318.83,1562.91,619.299,430.56,443.297,618.228,469.335,48.452,190.809,301.412,590.906,987.592,240.453,498.432,1419.61,532.471,387.431,1238.39,2132.45,1910.55,1489.78,310.511,127.375,462.804,648.087,187.085,163.479,1241.71,711.188,208.476,31.3676,47.627,196.372,981.93,915.263,253.965,325.617,1755.47,350.184,125.38,747.72,599.934,55.9285,65.974,512.383,719.226,581.346,505.72,12.1242,360.509,234.433,275.256,331.607,689.238,961.485,105.507,75.3914,172.175,794.873,1845.77,1143.61,226.94,12.2664,86.1196,323.993,876.479,2043.24,1084.5,290.513,72.5589,115.665,542.773,485.608,349.756,65.316,105.26,1106.22,2655.75,720.717,127.008,875.506,941.49,337.348,249.763,496.048,1059.95,390.075,50.4067,86.8681,454.701,685.471,192.519,219.172,262.023,310.203,1347.87,813.692,238.124,1076.52,907.956,132.73,14.6287,660.265,818.801,243.097,37.3355,83.6661,95.8985,501.01,342.472,104.717,235.435,143.949,128.305,30.9254,1081.45,2617.02,856.64,286.075,235.162,128.252,393.173,1651.85,2206.73,1763.07,413.936,532.023,303.632,202.072,1567.42,456.203,136.818,211.154,129.14,86.4219,95.0746,250.252,348.305,636.962,779.699,112.759,227.387,719.054,401.044,330.569,10.8982,252.705,289.765,116.027,128.762,203.189,272.96,1052.92,516.717
173.871020408,38.2873,377.399,1378.87,617.904,76.7631,229.856,449.66,195.863,274.144,335.63,254.243,124.713,378.525,678.995,830.918,1477.19,508.837,129.628,103.467,179.643,242.422,90.9028,51.067,410.711,536.812,1806.37,1101.29,481.262,1565.65,527.919,459.578,360.259,671.423,500.625,15.2255,217.235,163.41,269.811,827.211,170.083,402.128,1294.99,615.932,283.104,1367.67,1995.96,1899.03,1667.34,136.618,61.3142,390.049,595.566,133.466,215.028,1104.55,487.523,224.911,45.425,72.7531,61.5116,895.904,828.392,164.54,309.767,1587.75,332.745,145.818,787.219,467.359,43.5719,45.8062,486.178,755.753,596.687,524.613,34.9261,262.723,93.1444,324.688,357.583,899.942,855.564,50.1075,32.6369,152.925,870.012,1662.27,1086.32,358.03,54.3373,70.1354,291.125,747.078,2142.63,949.086,294.803,80.9323,275.662,579.112,482.411,393.24,93.7649,82.1081,999.766,2646.23,787.837,157.021,688.829,817.991,356.08,259.657,660.621,1166.73,400.792,57.2268,14.8519,403.865,682.786,242.37,292.097,235.011,331.702,1590.65,781.505,378.884,1372.06,976.945,24.0506,64.9179,658.944,939.106,286.64,64.086,110.754,14.1524,581.77,422.74,96.4422,295.043,96.864,118.24,0.917149,1061.21,2415.62,635.471,297.931,362.178,67.5118,280.55,1275.85,2818.13,1557.27,168.242,413.724,337.098,286.643,1472.18,307.288,175.232,272.01,193.13,103.286,123.748,330.459,431.241,450.016,597.621,54.8048,139.002,717.069,205.182,316.484,48.1483,249.689,393.977,197.834,129.704,207.832,108.694,981.582,731.311
175.357097506,20.181,284.031,1129.54,533.443,30.7869,361.065,496.639,255.075,257.577,373.81,316.188,64.0389,282.212,922.673,1281.55,1296.52,443.387,264.169,236.446,313.044,252.631,48.6644,171.822,406.687,304.155,1589.23,1230.96,828.02,1512.6,321.253,455.147,242.376,613.896,623.135,56.9476,201.796,90.2001,70.4508,650.084,166.58,331.3,1111.25,598.794,161.574,1349.46,1670.81,1540.03,1739.41,108.945,41.5068,358.627,502.302,86.0949,350.849,925.764,259.096,220.369,56.6795,96.1353,6.68405,862.676,657.188,112.238,483.508,1433.52,271.154,194.384,743.505,331.85,47.1025,41.109,418.697,704.155,501.19,487.555,158.422,233.623,27.0462,310.458,332.06,1009.27,729.658,45.1838,13.4295,105.717,850.1,1372.19,850.723,502.369,132.339,129.097,397.664,987.457,2065.36,605.719,447.257,179.456,496.378,531.57,391.783,420.954,112.506,56.2432,802.938,2456.09,928.658,230.28,437.195,669.355,294.626,246.06,728.174,1162.05,441.634,96.7233,12.2721,369.303,542.632,332.941,430.724,307.964,420.012,1732.41,700.004,523.479,1554.31,987.608,10.3284,127.832,691.524,967.122,274.431,95.8431,157.311,10.3159,652.998,489.024,57.4591,350.724,150.184,159.983,50.9037,875.77,2136.17,486.532,266.926,527.301,24.1286,207.252,887.535,3049.57,1326.8,35.7019,241.825,365.877,496.943,1368.82,187.91,178.901,323.72,236.146,107.293,129.212,389.425,471.905,230.203,478.832,28.9134,117.568,672.692,52.8489,312.862,105.32,216.982,480.094,280.49,104.197,187.558,10.6937,930.043,889.818
176.843174603,35.7491,221.268,831.138,480.187,27.8762,464.47,504.908,262.174,210.99,370.142,331.106,38.2571,223.423,1094.63,1631.82,1065.41,312.541,441.521,426.29,497.996,279.182,43.1173,336.228,402.339,129.665,1241.54,1302.84,1229.59,1392.39,114.202,423.621,124.824,496.213,794.07,221.942,190.853,74.2297,0.831526,507.008,215.197,280.688,880.763,507.672,52.0788,1265.17,1210.7,1038.22,1652.7,241.969,72.7022,435.11,412.02,51.697,472.875,772.316,84.9504,183.616,66.9876,116.289,22.3974,863.811,587.191,86.6216,776.23,1228.27,214.483,219.589,694.974,188.346,59.1175,29.8161,345.65,584.107,312.001,451.327,294.947,223.007,50.0568,290.624,232.148,1049.01,575.516,60.0231,7.2156,69.5012,699.554,1085.2,492.231,659.12,230.159,260.052,604.124,1490.22,1935.29,237.089,717.357,377.503,647.426,465.075,227.163,448.696,106.529,38.218,589.882,2086.79,1106.06,319.329,200.945,508.691,197.43,193.095,709.543,1009.63,498.489,154.359,58.9223,343.447,334.984,426.111,608.394,414.769,602.315,1809.54,513.776,624.105,1569.81,960.785,55.1776,181.464,681.599,927.773,206.827,125.487,214.377,88.7615,710.65,529.625,16.067,391.519,318.805,264.556,169.017,601.386,1800.01,449.264,242.519,678.536,71.8288,152.86,592.206,2908.77,1129.08,1.28523,106.338,359.049,745.672,1264.07,126.793,142.414,369.487,228.455,105.798,99.9403,424.637,463.98,79.3646,410.962,17.6866,156.298,602.173,15.4564,321.006,151.602,167.418,527.591,343.365,63.0753,152.73,15.305,906.827,946.731
178.329251701,67.8748,158.467,589.927,403.285,78.0275,528.057,454.001,223.052,139.573,330.368,297.379,37.8959,195.14,1180.86,1730.24,848.595,140.829,626.637,645.959,652.296,341.714,91.08,509.442,389.426,89.2731,852.887,1242.61,1478.08,1233.08,18.9406,372.166,48.7889,361.807,973.336,498.922,222.213,92.0393,37.4937,410.93,257.919,232.538,656.1,358.288,8.34705,1156.65,755.516,607.13,1398.3,485.442,167.403,583.343,388.113,37.1056,516.759,637.126,10.8289,150.659,56.8172,140.189,87.6267,859.327,687.685,129.925,1050.19,994.518,167.608,192.219,681.612,70.2358,84.1921,25.6859,259.099,440.651,115.963,426.739,364.382,220.466,142.832,293.745,113.866,1056.1,392.83,81.2422,1.74552,46.6337,526.236,776.09,200.946,738.448,381.976,414.662,800.026,2083.02,1859.64,68.5392,998.045,649.873,681.788,377.287,73.0654,485.652,80.0321,22.9874,425.037,1601.46,1227.26,374.951,52.8139,365.219,99.0212,117.641,626.777,748.53,529.475,203.577,109.937,332.367,146.096,475.075,753.248,524.392,836.373,1788.46,313.318,675.157,1399.55,887.317,152.259,195.463,609.638,828.825,130.467,137.274,267.435,220.55,734.069,540.983,0.908744,402.347,571.136,454.035,301.316,343.699,1450.55,476.67,261.858,772.545,219.36,115.566,459.773,2477.16,1025.09,12.701,42.6417,299.873,954.333,1140.07,117.749,104.884,375.047,192.301,86.212,59.5186,418.282,446.42,47.6884,363.215,20.6392,212.39,531.247,88.9363,336.797,175.839,120.63,522.46,365.265,27.6393,124.605,104.02,892.79,901.483
179.815328798,100.311,78.2138,438.543,286.12,170.635,549.425,345.138,164.107,65.1213,267.036,233.195,50.5552,174.71,1168.85,1550.36,653.637,21.2386,774.448,854.878,684.99,431.835,210.658,619.748,380.564,168.216,510.083,1042.36,1453.03,1035.45,96.099,327.59,17.8236,243.747,1147.66,796.019,292.387,126.762,129.545,347.602,247.496,159.507,473.848,212.224,37.0757,1028.68,471.056,362.167,1009.63,754.065,344.334,710.886,412.531,69.1712,457.948,508.002,58.9516,146.126,26.6671,173.44,150.957,830.857,923.141,308.964,1125.86,797.238,111.129,132.627,706.225,36.8608,130.54,61.1295,152.493,329.721,13.0426,400.984,335.147,222.929,244.428,311.156,88.6389,1039.07,217.922,104.385,1.56405,24.7345,391.244,514.974,41.3709,698.045,582.799,527.199,888.11,2564.39,1918.62,169.937,1142.95,966.44,593.768,281.523,5.79032,545.291,63.6186,5.91345,324.26,1096.23,1220.26,358.714,2.91981,273.294,26.7961,43.9234,524.137,454.438,509.92,231.207,126.171,331.998,33.1913,478.388,793.033,598.728,1017.18,1649.35,214.41,689.509,1108.8,730.621,307.46,159.074,508.698,689.474,76.2256,114.191,325.706,354.299,677.017,544.537,29.6297,352.225,843.935,764.32,375.541,198.325,1108,499.373,314.163,788.695,428.503,110.237,448.119,1896.98,1028.44,23.2035,32.2744,202.565,1045.53,1009.16,125.1,88.5284,337.437,140.099,57.7771,24.2753,373.479,458.817,115.14,311.496,41.4883,256.955,477.419,178.145,371.88,192.287,105.842,459.961,335.676,22.1745,111.776,208.179,879.666,770.729
181.301405896,122.445,13.3887,349.479,166.2,251.412,544.623,205.028,115.6,15.0088,183.752,173.844,53.5807,150.733,1062.47,1189.99,474.656,16.3742,852.664,1007.73,563.868,529.06,379.24,610.969,387.969,291.094,261.628,779.679,1160.94,823.766,299.053,301.958,20.9965,177.553,1280.69,1030.59,342.525,167.734,235.275,277.47,205.506,63.7026,339.976,119.244,91.8702,885.757,443.18,280.903,604.233,934.727,562.603,763.027,435.745,157.186,327.013,381.757,187.157,178.463,17.0442,216.282,159.141,787.784,1193.57,613.181,983.172,619.175,70.925,101.095,717.77,136.109,215.382,167.618,58.8597,270.883,40.4758,365.186,236.982,214.748,305.456,332.766,207.38,995.161,107.247,126.638,22.2549,3.27513,312.879,322.95,8.95345,587.01,735.618,600.02,783.986,2828.38,2104.41,409.976,1123.52,1247.47,430.974,193.427,61.1166,612.898,111.73,3.25766,254.379,670.628,1060.81,288.931,15.4727,230.883,10.1737,3.00706,434.832,210.558,437.052,246.274,102.444,329.263,15.7543,456.456,703.701,604.335,1035.57,1419.88,259.128,702.9,786.154,518.558,492.843,101.329,416.379,548.073,42.8466,75.0516,384.898,421.454,559.53,519.209,97.0567,268.973,1026.43,1208.61,396.728,172.683,784.134,480.994,335.057,756.883,605.64,155.481,462.133,1317.64,1054.48,35.0755,49.7,107.077,994.368,878.336,118.37,92.0127,268.028,90.6271,36.6062,2.64036,299.412,510.532,233.737,237.462,77.7208,291.563,432.498,205.262,432.578,225.889,128.505,365.472,255.232,64.0037,113.785,252.282,863.033,588.093
182.787482993,137.585,8.80412,313.018,68.2995,262.851,525.631,93.1143,91.0286,4.58162,95.7209,134.775,39.3854,102.088,939.289,752.862,342.183,101.342,843.195,1091,334.925,617.803,512.546,521.203,376.647,374.352,122.09,596.893,708.442,634.602,480.577,328.209,34.4784,191.906,1297.28,1147.93,361.901,167.766,358.602,187.198,183.69,16.1459,229.189,85.7599,79.364,850.585,585.977,245.957,289.854,976.146,787.404,660.913,472.046,242.251,202.951,233.307,352.44,256.612,72.6384,232.555,135.372,666.375,1498.19,929.71,686.518,464.442,53.2421,116.876,660.336,386.98,377.117,318.897,30.0745,229.082,173.254,350.692,111.809,187.014,301.441,364.743,377.774,959.249,95.5023,154.183,60.9563,3.78076,259.18,191.089,53.9557,527.693,669.884,695.909,457.514,3004.73,2288.22,555.838,1085.73,1262.01,341.064,119.281,251.232,654.837,210.212,34.0787,223.324,354.487,818.891,206.381,62.8688,188.396,55.7904,8.44462,425.233,49.0708,337.876,248.013,47.4671,352.984,85.245,383.239,572.977,475.317,941.24,1053.86,447.579,785.627,474.795,310.68,650.05,75.5116,405.013,390.501,31.5237,57.5598,400.112,433.718,371.237,509.707,141.267,203.315,1008.97,1729.93,489.092,206.847,500.321,422.269,294.726,701.263,638.153,281.349,395.516,884.283,956.594,94.8194,87.75,55.9333,842.284,734.478,93.8518,100.438,184.085,66.9165,22.8257,5.76162,212.424,565.441,367.377,138.162,128.086,304.343,389.87,155.201,495.973,312.912,185.921,246.167,160.261,133.056,133.95,206.827,833.377,408.878
184.273560091,161.548,98.6348,312.823,9.07293,207.964,478.322,73.549,94.6186,28.1149,30.1445,122.258,19.3765,37.3469,840.427,401.213,250.054,195.391,761.86,1115.83,103.995,705.427,524.334,409.305,316.02,392.028,95.0367,532.119,320.168,464.55,538.995,381.482,63.7243,258.393,1236.16,1059.49,380.081,109.369,510.147,136.926,211.182,123.551,183.924,86.8906,14.441,922.251,767.517,203.379,109.235,881.594,957.904,441.312,509.187,266.548,113.088,102.05,500.423,400.205,180.225,205.821,97.3796,511.668,1770.15,1134.16,366.187,361.398,31.0693,138.221,552.496,725.133,642.192,467.531,54.9287,198.32,360.073,356.395,24.3904,137.955,254.128,394.281,488.86,914.148,207.505,195.392,104.399,21.908,206.747,141.255,82.8642,559.394,399.597,831.6,101.87,3196.91,2405.11,497.837,1061.62,987.124,347.96,116.342,528.131,673.945,279.624,102.162,219.739,206.765,594.978,123.223,121.42,135.082,133.156,65.9277,489.642,29.3787,237.625,217.24,4.67787,401.91,233.469,268.895,441.301,257.133,792.155,624.225,692.211,907.573,250.653,149.515,731.488,143.847,457.908,254.947,29.5282,56.7156,371.939,389.377,187.184,509.794,132.422,158.955,822.953,2172.04,814.018,233.175,314.772,355.444,247.846,588.987,547.026,459.073,241.529,584.274,749.247,214.677,138.038,79.6046,664.207,550.941,83.2126,117.353,96.8453,68.0922,29.4808,42.5977,118.273,604.221,473.398,52.8042,174.334,280.764,337.864,67.641,553.849,461.42,239.723,138.63,74.2508,198.806,172.107,111.665,777.176,281.809
185.759637188,193.088,254.397,352.137,7.26713,118.875,409.566,152.703,129.76,71.6047,11.3387,132.712,19.3834,1.97224,762.626,231.948,192.053,229.625,655.69,1082.37,0.994172,767.426,429.484,294.599,229.748,343.811,197.533,544.421,119.049,313.561,461.068,427.706,129.408,362.444,1071.89,828.809,374.068,37.433,674.774,239.964,344.583,410.391,231.927,126.222,18.0222,1052.02,887.995,132.446,28.3553,753.825,972.232,226.164,505.114,240.014,58.895,22.1938,593.151,605.824,302.982,145.952,61.0497,382.735,1949.88,1162.46,128.526,318.26,4.84712,132.284,438.845,1031.83,965.712,598.259,96.6621,168.263,543.086,388.592,6.4635,82.8248,181.93,422.528,460.443,874.031,376.91,243.9,147.223,42.0079,156.369,153.326,76.8285,666.025,123.9,952.318,16.4724,3438.12,2434.91,293.422,1016.84,584.565,422.502,208.548,795.889,665.592,274.355,214.469,240.168,224.174,463.38,50.5841,166.244,79.2849,215.037,195.524,581.989,134.175,166.861,153.341,22.089,485.946,388.508,156.948,316.202,67.5267,637.39,254.41,895.839,983.287,145.972,70.0465,696.398,354.154,535.417,154.966,24.9236,60.1504,313.092,310.415,63.7509,519.728,81.553,134.59,566.768,2411.03,1374.92,272.639,269.409,361.207,255.48,419.4,417.671,604.146,91.329,384.615,492.798,356.23,195.196,188.324,495.579,355.241,121.142,141.736,33.0214,81.1239,60.586,99.7258,41.2499,629.804,535.599,7.15898,195.737,220.587,275.094,8.88299,603.256,643.164,253.933,64.8099,19.6974,234.068,230.436,46.1795,686.293,215.151
187.245714286,224.913,420.469,415.998,68.225,41.5833,344.917,284.103,191.064,124.594,38.2989,164.764,60.418,40.0133,691.443,225.532,174.042,192.34,547.003,1027.88,73.7954,770.575,302.651,196.585,153.072,263.922,425.498,575.095,66.0389,205.068,308.735,433.771,252.139,476.36,807.335,559.841,325.235,3.1694,847.749,570.25,626.985,821.085,367.184,219.061,163.151,1199.49,906.712,61.2649,6.49766,647.165,835.411,73.7048,469.923,199.375,35.5102,7.53664,628.672,817.115,413.639,74.1892,41.3673,329.481,1975.63,1061.71,19.6441,296.226,11.2712,107.98,340.176,1247.9,1215.62,706.171,137.211,123.013,709.957,441.067,37.4417,45.8125,117.767,438.807,307.225,837.886,515.645,280.751,189.063,55.1755,107.353,212.596,99.9158,816.492,9.22157,1023.59,354.608,3687.72,2413.93,98.7917,913.945,247.441,485.307,391.53,996.23,597.713,213.538,344.872,308.104,342.441,407.752,24.1671,190.517,32.3945,288.06,400.083,653.455,287.175,134.367,92.0606,142.029,589.377,470.355,74.6568,217.068,3.71501,517.433,40.7748,995.259,972.005,120.725,52.2404,583.428,672.079,606.481,86.3565,17.8778,57.2237,237.633,231.523,34.0774,520.625,48.4213,116.23,332.916,2434.47,2013.1,381.905,373.592,469.432,349.908,256.861,308.889,640.578,21.7934,273.86,245.506,474.202,255.388,336.183,375.086,186.996,232.564,171.958,8.16153,91.9475,110.835,159.119,1.98845,659.619,564.503,3.18334,189.229,142.615,205.561,29.9347,651.805,794.743,224.471,23.4636,0.692241,236.848,302.36,76.2166,583.097,169.475
188.731791383,251.364,545.608,478.476,161.384,9.14124,310.02,408.051,252.998,178.67,104.453,226.491,127.411,134.799,630.432,303.513,192.977,125.815,426.497,998.946,266.208,693.959,222.726,140.947,104.128,202.691,708.372,598.696,73.2018,160.417,160.871,390.366,420.942,555.841,499.891,339.123,232.564,54.13,1043.72,1058.66,1031.57,1245.25,583.844,359.331,400.392,1302.22,867.345,14.0896,31.1305,536.658,650.526,10.0314,415.022,184.277,29.4327,50.8807,647.34,919.403,505.936,20.6813,47.8735,360.42,1792.18,954.855,17.5795,266.201,79.9044,87.7146,279.486,1354.39,1269.46,764.066,180.325,82.1053,854.296,512.344,72.2647,31.0684,102.742,417.073,134.643,769.971,581.801,285.96,212.986,68.6605,76.9636,308.828,231.2,928.621,115.911,1102.66,1037.91,3752.76,2415.06,82.4914,757.365,59.5469,482.567,630.819,1068.14,489.803,132.015,437.919,423.026,484.71,387.778,61.8631,197.942,6.35009,368.461,624.429,666.377,414.579,136.641,77.7618,345.307,685.898,449.32,33.532,161.633,73.8989,444.642,13.1103,1009.7,853.562,134.955,41.2803,493.525,945.141,661.253,54.9314,16.8181,53.8023,148.072,180.295,99.1752,488.046,74.6007,101.452,191.923,2286.08,2490.42,599.505,576.255,660.65,499.227,171.529,234.365,573.728,54.9789,220.764,75.3152,531.105,303.509,443.566,326.677,113.723,384.468,208.315,18.7806,95.6784,157.226,218.071,26.7886,695.835,556.631,38.6288,165.24,74.4682,130.003,131.248,726.305,836.048,178.86,4.63911,3.68397,234.336,368.342,195.654,496.817,112.393
190.217868481,264.599,569.709,551.564,219.968,22.6542,325.908,470.45,286.059,234.474,184.483,299.238,209.277,238.572,544.078,409.092,229.387,70.7523,314.497,1017.06,419.456,602.433,210.299,114.934,97.5441,198.222,935.424,623.772,73.7231,160.539,79.0157,340.011,586.314,536.24,246.603,203.065,113.569,228.053,1253.58,1491.31,1497.69,1584.61,775.928,516.176,663.626,1267.48,828.679,5.97988,105.596,390.679,490.411,49.4757,330.091,206.467,45.2811,126.34,639.823,877.524,546.666,28.7951,85.5316,402.675,1462.25,913.296,54.7942,231.238,213.269,83.1485,268.379,1329.18,1112.53,737.756,242.972,91.0379,919.954,610.182,89.0911,22.6675,139.39,373.568,31.8508,658.473,560.225,244.088,216.287,77.211,75.8384,436.478,505.601,934.023,363.464,1248.86,1772.88,3477.51,2459.41,327.329,570.28,0.900811,442.147,820.729,999.009,378.697,63.2622,447.892,565.537,557.451,384.241,147.671,176.851,20.6489,464.068,788.59,600.822,475.222,166.145,112.549,565.486,795.255,305.268,56.3163,164.635,175.706,407.765,160.96,963.056,671.571,146.161,20.3142,432.362,1076.02,683.508,64.4011,20.0785,65.4431,68.3736,167.009,210.399,401.714,175.542,96.9198,179.64,1951.89,2713,862.348,752.965,916.341,627.012,151.233,213.607,450.407,138.171,222.172,19.262,527.347,306.157,480.538,347.168,151.584,520.766,242.731,49.0105,99.7894,173.005,261.432,144.803,721.86,491.65,112.135,122.571,35.3025,72.8145,274.978,793.768,757.624,136.609,0.334936,12.7157,241.328,415.249,351.915,428.301,55.9873
191.703945578,236.884,512.223,602.728,220.477,63.1145,377.938,474.307,257.037,295.514,251.207,330.991,309.885,313.309,410.497,507.553,240.495,42.5794,283.787,1038.22,439.116,508.347,280.777,109.43,96.633,252.118,1034.34,647.189,53.935,174.277,82.9014,342.857,664.624,438.413,85.9335,133.165,43.1114,493.238,1432.4,1682.8,1872.4,1790.48,833.687,639.945,890.621,1048.56,802.583,62.9694,215.957,225.107,371.222,147.641,239.179,242.985,77.0535,186.021,605.762,708.361,517.937,113.961,165.004,376.474,1101.84,951.971,67.1239,210.505,380.884,109.311,277.105,1186.79,823.964,624.434,336.504,168.011,891.199,681.127,98.4892,14.9919,216.864,336.514,28.0134,506.071,477.47,162.427,202.637,76.8686,98.3669,581.057,865.195,855.015,578.529,1447.45,2251.86,2834.99,2511.33,739.173,395.667,21.8604,399.204,849.952,847.671,281.182,20.9848,394.071,675.363,529.463,363.129,239.765,145.18,66.5496,551.497,869.624,444.627,473.091,202.469,171.374,758.757,875.798,135.617,135.375,207.776,225.125,378.531,421.154,891.915,457.556,135.439,5.9474,367.979,1069.06,638.393,96.1057,31.9415,114.314,35.4485,182.276,304.367,285.067,316.161,125.39,236.448,1500.61,2663.78,1047.72,833.818,1159.91,663.135,156.905,253.568,330.345,191.715,260.95,95.9917,496.986,236.863,463.494,395.662,265.075,617.72,254.361,72.8744,114.732,140.87,289.446,344.731,712.725,369.756,202.604,79.7804,19.5889,53.2737,414.56,793.393,612.455,101.242,2.45399,22.4466,251.22,428.86,480.925,377.841,13.8137
193.190022676,168.195,414.071,600.252,176.103,109.842,445.49,425.503,178.673,344.837,279.092,307.834,407.08,334.817,255.543,568.445,216.598,30.3919,333.387,1041.09,324.137,427.351,380.08,111.486,76.5459,337.866,991.872,650.358,31.5719,181.012,162.731,413.708,611.858,302.222,31.6999,106.392,64.5994,763.164,1519.88,1558.48,2021.59,1825.82,721.17,694.635,1008.03,709.971,761.26,193.366,319.989,89.4339,297.867,228.272,163.788,258.21,120.457,194.485,543.852,475.751,428.232,252.328,291.916,266.312,804.249,1021.4,47.0509,233.721,530.952,164.737,262.023,979.304,523.733,465.93,447.659,294.046,771.038,682.314,118.353,16.6962,304.349,328.258,80.4459,349.793,365.587,74.4903,176.623,65.6166,136.068,731.534,1169.51,740.288,629.014,1648.83,2292.25,1959.32,2481.6,1120.88,271.912,62.5529,369.059,709.997,651.622,211.631,13.0271,305.396,708.263,419.233,314.548,296.95,113.623,109,623.152,856.023,250.131,421.688,224.446,217.169,902.11,899.593,27.8153,232.709,283.922,195.152,347.504,679.757,802.244,252.07,108.326,4.00819,299.419,949.21,534.936,122.996,59.1473,185.012,70.7979,235.97,340.661,171.833,432.72,205.1,271.957,1053.91,2393.75,1047.51,797.871,1311.08,608.084,153.663,308.669,243.379,176.854,333.944,267.896,461.35,120.203,405.93,423.681,405.984,652.666,240.845,77.3461,133.296,82.4363,293.847,569.001,662.758,225.171,269,58.7665,15.083,78.3768,506.644,699.451,446.663,78.8907,5.53963,33.2562,249.012,395.856,526.357,345.221,0.920809
194.676099773,92.9803,308.102,539.745,115.294,144.446,494.651,353.656,89.5227,364.844,257.157,242.31,467.69,307.118,126.994,558.591,194.666,21.2157,408.191,1000.47,173.5,357.573,452.051,107.532,50.9929,390.13,865.19,592.308,34.0511,186.943,276.309,510.999,468.681,167.669,51.1565,112.13,169.878,952.398,1476.86,1175.68,1883.34,1689.45,486.66,676.072,965.787,380.194,670.355,380.602,384.553,24.5846,263.256,246.02,102.189,244.594,158.82,159.007,439.291,271.597,308.028,394.467,430.844,145.785,604.849,1054.02,41.699,302.909,623.917,236.611,192.226,770.776,311.773,307.847,562.704,411.961,589.602,597.548,162.655,36.1659,373.037,343.919,126.447,222.347,260.499,14.1683,140.186,50.766,169.935,855.406,1325.56,597.206,513.206,1771.19,1924.18,1089.62,2284.15,1320.25,199.014,74.1307,364.277,470.46,438.608,180.962,23.5129,219.717,641.538,286.399,235.224,310.591,81.1006,127.394,668.773,757.718,86.2658,350.44,211.219,234.827,947.178,896.84,7.93906,312.453,373.784,118.523,311.297,844.117,680.296,103.002,80.4986,13.8058,222.335,768.271,407.863,119.474,102.137,257.195,157.221,326.282,327.319,81.2247,496.13,331.703,234.527,691.648,2004.16,837.73,682.614,1290.57,527.526,117.447,342.897,186.772,120.959,426.079,449.217,422.924,26.255,315.668,406.014,501.779,633.368,203.979,65.6549,142.007,29.6704,281.263,741.146,585.34,96.7398,284.964,67.9363,20.9391,133.212,529.274,524.776,302.953,62.778,5.50057,44.828,232.471,311.832,478.668,320.66,19.6636
196.162176871,38.8302,219.186,445.381,61.7891,156.252,501.672,282.923,32.5091,346.421,197.455,163.377,460.37,261.083,49.5419,488.051,195.01,14.7135,466.308,896.524,96.5297,292.817,472.444,98.1727,33.49,374.635,691.498,473.142,72.2904,193.147,373.87,573.301,315.645,71.2968,96.2779,138.11,307.735,1038.71,1266.13,709.972,1503.13,1411.22,253.081,565.687,820.24,137.847,533.66,566.91,416.237,36.2289,243.234,217.254,48.2552,216.396,171.128,104.706,310.828,140.209,194.186,495.944,529.272,90.1234,501.282,1016.89,97.1701,377.97,661.874,287.358,103.237,570.984,222.61,219.052,629.076,474.184,381.122,461.293,214.273,77.3711,406.514,360.312,131.978,130.171,178.923,3.48832,105.309,30.0501,189.433,898.763,1318.31,430.642,345.059,1689.05,1394.76,437.735,1888.95,1316.7,158.47,62.5806,340.777,252.064,246.489,167.316,27.7288,159.939,507.447,170.471,152.354,282.791,53.2807,123.026,658.8,617.17,7.39478,271.628,168.009,213.919,890.52,863.441,75.2884,368.357,430.367,56.5269,269.023,876.619,537.748,24.7535,59.488,25.025,156.337,568.374,282.746,86.3881,149.375,315.033,264.369,417.35,301.082,30.9277,504.855,457.885,156.376,446.139,1551.98,551.49,495.172,1144.03,438.804,62.8937,343.537,152.034,84.0901,489.084,583.733,371.249,0.363325,219.65,333.389,509.6,566.828,158.766,44.4355,135.458,5.83636,265.618,797.049,500.501,16.5359,261.94,97.4733,38.2938,190.809,485.125,329.31,184.366,54.0405,3.79175,60.4816,194.522,203.182,369.204,290.461,54.5346
197.648253968,19.7773,162.468,340.724,31.66,145.128,457.175,230.835,25.6918,289.545,131.802,92.8286,394.268,212.408,30.972,395.144,201.252,22.0043,479.216,745.181,112.106,247.945,430.718,91.8023,26.2126,313.155,485.501,337.745,120.58,192.775,427.763,550.608,210.444,20.6819,129.131,173.991,420.803,1010.26,942.836,311.269,1032.54,1058.93,97.617,412.149,621.64,24.6432,399.17,660.753,424.536,95.4867,226.671,169.79,12.9907,181.001,151.053,48.3785,203.737,73.2658,117.027,529.166,557.299,117.195,460.686,915.498,208.29,419.092,654.204,282.737,34.1957,404.498,221.103,209.54,610.317,453.322,198.7,314.798,241.913,134.134,397.279,350.49,101.155,67.3088,127.606,29.0382,76.479,9.82277,189.017,848.475,1147.72,298.028,214.818,1388.12,919.001,102.152,1385.8,1150.08,141.589,52.3911,271.597,109.462,118.835,142.424,21.1001,120.751,360.851,94.9314,87.6179,231.484,34.5947,108.655,577.709,478.684,15.7652,196.986,114.138,160.576,755.676,786.93,194.129,397.024,428.105,35.9992,235.114,776.491,407.266,4.11383,45.2764,23.2411,112.104,385.889,178.342,45.1239,181.976,338.732,360.259,471.082,272.356,37.4743,472.927,516.86,89.93,314.726,1112.12,310.16,293.69,928.275,350.325,20.8531,311.435,138.928,86.9311,496.901,628.745,314.003,26.4126,143.273,224.258,430.944,463.534,120.352,23.3176,118.942,12.3327,248.485,733.935,413.087,2.64897,219.669,131.052,61.5365,228.881,389.909,171.816,94.0091,50.5487,4.05147,71.9186,145.155,101.06,243.172,250.285,81.5633
199.134331066,29.0225,136.504,243.265,26.5406,121.011,371.544,195.468,56.0089,215.447,80.5896,47.8051,296.11,172.303,55.1719,303.149,195.358,51.1357,430.638,580.966,170.132,224.903,345.08,87.5814,30.543,229.875,289.523,215.388,144.373,189.372,406.271,459.494,151.781,8.19488,134.245,206.41,460.114,874.531,606.622,69.5203,616.642,715.269,42.8267,270.967,428.829,21.8346,296.445,618.559,408.927,156.684,210.086,122.903,5.33762,141.248,110.047,10.6803,122.248,57.7042,91.8133,475.07,512.823,188.444,450.375,751.87,332.34,419.188,589.182,231.802,6.91405,276.982,245.088,241.643,510.205,354.859,80.9048,186.374,233.223,184.664,349.933,301.242,60.1345,30.3446,96.4081,56.9375,57.0978,1.18017,166.732,713.493,882.994,216.243,155.816,988.863,582.713,38.4366,913.303,888.832,136.691,51.5759,185.455,39.7978,51.6632,105.461,8.72533,90.676,238.396,62.5536,53.6028,172.222,27.6513,93.9913,445.507,362.135,67.5718,141.722,63.9309,97.8111,579.236,666.157,303.989,387.687,377.556,49.678,215.802,589.49,308.39,13.625,33.8554,10.9437,76.3628,246.287,107.934,14.4161,182.32,327.339,403.48,463.174,246.524,85.0862,417.376,474.09,72.0862,259.986,733.929,177.209,163.11,671.395,278.556,18.2301,245.753,145.17,114.768,450.56,564.379,266.773,64.4457,90.045,117.24,299.237,345.287,91.806,15.2248,96.1675,35.2429,231.544,583.732,332.806,35.2205,174.632,150.016,85.945,230.119,272.764,75.2493,38.2033,43.9178,8.86829,70.365,96.6656,31.3067,136.278,202.551,83.7411
200.620408163,47.753,118.516,164.43,38.0113,98.5746,263.554,169.197,89.1872,149.366,50.1937,31.1452,193.732,146.125,88.8295,220.988,169.233,93.3581,335.987,422.918,213.288,208.33,245.428,80.7932,40.5849,144.525,147.184,118.087,126.12,176.648,319.448,334.027,121.391,18.9311,115.71,214.033,423.635,647.103,348.553,0.189681,327.986,427.765,69.4214,175.797,278.991,67.5407,225.661,479.718,357.162,190.141,179.899,92.1533,18.7442,97.934,67.2022,0.850508,70.4569,59.6333,97.1837,362.251,413.853,250.122,413.318,574.13,392.233,394.667,455.122,173.751,19.2279,188.14,238.208,259.219,373.265,226.489,19.6807,100.33,194.251,204.027,276.936,218.583,36.8166,14.679,71.8194,66.8574,45.4501,5.23652,135.065,521.203,606.644,175.785,158.329,612.811,386.251,112.209,565.608,596.631,136.406,53.1998,114.869,19.8137,24.9353,64.7559,4.6918,61.45,147.509,58.8284,49.3337,114.043,29.9174,81.5919,303.107,267.91,109.203,104.091,30.5265,56.5046,393.547,514.535,348.713,347.546,293.425,81.4412,192.378,398.468,226.575,30.3651,23.4584,2.38327,47.3281,146.455,69.1587,6.97301,146.343,286.602,375.204,392.826,224.974,134.97,339.871,361.703,96.9407,229.191,445.923,140.479,126.577,422.908,220.009,45.1144,176.558,147.608,141.607,361.037,427.36,222.645,83.5466,53.0935,45.6739,168.966,224.731,76.6979,21.2283,70.8553,59.6609,203.066,405.944,260.841,76.815,136.177,140.636,106.426,189.168,168.333,31.4989,11.4419,32.5409,17.3925,55.8072,54.357,3.63016,70.5839,138.802,70.5934
202.106485261,58.4334,94.287,104.459,51.592,83.9451,162.71,137.795,99.7098,96.2886,38.7528,34.1644,113.623,118.036,104.031,149.608,133.051,120.665,231.889,282.642,206.784,177.129,155.248,72.0291,48.2536,76.4726,61.3026,50.7842,84.1352,141.257,212.772,210.252,98.0069,34.2858,89.0737,185.858,332.115,397.673,191.688,25.8425,167.356,233.414,110.734,125.968,171.093,105.102,175.117,312.243,275.991,181.037,136.622,70.6355,34.6627,61.397,39.1939,7.65529,40.442,56.8124,101.996,240.169,294.904,260.467,332.273,405.971,356.024,335.554,298.444,130.691,43.1381,125.697,194.205,229.433,240.524,122.362,3.60944,50.0106,138.886,177.863,195.211,134.855,30.3997,11.5162,49.5886,58.2259,35.4069,14.3328,108.168,325.527,359.349,166.555,170.329,341.922,272.02,183.602,338.019,343.304,134.302,56.1538,64.5515,19.5779,18.1145,34.0802,11.3233,40.4475,84.3451,57.8095,51.3108,68.4249,36.9524,72.4614,181.273,185.055,115.273,74.2389,19.0997,46.0026,234.39,351.603,312.993,275.525,204.098,107.396,159.449,240.585,152.811,42.4005,15.5344,3.09129,30.226,79.1556,46.7345,15.7825,99.933,218.253,291.109,287.108,192.056,155.694,249.666,237.903,128.305,187.757,253.13,136.816,129.828,237.918,166.758,74.2969,117.923,130.641,146.75,252.311,276.81,169.729,76.9805,26.3145,12.2396,79.8014,124.096,65.266,29.4568,48.8577,71.231,159.323,250.068,190.663,97.9065,102.074,111.017,108.458,129.424,92.8041,17.1469,3.43385,20.0563,23.7783,37.5142,26.6139,0.557926,36.1621,78.6209,52.411
203.592562358,51.5835,65.1915,62.7774,52.8582,65.9179,91.27,96.2546,81.7864,58.3201,34.3561,36.3597,63.4123,82.4907,88.9843,93.7674,95.4492,109.52,145.115,167.696,155.114,125.598,90.1825,57.4449,43.0819,35.3013,18.8259,14.8068,42.4275,87.1773,120.255,114.082,71.8355,41.4781,63.3574,134.665,208.043,203.479,114.063,57.1648,90.1775,122.716,107.187,95.6532,100.04,102.993,131.37,174.759,177.647,137.688,90.0493,53.1319,38.0265,36.2293,24.8057,14.7152,24.0838,46.1725,85.4352,142.634,185.304,205.708,230.67,255.756,258.013,233.442,174.369,95.4492,55.5215,81.1583,131.561,158.376,133.513,62.725,9.53855,26.4274,82.6994,120.673,116.997,75.1647,27.2782,13.3703,30.0028,39.8878,25.5338,21.3217,80.2108,169.218,188.455,147.634,146.06,181.19,183.567,177.567,195.42,176.236,106.997,54.2009,34.0239,20.6823,16.0625,17.3593,16.9747,28.1511,44.6722,47.3087,43.6236,39.8476,38.0502,59.407,97.6616,111.513,88.2008,48.0802,19.5918,43.9111,127.545,204.396,219.378,184.01,132.038,102.852,117.041,128.751,92.4117,39.9679,11.0633,6.30498,21.3279,38.5712,31.8148,24.7444,63.9646,136.459,186.069,179.56,144.051,138.179,156.725,146.299,124.381,133,138.504,117.018,114.07,129.289,111.719,79.4669,77.0402,95.071,121.657,152.282,153.052,109.829,52.7851,10.2989,2.64058,33.0275,59.0158,48.9897,30.4795,33.6176,61.5519,106.69,137.167,122.514,87.4635,71.9799,76.354,83.151,76.1284,46.2922,13.4399,3.43211,11.544,20.8026,22.7856,12.9777,5.20852,19.4184,38.0328,33.3942